<?xml version="1.0"?>
<link_info>
   <banner>TI ARM Linker PC v5.2.4</banner>
   <copyright>Copyright (c) 1996-2015 Texas Instruments Incorporated</copyright>
   <link_time>0x575f207d</link_time>
   <link_errors>0x0</link_errors>
   <output_file>HeapFixedBlock_MSP432asm.out</output_file>
   <entry_point>
      <name>_c_int00</name>
      <address>0x361</address>
   </entry_point>
   <input_file_list>
      <input_file id="fl-2">
         <path>.\</path>
         <kind>object</kind>
         <file>Heap.obj</file>
         <name>Heap.obj</name>
      </input_file>
      <input_file id="fl-3">
         <path>.\</path>
         <kind>object</kind>
         <file>HeapTestMain.obj</file>
         <name>HeapTestMain.obj</name>
      </input_file>
      <input_file id="fl-4">
         <path>.\</path>
         <kind>object</kind>
         <file>msp432_startup_ccs.obj</file>
         <name>msp432_startup_ccs.obj</name>
      </input_file>
      <input_file id="fl-12a">
         <path>C:\ti\ccsv6\tools\compiler\ti-cgt-arm_5.2.4\lib\</path>
         <kind>archive</kind>
         <file>rtsv7M4_T_le_v4SPD16_eabi.lib</file>
         <name>boot.obj</name>
      </input_file>
      <input_file id="fl-12b">
         <path>C:\ti\ccsv6\tools\compiler\ti-cgt-arm_5.2.4\lib\</path>
         <kind>archive</kind>
         <file>rtsv7M4_T_le_v4SPD16_eabi.lib</file>
         <name>exit.obj</name>
      </input_file>
      <input_file id="fl-12c">
         <path>C:\ti\ccsv6\tools\compiler\ti-cgt-arm_5.2.4\lib\</path>
         <kind>archive</kind>
         <file>rtsv7M4_T_le_v4SPD16_eabi.lib</file>
         <name>pre_init.obj</name>
      </input_file>
      <input_file id="fl-12d">
         <path>C:\ti\ccsv6\tools\compiler\ti-cgt-arm_5.2.4\lib\</path>
         <kind>archive</kind>
         <file>rtsv7M4_T_le_v4SPD16_eabi.lib</file>
         <name>stkdepth_vars.obj</name>
      </input_file>
      <input_file id="fl-12e">
         <path>C:\ti\ccsv6\tools\compiler\ti-cgt-arm_5.2.4\lib\</path>
         <kind>archive</kind>
         <file>rtsv7M4_T_le_v4SPD16_eabi.lib</file>
         <name>_lock.obj</name>
      </input_file>
      <input_file id="fl-12f">
         <path>C:\ti\ccsv6\tools\compiler\ti-cgt-arm_5.2.4\lib\</path>
         <kind>archive</kind>
         <file>rtsv7M4_T_le_v4SPD16_eabi.lib</file>
         <name>args_main.obj</name>
      </input_file>
      <input_file id="fl-130">
         <path>C:\ti\ccsv6\tools\compiler\ti-cgt-arm_5.2.4\lib\</path>
         <kind>archive</kind>
         <file>rtsv7M4_T_le_v4SPD16_eabi.lib</file>
         <name>autoinit.obj</name>
      </input_file>
      <input_file id="fl-131">
         <path>C:\ti\ccsv6\tools\compiler\ti-cgt-arm_5.2.4\lib\</path>
         <kind>archive</kind>
         <file>rtsv7M4_T_le_v4SPD16_eabi.lib</file>
         <name>cpy_tbl.obj</name>
      </input_file>
      <input_file id="fl-132">
         <path>C:\ti\ccsv6\tools\compiler\ti-cgt-arm_5.2.4\lib\</path>
         <kind>archive</kind>
         <file>rtsv7M4_T_le_v4SPD16_eabi.lib</file>
         <name>memcpy_t2.obj</name>
      </input_file>
   </input_file_list>
   <object_component_list>
      <object_component id="oc-10">
         <name>.intvecs</name>
         <load_address>0x0</load_address>
         <run_address>0x0</run_address>
         <size>0x144</size>
         <input_file_ref idref="fl-4"/>
      </object_component>
      <object_component id="oc-61">
         <name>.text</name>
         <load_address>0x144</load_address>
         <run_address>0x144</run_address>
         <size>0x9c</size>
         <input_file_ref idref="fl-132"/>
      </object_component>
      <object_component id="oc-14">
         <name>.text</name>
         <load_address>0x1e0</load_address>
         <run_address>0x1e0</run_address>
         <size>0x9a</size>
         <input_file_ref idref="fl-4"/>
      </object_component>
      <object_component id="oc-4f">
         <name>.text</name>
         <load_address>0x27c</load_address>
         <run_address>0x27c</run_address>
         <size>0x78</size>
         <input_file_ref idref="fl-3"/>
      </object_component>
      <object_component id="oc-30">
         <name>.text</name>
         <load_address>0x2f4</load_address>
         <run_address>0x2f4</run_address>
         <size>0x6c</size>
         <input_file_ref idref="fl-130"/>
      </object_component>
      <object_component id="oc-1d">
         <name>.text</name>
         <load_address>0x360</load_address>
         <run_address>0x360</run_address>
         <size>0x50</size>
         <input_file_ref idref="fl-12a"/>
      </object_component>
      <object_component id="oc-47">
         <name>.text</name>
         <load_address>0x3b0</load_address>
         <run_address>0x3b0</run_address>
         <size>0x4c</size>
         <input_file_ref idref="fl-131"/>
      </object_component>
      <object_component id="oc-74">
         <name>.text</name>
         <load_address>0x3fc</load_address>
         <run_address>0x3fc</run_address>
         <size>0x48</size>
         <input_file_ref idref="fl-2"/>
      </object_component>
      <object_component id="oc-3c">
         <name>.text</name>
         <load_address>0x444</load_address>
         <run_address>0x444</run_address>
         <size>0x44</size>
         <input_file_ref idref="fl-12b"/>
      </object_component>
      <object_component id="oc-36">
         <name>.text</name>
         <load_address>0x488</load_address>
         <run_address>0x488</run_address>
         <size>0x18</size>
         <input_file_ref idref="fl-12f"/>
      </object_component>
      <object_component id="oc-82">
         <name>.text</name>
         <load_address>0x4a0</load_address>
         <run_address>0x4a0</run_address>
         <size>0x14</size>
         <input_file_ref idref="fl-12e"/>
      </object_component>
      <object_component id="oc-2a">
         <name>.text</name>
         <load_address>0x4b4</load_address>
         <run_address>0x4b4</run_address>
         <size>0x4</size>
         <input_file_ref idref="fl-12c"/>
      </object_component>
      <object_component id="oc-13">
         <name>.stack</name>
         <uninitialized>true</uninitialized>
         <run_address>0x20010000</run_address>
         <size>0x0</size>
         <input_file_ref idref="fl-12a"/>
      </object_component>
      <object_component id="oc-c4">
         <name>.stack</name>
         <uninitialized>true</uninitialized>
         <run_address>0x20010000</run_address>
         <size>0x0</size>
      </object_component>
      <object_component id="oc-9d">
         <name>.data</name>
         <load_address>0x20000000</load_address>
         <run_address>0x20000000</run_address>
         <size>0x54</size>
         <input_file_ref idref="fl-2"/>
      </object_component>
      <object_component id="oc-79">
         <name>.data</name>
         <load_address>0x20000054</load_address>
         <run_address>0x20000054</run_address>
         <size>0x18</size>
         <input_file_ref idref="fl-3"/>
      </object_component>
      <object_component id="oc-56">
         <name>.data</name>
         <load_address>0x2000006c</load_address>
         <run_address>0x2000006c</run_address>
         <size>0x8</size>
         <input_file_ref idref="fl-12e"/>
      </object_component>
      <object_component id="oc-59">
         <name>.data</name>
         <load_address>0x20000074</load_address>
         <run_address>0x20000074</run_address>
         <size>0x8</size>
         <input_file_ref idref="fl-12b"/>
      </object_component>
      <object_component id="oc-42">
         <name>.data</name>
         <load_address>0x2000007c</load_address>
         <run_address>0x2000007c</run_address>
         <size>0x4</size>
         <input_file_ref idref="fl-12d"/>
      </object_component>
      <object_component id="oc-75">
         <name>.debug_info</name>
         <load_address>0x0</load_address>
         <run_address>0x0</run_address>
         <size>0x158</size>
         <input_file_ref idref="fl-2"/>
      </object_component>
      <object_component id="oc-50">
         <name>.debug_info</name>
         <load_address>0x158</load_address>
         <run_address>0x158</run_address>
         <size>0x1a3</size>
         <input_file_ref idref="fl-3"/>
      </object_component>
      <object_component id="oc-1c">
         <name>.debug_info</name>
         <load_address>0x2fb</load_address>
         <run_address>0x2fb</run_address>
         <size>0x10d</size>
         <input_file_ref idref="fl-4"/>
      </object_component>
      <object_component id="oc-11">
         <name>.debug_info</name>
         <load_address>0x408</load_address>
         <run_address>0x408</run_address>
         <size>0xfa</size>
         <input_file_ref idref="fl-4"/>
      </object_component>
      <object_component id="oc-15">
         <name>.debug_info</name>
         <load_address>0x502</load_address>
         <run_address>0x502</run_address>
         <size>0x16a6</size>
         <input_file_ref idref="fl-4"/>
      </object_component>
      <object_component id="oc-25">
         <name>.debug_info</name>
         <load_address>0x1ba8</load_address>
         <run_address>0x1ba8</run_address>
         <size>0x84</size>
         <input_file_ref idref="fl-4"/>
      </object_component>
      <object_component id="oc-1e">
         <name>.debug_info</name>
         <load_address>0x1c2c</load_address>
         <run_address>0x1c2c</run_address>
         <size>0x136</size>
         <input_file_ref idref="fl-12a"/>
      </object_component>
      <object_component id="oc-5d">
         <name>.debug_info</name>
         <load_address>0x1d62</load_address>
         <run_address>0x1d62</run_address>
         <size>0x174</size>
         <input_file_ref idref="fl-12b"/>
      </object_component>
      <object_component id="oc-5a">
         <name>.debug_info</name>
         <load_address>0x1ed6</load_address>
         <run_address>0x1ed6</run_address>
         <size>0x119</size>
         <input_file_ref idref="fl-12b"/>
      </object_component>
      <object_component id="oc-3d">
         <name>.debug_info</name>
         <load_address>0x1fef</load_address>
         <run_address>0x1fef</run_address>
         <size>0x1f0</size>
         <input_file_ref idref="fl-12b"/>
      </object_component>
      <object_component id="oc-2b">
         <name>.debug_info</name>
         <load_address>0x21df</load_address>
         <run_address>0x21df</run_address>
         <size>0x12b</size>
         <input_file_ref idref="fl-12c"/>
      </object_component>
      <object_component id="oc-43">
         <name>.debug_info</name>
         <load_address>0x230a</load_address>
         <run_address>0x230a</run_address>
         <size>0xec</size>
         <input_file_ref idref="fl-12d"/>
      </object_component>
      <object_component id="oc-8a">
         <name>.debug_info</name>
         <load_address>0x23f6</load_address>
         <run_address>0x23f6</run_address>
         <size>0x107</size>
         <input_file_ref idref="fl-12e"/>
      </object_component>
      <object_component id="oc-57">
         <name>.debug_info</name>
         <load_address>0x24fd</load_address>
         <run_address>0x24fd</run_address>
         <size>0xf6</size>
         <input_file_ref idref="fl-12e"/>
      </object_component>
      <object_component id="oc-83">
         <name>.debug_info</name>
         <load_address>0x25f3</load_address>
         <run_address>0x25f3</run_address>
         <size>0x202</size>
         <input_file_ref idref="fl-12e"/>
      </object_component>
      <object_component id="oc-55">
         <name>.debug_info</name>
         <load_address>0x27f5</load_address>
         <run_address>0x27f5</run_address>
         <size>0x149</size>
         <input_file_ref idref="fl-12f"/>
      </object_component>
      <object_component id="oc-37">
         <name>.debug_info</name>
         <load_address>0x293e</load_address>
         <run_address>0x293e</run_address>
         <size>0x14a</size>
         <input_file_ref idref="fl-12f"/>
      </object_component>
      <object_component id="oc-7d">
         <name>.debug_info</name>
         <load_address>0x2a88</load_address>
         <run_address>0x2a88</run_address>
         <size>0x5e</size>
         <input_file_ref idref="fl-12f"/>
      </object_component>
      <object_component id="oc-4e">
         <name>.debug_info</name>
         <load_address>0x2ae6</load_address>
         <run_address>0x2ae6</run_address>
         <size>0x2a0</size>
         <input_file_ref idref="fl-130"/>
      </object_component>
      <object_component id="oc-31">
         <name>.debug_info</name>
         <load_address>0x2d86</load_address>
         <run_address>0x2d86</run_address>
         <size>0x15a</size>
         <input_file_ref idref="fl-130"/>
      </object_component>
      <object_component id="oc-6a">
         <name>.debug_info</name>
         <load_address>0x2ee0</load_address>
         <run_address>0x2ee0</run_address>
         <size>0x39</size>
         <input_file_ref idref="fl-130"/>
      </object_component>
      <object_component id="oc-6f">
         <name>.debug_info</name>
         <load_address>0x2f19</load_address>
         <run_address>0x2f19</run_address>
         <size>0xcd</size>
         <input_file_ref idref="fl-130"/>
      </object_component>
      <object_component id="oc-67">
         <name>.debug_info</name>
         <load_address>0x2fe6</load_address>
         <run_address>0x2fe6</run_address>
         <size>0x1c3</size>
         <input_file_ref idref="fl-131"/>
      </object_component>
      <object_component id="oc-48">
         <name>.debug_info</name>
         <load_address>0x31a9</load_address>
         <run_address>0x31a9</run_address>
         <size>0x166</size>
         <input_file_ref idref="fl-131"/>
      </object_component>
      <object_component id="oc-98">
         <name>.debug_info</name>
         <load_address>0x330f</load_address>
         <run_address>0x330f</run_address>
         <size>0x2c</size>
         <input_file_ref idref="fl-131"/>
      </object_component>
      <object_component id="oc-93">
         <name>.debug_info</name>
         <load_address>0x333b</load_address>
         <run_address>0x333b</run_address>
         <size>0x2c</size>
         <input_file_ref idref="fl-131"/>
      </object_component>
      <object_component id="oc-63">
         <name>.debug_info</name>
         <load_address>0x3367</load_address>
         <run_address>0x3367</run_address>
         <size>0xf8</size>
         <input_file_ref idref="fl-132"/>
      </object_component>
      <object_component id="oc-c5">
         <name>.debug_info</name>
         <load_address>0x345f</load_address>
         <run_address>0x345f</run_address>
         <size>0xb2</size>
      </object_component>
      <object_component id="oc-78">
         <name>.debug_line</name>
         <load_address>0x0</load_address>
         <run_address>0x0</run_address>
         <size>0x6f</size>
         <input_file_ref idref="fl-2"/>
      </object_component>
      <object_component id="oc-53">
         <name>.debug_line</name>
         <load_address>0x6f</load_address>
         <run_address>0x6f</run_address>
         <size>0x65</size>
         <input_file_ref idref="fl-3"/>
      </object_component>
      <object_component id="oc-24">
         <name>.debug_line</name>
         <load_address>0xd4</load_address>
         <run_address>0xd4</run_address>
         <size>0x3b</size>
         <input_file_ref idref="fl-4"/>
      </object_component>
      <object_component id="oc-1b">
         <name>.debug_line</name>
         <load_address>0x10f</load_address>
         <run_address>0x10f</run_address>
         <size>0x3b</size>
         <input_file_ref idref="fl-4"/>
      </object_component>
      <object_component id="oc-18">
         <name>.debug_line</name>
         <load_address>0x14a</load_address>
         <run_address>0x14a</run_address>
         <size>0x55a</size>
         <input_file_ref idref="fl-4"/>
      </object_component>
      <object_component id="oc-28">
         <name>.debug_line</name>
         <load_address>0x6a4</load_address>
         <run_address>0x6a4</run_address>
         <size>0x20</size>
         <input_file_ref idref="fl-4"/>
      </object_component>
      <object_component id="oc-21">
         <name>.debug_line</name>
         <load_address>0x6c4</load_address>
         <run_address>0x6c4</run_address>
         <size>0x52</size>
         <input_file_ref idref="fl-12a"/>
      </object_component>
      <object_component id="oc-8f">
         <name>.debug_line</name>
         <load_address>0x716</load_address>
         <run_address>0x716</run_address>
         <size>0x71</size>
         <input_file_ref idref="fl-12b"/>
      </object_component>
      <object_component id="oc-8d">
         <name>.debug_line</name>
         <load_address>0x787</load_address>
         <run_address>0x787</run_address>
         <size>0x2a</size>
         <input_file_ref idref="fl-12b"/>
      </object_component>
      <object_component id="oc-40">
         <name>.debug_line</name>
         <load_address>0x7b1</load_address>
         <run_address>0x7b1</run_address>
         <size>0x7a</size>
         <input_file_ref idref="fl-12b"/>
      </object_component>
      <object_component id="oc-2e">
         <name>.debug_line</name>
         <load_address>0x82b</load_address>
         <run_address>0x82b</run_address>
         <size>0x40</size>
         <input_file_ref idref="fl-12c"/>
      </object_component>
      <object_component id="oc-60">
         <name>.debug_line</name>
         <load_address>0x86b</load_address>
         <run_address>0x86b</run_address>
         <size>0x33</size>
         <input_file_ref idref="fl-12d"/>
      </object_component>
      <object_component id="oc-a1">
         <name>.debug_line</name>
         <load_address>0x89e</load_address>
         <run_address>0x89e</run_address>
         <size>0x20</size>
         <input_file_ref idref="fl-12e"/>
      </object_component>
      <object_component id="oc-89">
         <name>.debug_line</name>
         <load_address>0x8be</load_address>
         <run_address>0x8be</run_address>
         <size>0x2b</size>
         <input_file_ref idref="fl-12e"/>
      </object_component>
      <object_component id="oc-86">
         <name>.debug_line</name>
         <load_address>0x8e9</load_address>
         <run_address>0x8e9</run_address>
         <size>0x68</size>
         <input_file_ref idref="fl-12e"/>
      </object_component>
      <object_component id="oc-7c">
         <name>.debug_line</name>
         <load_address>0x951</load_address>
         <run_address>0x951</run_address>
         <size>0x2b</size>
         <input_file_ref idref="fl-12f"/>
      </object_component>
      <object_component id="oc-3a">
         <name>.debug_line</name>
         <load_address>0x97c</load_address>
         <run_address>0x97c</run_address>
         <size>0x50</size>
         <input_file_ref idref="fl-12f"/>
      </object_component>
      <object_component id="oc-80">
         <name>.debug_line</name>
         <load_address>0x9cc</load_address>
         <run_address>0x9cc</run_address>
         <size>0x2b</size>
         <input_file_ref idref="fl-12f"/>
      </object_component>
      <object_component id="oc-69">
         <name>.debug_line</name>
         <load_address>0x9f7</load_address>
         <run_address>0x9f7</run_address>
         <size>0x81</size>
         <input_file_ref idref="fl-130"/>
      </object_component>
      <object_component id="oc-34">
         <name>.debug_line</name>
         <load_address>0xa78</load_address>
         <run_address>0xa78</run_address>
         <size>0x79</size>
         <input_file_ref idref="fl-130"/>
      </object_component>
      <object_component id="oc-6d">
         <name>.debug_line</name>
         <load_address>0xaf1</load_address>
         <run_address>0xaf1</run_address>
         <size>0x2e</size>
         <input_file_ref idref="fl-130"/>
      </object_component>
      <object_component id="oc-72">
         <name>.debug_line</name>
         <load_address>0xb1f</load_address>
         <run_address>0xb1f</run_address>
         <size>0x73</size>
         <input_file_ref idref="fl-130"/>
      </object_component>
      <object_component id="oc-92">
         <name>.debug_line</name>
         <load_address>0xb92</load_address>
         <run_address>0xb92</run_address>
         <size>0x80</size>
         <input_file_ref idref="fl-131"/>
      </object_component>
      <object_component id="oc-4b">
         <name>.debug_line</name>
         <load_address>0xc12</load_address>
         <run_address>0xc12</run_address>
         <size>0x68</size>
         <input_file_ref idref="fl-131"/>
      </object_component>
      <object_component id="oc-9b">
         <name>.debug_line</name>
         <load_address>0xc7a</load_address>
         <run_address>0xc7a</run_address>
         <size>0x2e</size>
         <input_file_ref idref="fl-131"/>
      </object_component>
      <object_component id="oc-96">
         <name>.debug_line</name>
         <load_address>0xca8</load_address>
         <run_address>0xca8</run_address>
         <size>0x72</size>
         <input_file_ref idref="fl-131"/>
      </object_component>
      <object_component id="oc-62">
         <name>.debug_line</name>
         <load_address>0xd1a</load_address>
         <run_address>0xd1a</run_address>
         <size>0x88</size>
         <input_file_ref idref="fl-132"/>
      </object_component>
      <object_component id="oc-9e">
         <name>.debug_abbrev</name>
         <load_address>0x0</load_address>
         <run_address>0x0</run_address>
         <size>0x3b</size>
         <input_file_ref idref="fl-2"/>
      </object_component>
      <object_component id="oc-7a">
         <name>.debug_abbrev</name>
         <load_address>0x3b</load_address>
         <run_address>0x3b</run_address>
         <size>0x3b</size>
         <input_file_ref idref="fl-3"/>
      </object_component>
      <object_component id="oc-23">
         <name>.debug_abbrev</name>
         <load_address>0x76</load_address>
         <run_address>0x76</run_address>
         <size>0x5d</size>
         <input_file_ref idref="fl-4"/>
      </object_component>
      <object_component id="oc-1a">
         <name>.debug_abbrev</name>
         <load_address>0xd3</load_address>
         <run_address>0xd3</run_address>
         <size>0x29</size>
         <input_file_ref idref="fl-4"/>
      </object_component>
      <object_component id="oc-22">
         <name>.debug_abbrev</name>
         <load_address>0xfc</load_address>
         <run_address>0xfc</run_address>
         <size>0xf8</size>
         <input_file_ref idref="fl-4"/>
      </object_component>
      <object_component id="oc-27">
         <name>.debug_abbrev</name>
         <load_address>0x1f4</load_address>
         <run_address>0x1f4</run_address>
         <size>0x1f</size>
         <input_file_ref idref="fl-4"/>
      </object_component>
      <object_component id="oc-45">
         <name>.debug_abbrev</name>
         <load_address>0x213</load_address>
         <run_address>0x213</run_address>
         <size>0x3e</size>
         <input_file_ref idref="fl-12a"/>
      </object_component>
      <object_component id="oc-8e">
         <name>.debug_abbrev</name>
         <load_address>0x251</load_address>
         <run_address>0x251</run_address>
         <size>0x6b</size>
         <input_file_ref idref="fl-12b"/>
      </object_component>
      <object_component id="oc-8c">
         <name>.debug_abbrev</name>
         <load_address>0x2bc</load_address>
         <run_address>0x2bc</run_address>
         <size>0x29</size>
         <input_file_ref idref="fl-12b"/>
      </object_component>
      <object_component id="oc-5c">
         <name>.debug_abbrev</name>
         <load_address>0x2e5</load_address>
         <run_address>0x2e5</run_address>
         <size>0xba</size>
         <input_file_ref idref="fl-12b"/>
      </object_component>
      <object_component id="oc-46">
         <name>.debug_abbrev</name>
         <load_address>0x39f</load_address>
         <run_address>0x39f</run_address>
         <size>0x55</size>
         <input_file_ref idref="fl-12c"/>
      </object_component>
      <object_component id="oc-5f">
         <name>.debug_abbrev</name>
         <load_address>0x3f4</load_address>
         <run_address>0x3f4</run_address>
         <size>0x27</size>
         <input_file_ref idref="fl-12d"/>
      </object_component>
      <object_component id="oc-a0">
         <name>.debug_abbrev</name>
         <load_address>0x41b</load_address>
         <run_address>0x41b</run_address>
         <size>0x45</size>
         <input_file_ref idref="fl-12e"/>
      </object_component>
      <object_component id="oc-88">
         <name>.debug_abbrev</name>
         <load_address>0x460</load_address>
         <run_address>0x460</run_address>
         <size>0x29</size>
         <input_file_ref idref="fl-12e"/>
      </object_component>
      <object_component id="oc-9f">
         <name>.debug_abbrev</name>
         <load_address>0x489</load_address>
         <run_address>0x489</run_address>
         <size>0x6f</size>
         <input_file_ref idref="fl-12e"/>
      </object_component>
      <object_component id="oc-7b">
         <name>.debug_abbrev</name>
         <load_address>0x4f8</load_address>
         <run_address>0x4f8</run_address>
         <size>0x8e</size>
         <input_file_ref idref="fl-12f"/>
      </object_component>
      <object_component id="oc-54">
         <name>.debug_abbrev</name>
         <load_address>0x586</load_address>
         <run_address>0x586</run_address>
         <size>0x68</size>
         <input_file_ref idref="fl-12f"/>
      </object_component>
      <object_component id="oc-7f">
         <name>.debug_abbrev</name>
         <load_address>0x5ee</load_address>
         <run_address>0x5ee</run_address>
         <size>0x49</size>
         <input_file_ref idref="fl-12f"/>
      </object_component>
      <object_component id="oc-68">
         <name>.debug_abbrev</name>
         <load_address>0x637</load_address>
         <run_address>0x637</run_address>
         <size>0x9a</size>
         <input_file_ref idref="fl-130"/>
      </object_component>
      <object_component id="oc-4d">
         <name>.debug_abbrev</name>
         <load_address>0x6d1</load_address>
         <run_address>0x6d1</run_address>
         <size>0x7e</size>
         <input_file_ref idref="fl-130"/>
      </object_component>
      <object_component id="oc-6c">
         <name>.debug_abbrev</name>
         <load_address>0x74f</load_address>
         <run_address>0x74f</run_address>
         <size>0x24</size>
         <input_file_ref idref="fl-130"/>
      </object_component>
      <object_component id="oc-71">
         <name>.debug_abbrev</name>
         <load_address>0x773</load_address>
         <run_address>0x773</run_address>
         <size>0x4b</size>
         <input_file_ref idref="fl-130"/>
      </object_component>
      <object_component id="oc-91">
         <name>.debug_abbrev</name>
         <load_address>0x7be</load_address>
         <run_address>0x7be</run_address>
         <size>0x9c</size>
         <input_file_ref idref="fl-131"/>
      </object_component>
      <object_component id="oc-66">
         <name>.debug_abbrev</name>
         <load_address>0x85a</load_address>
         <run_address>0x85a</run_address>
         <size>0x8c</size>
         <input_file_ref idref="fl-131"/>
      </object_component>
      <object_component id="oc-9a">
         <name>.debug_abbrev</name>
         <load_address>0x8e6</load_address>
         <run_address>0x8e6</run_address>
         <size>0x24</size>
         <input_file_ref idref="fl-131"/>
      </object_component>
      <object_component id="oc-95">
         <name>.debug_abbrev</name>
         <load_address>0x90a</load_address>
         <run_address>0x90a</run_address>
         <size>0x24</size>
         <input_file_ref idref="fl-131"/>
      </object_component>
      <object_component id="oc-90">
         <name>.debug_abbrev</name>
         <load_address>0x92e</load_address>
         <run_address>0x92e</run_address>
         <size>0x3e</size>
         <input_file_ref idref="fl-132"/>
      </object_component>
      <object_component id="oc-c6">
         <name>.debug_abbrev</name>
         <load_address>0x96c</load_address>
         <run_address>0x96c</run_address>
         <size>0xf</size>
      </object_component>
      <object_component id="oc-76">
         <name>.debug_aranges</name>
         <load_address>0x0</load_address>
         <run_address>0x0</run_address>
         <size>0x30</size>
         <input_file_ref idref="fl-2"/>
      </object_component>
      <object_component id="oc-51">
         <name>.debug_aranges</name>
         <load_address>0x30</load_address>
         <run_address>0x30</run_address>
         <size>0x20</size>
         <input_file_ref idref="fl-3"/>
      </object_component>
      <object_component id="oc-16">
         <name>.debug_aranges</name>
         <load_address>0x50</load_address>
         <run_address>0x50</run_address>
         <size>0x1c8</size>
         <input_file_ref idref="fl-4"/>
      </object_component>
      <object_component id="oc-1f">
         <name>.debug_aranges</name>
         <load_address>0x218</load_address>
         <run_address>0x218</run_address>
         <size>0x20</size>
         <input_file_ref idref="fl-12a"/>
      </object_component>
      <object_component id="oc-3e">
         <name>.debug_aranges</name>
         <load_address>0x238</load_address>
         <run_address>0x238</run_address>
         <size>0x30</size>
         <input_file_ref idref="fl-12b"/>
      </object_component>
      <object_component id="oc-2c">
         <name>.debug_aranges</name>
         <load_address>0x268</load_address>
         <run_address>0x268</run_address>
         <size>0x20</size>
         <input_file_ref idref="fl-12c"/>
      </object_component>
      <object_component id="oc-84">
         <name>.debug_aranges</name>
         <load_address>0x288</load_address>
         <run_address>0x288</run_address>
         <size>0x30</size>
         <input_file_ref idref="fl-12e"/>
      </object_component>
      <object_component id="oc-38">
         <name>.debug_aranges</name>
         <load_address>0x2b8</load_address>
         <run_address>0x2b8</run_address>
         <size>0x20</size>
         <input_file_ref idref="fl-12f"/>
      </object_component>
      <object_component id="oc-32">
         <name>.debug_aranges</name>
         <load_address>0x2d8</load_address>
         <run_address>0x2d8</run_address>
         <size>0x20</size>
         <input_file_ref idref="fl-130"/>
      </object_component>
      <object_component id="oc-49">
         <name>.debug_aranges</name>
         <load_address>0x2f8</load_address>
         <run_address>0x2f8</run_address>
         <size>0x20</size>
         <input_file_ref idref="fl-131"/>
      </object_component>
      <object_component id="oc-65">
         <name>.debug_aranges</name>
         <load_address>0x318</load_address>
         <run_address>0x318</run_address>
         <size>0x20</size>
         <input_file_ref idref="fl-132"/>
      </object_component>
      <object_component id="oc-77">
         <name>.debug_pubnames</name>
         <load_address>0x0</load_address>
         <run_address>0x0</run_address>
         <size>0x43</size>
         <input_file_ref idref="fl-2"/>
      </object_component>
      <object_component id="oc-52">
         <name>.debug_pubnames</name>
         <load_address>0x43</load_address>
         <run_address>0x43</run_address>
         <size>0x1b</size>
         <input_file_ref idref="fl-3"/>
      </object_component>
      <object_component id="oc-12">
         <name>.debug_pubnames</name>
         <load_address>0x5e</load_address>
         <run_address>0x5e</run_address>
         <size>0x27</size>
         <input_file_ref idref="fl-4"/>
      </object_component>
      <object_component id="oc-17">
         <name>.debug_pubnames</name>
         <load_address>0x85</load_address>
         <run_address>0x85</run_address>
         <size>0x474</size>
         <input_file_ref idref="fl-4"/>
      </object_component>
      <object_component id="oc-20">
         <name>.debug_pubnames</name>
         <load_address>0x4f9</load_address>
         <run_address>0x4f9</run_address>
         <size>0x1f</size>
         <input_file_ref idref="fl-12a"/>
      </object_component>
      <object_component id="oc-5b">
         <name>.debug_pubnames</name>
         <load_address>0x518</load_address>
         <run_address>0x518</run_address>
         <size>0x3a</size>
         <input_file_ref idref="fl-12b"/>
      </object_component>
      <object_component id="oc-3f">
         <name>.debug_pubnames</name>
         <load_address>0x552</load_address>
         <run_address>0x552</run_address>
         <size>0x35</size>
         <input_file_ref idref="fl-12b"/>
      </object_component>
      <object_component id="oc-2d">
         <name>.debug_pubnames</name>
         <load_address>0x587</load_address>
         <run_address>0x587</run_address>
         <size>0x27</size>
         <input_file_ref idref="fl-12c"/>
      </object_component>
      <object_component id="oc-44">
         <name>.debug_pubnames</name>
         <load_address>0x5ae</load_address>
         <run_address>0x5ae</run_address>
         <size>0x23</size>
         <input_file_ref idref="fl-12d"/>
      </object_component>
      <object_component id="oc-58">
         <name>.debug_pubnames</name>
         <load_address>0x5d1</load_address>
         <run_address>0x5d1</run_address>
         <size>0x28</size>
         <input_file_ref idref="fl-12e"/>
      </object_component>
      <object_component id="oc-85">
         <name>.debug_pubnames</name>
         <load_address>0x5f9</load_address>
         <run_address>0x5f9</run_address>
         <size>0x43</size>
         <input_file_ref idref="fl-12e"/>
      </object_component>
      <object_component id="oc-39">
         <name>.debug_pubnames</name>
         <load_address>0x63c</load_address>
         <run_address>0x63c</run_address>
         <size>0x21</size>
         <input_file_ref idref="fl-12f"/>
      </object_component>
      <object_component id="oc-33">
         <name>.debug_pubnames</name>
         <load_address>0x65d</load_address>
         <run_address>0x65d</run_address>
         <size>0x25</size>
         <input_file_ref idref="fl-130"/>
      </object_component>
      <object_component id="oc-4a">
         <name>.debug_pubnames</name>
         <load_address>0x682</load_address>
         <run_address>0x682</run_address>
         <size>0x1e</size>
         <input_file_ref idref="fl-131"/>
      </object_component>
      <object_component id="oc-64">
         <name>.debug_pubnames</name>
         <load_address>0x6a0</load_address>
         <run_address>0x6a0</run_address>
         <size>0x1d</size>
         <input_file_ref idref="fl-132"/>
      </object_component>
      <object_component id="oc-19">
         <name>.debug_frame</name>
         <load_address>0x0</load_address>
         <run_address>0x0</run_address>
         <size>0x404</size>
         <input_file_ref idref="fl-4"/>
      </object_component>
      <object_component id="oc-41">
         <name>.debug_frame</name>
         <load_address>0x404</load_address>
         <run_address>0x404</run_address>
         <size>0xb3</size>
         <input_file_ref idref="fl-12b"/>
      </object_component>
      <object_component id="oc-2f">
         <name>.debug_frame</name>
         <load_address>0x4b7</load_address>
         <run_address>0x4b7</run_address>
         <size>0x7f</size>
         <input_file_ref idref="fl-12c"/>
      </object_component>
      <object_component id="oc-87">
         <name>.debug_frame</name>
         <load_address>0x536</load_address>
         <run_address>0x536</run_address>
         <size>0xa1</size>
         <input_file_ref idref="fl-12e"/>
      </object_component>
      <object_component id="oc-3b">
         <name>.debug_frame</name>
         <load_address>0x5d7</load_address>
         <run_address>0x5d7</run_address>
         <size>0x7f</size>
         <input_file_ref idref="fl-12f"/>
      </object_component>
      <object_component id="oc-35">
         <name>.debug_frame</name>
         <load_address>0x656</load_address>
         <run_address>0x656</run_address>
         <size>0x8a</size>
         <input_file_ref idref="fl-130"/>
      </object_component>
      <object_component id="oc-4c">
         <name>.debug_frame</name>
         <load_address>0x6e0</load_address>
         <run_address>0x6e0</run_address>
         <size>0x8e</size>
         <input_file_ref idref="fl-131"/>
      </object_component>
      <object_component id="oc-29">
         <name>.debug_str</name>
         <load_address>0x0</load_address>
         <run_address>0x0</run_address>
         <size>0xf5</size>
         <input_file_ref idref="fl-4"/>
      </object_component>
      <object_component id="oc-81">
         <name>.debug_str</name>
         <load_address>0xf5</load_address>
         <run_address>0xf5</run_address>
         <size>0xb9</size>
         <input_file_ref idref="fl-12f"/>
      </object_component>
      <object_component id="oc-6e">
         <name>.debug_str</name>
         <load_address>0x1ae</load_address>
         <run_address>0x1ae</run_address>
         <size>0xc5</size>
         <input_file_ref idref="fl-130"/>
      </object_component>
      <object_component id="oc-73">
         <name>.debug_str</name>
         <load_address>0x273</load_address>
         <run_address>0x273</run_address>
         <size>0x14f</size>
         <input_file_ref idref="fl-130"/>
      </object_component>
      <object_component id="oc-9c">
         <name>.debug_str</name>
         <load_address>0x3c2</load_address>
         <run_address>0x3c2</run_address>
         <size>0xba</size>
         <input_file_ref idref="fl-131"/>
      </object_component>
      <object_component id="oc-97">
         <name>.debug_str</name>
         <load_address>0x47c</load_address>
         <run_address>0x47c</run_address>
         <size>0xf8</size>
         <input_file_ref idref="fl-131"/>
      </object_component>
      <object_component id="oc-26">
         <name>.debug_pubtypes</name>
         <load_address>0x0</load_address>
         <run_address>0x0</run_address>
         <size>0xed</size>
         <input_file_ref idref="fl-4"/>
      </object_component>
      <object_component id="oc-5e">
         <name>.debug_pubtypes</name>
         <load_address>0xed</load_address>
         <run_address>0xed</run_address>
         <size>0x1f</size>
         <input_file_ref idref="fl-12b"/>
      </object_component>
      <object_component id="oc-8b">
         <name>.debug_pubtypes</name>
         <load_address>0x10c</load_address>
         <run_address>0x10c</run_address>
         <size>0x1f</size>
         <input_file_ref idref="fl-12e"/>
      </object_component>
      <object_component id="oc-7e">
         <name>.debug_pubtypes</name>
         <load_address>0x12b</load_address>
         <run_address>0x12b</run_address>
         <size>0x1b</size>
         <input_file_ref idref="fl-12f"/>
      </object_component>
      <object_component id="oc-6b">
         <name>.debug_pubtypes</name>
         <load_address>0x146</load_address>
         <run_address>0x146</run_address>
         <size>0x32</size>
         <input_file_ref idref="fl-130"/>
      </object_component>
      <object_component id="oc-70">
         <name>.debug_pubtypes</name>
         <load_address>0x178</load_address>
         <run_address>0x178</run_address>
         <size>0x50</size>
         <input_file_ref idref="fl-130"/>
      </object_component>
      <object_component id="oc-99">
         <name>.debug_pubtypes</name>
         <load_address>0x1c8</load_address>
         <run_address>0x1c8</run_address>
         <size>0x23</size>
         <input_file_ref idref="fl-131"/>
      </object_component>
      <object_component id="oc-94">
         <name>.debug_pubtypes</name>
         <load_address>0x1eb</load_address>
         <run_address>0x1eb</run_address>
         <size>0x1d</size>
         <input_file_ref idref="fl-131"/>
      </object_component>
   </object_component_list>
   <logical_group_list>
      <logical_group id="lg-4" display="no" color="cyan">
         <name>.intvecs</name>
         <load_address>0x0</load_address>
         <run_address>0x0</run_address>
         <size>0x144</size>
         <contents>
            <object_component_ref idref="oc-10"/>
         </contents>
      </logical_group>
      <logical_group id="lg-5" display="no" color="cyan">
         <name>.text</name>
         <load_address>0x144</load_address>
         <run_address>0x144</run_address>
         <size>0x374</size>
         <contents>
            <object_component_ref idref="oc-61"/>
            <object_component_ref idref="oc-14"/>
            <object_component_ref idref="oc-4f"/>
            <object_component_ref idref="oc-30"/>
            <object_component_ref idref="oc-1d"/>
            <object_component_ref idref="oc-47"/>
            <object_component_ref idref="oc-74"/>
            <object_component_ref idref="oc-3c"/>
            <object_component_ref idref="oc-36"/>
            <object_component_ref idref="oc-82"/>
            <object_component_ref idref="oc-2a"/>
         </contents>
      </logical_group>
      <logical_group id="lg-6" display="no" color="cyan">
         <name>.const</name>
         <run_address>0x0</run_address>
         <size>0x0</size>
         <contents>
         </contents>
      </logical_group>
      <logical_group id="lg-7" display="no" color="cyan">
         <name>.cinit</name>
         <run_address>0x0</run_address>
         <size>0x0</size>
         <contents>
         </contents>
      </logical_group>
      <logical_group id="lg-8" display="no" color="cyan">
         <name>.pinit</name>
         <run_address>0x0</run_address>
         <size>0x0</size>
         <contents>
         </contents>
      </logical_group>
      <logical_group id="lg-9" display="no" color="cyan">
         <name>.flashMailbox</name>
         <run_address>0x0</run_address>
         <size>0x0</size>
         <contents>
         </contents>
      </logical_group>
      <logical_group id="lg-a" display="no" color="cyan">
         <name>.vtable</name>
         <run_address>0x0</run_address>
         <size>0x0</size>
         <contents>
         </contents>
      </logical_group>
      <logical_group id="lg-d" display="no" color="cyan">
         <name>.sysmem</name>
         <run_address>0x0</run_address>
         <size>0x0</size>
         <contents>
         </contents>
      </logical_group>
      <logical_group id="lg-e" display="no" color="cyan">
         <name>.stack</name>
         <run_address>0x20010000</run_address>
         <size>0x0</size>
         <contents>
            <object_component_ref idref="oc-13"/>
            <object_component_ref idref="oc-c4"/>
         </contents>
      </logical_group>
      <logical_group id="lg-a3" display="no" color="cyan">
         <name>.TI.noinit</name>
         <run_address>0x0</run_address>
         <size>0x0</size>
         <contents>
         </contents>
      </logical_group>
      <logical_group id="lg-c" display="no" color="cyan">
         <name>.bss</name>
         <run_address>0x0</run_address>
         <size>0x0</size>
         <contents>
         </contents>
      </logical_group>
      <logical_group id="lg-a2" display="no" color="cyan">
         <name>BSS_GROUP</name>
         <run_address>0x0</run_address>
         <size>0x0</size>
         <contents>
            <logical_group_ref idref="lg-a3"/>
            <logical_group_ref idref="lg-c"/>
         </contents>
      </logical_group>
      <logical_group id="lg-a5" display="no" color="cyan">
         <name>.TI.persistent</name>
         <run_address>0x20000000</run_address>
         <size>0x0</size>
         <contents>
         </contents>
      </logical_group>
      <logical_group id="lg-b" display="no" color="cyan">
         <name>.data</name>
         <load_address>0x20000000</load_address>
         <run_address>0x20000000</run_address>
         <size>0x80</size>
         <contents>
            <object_component_ref idref="oc-9d"/>
            <object_component_ref idref="oc-79"/>
            <object_component_ref idref="oc-56"/>
            <object_component_ref idref="oc-59"/>
            <object_component_ref idref="oc-42"/>
         </contents>
      </logical_group>
      <logical_group id="lg-a4" display="no" color="cyan">
         <name>DATA_GROUP</name>
         <load_address>0x20000000</load_address>
         <run_address>0x20000000</run_address>
         <size>0x80</size>
         <contents>
            <logical_group_ref idref="lg-a5"/>
            <logical_group_ref idref="lg-b"/>
         </contents>
      </logical_group>
      <logical_group id="lg-b3" display="never" color="cyan">
         <name>.debug_info</name>
         <load_address>0x0</load_address>
         <run_address>0x0</run_address>
         <size>0x3511</size>
         <contents>
            <object_component_ref idref="oc-75"/>
            <object_component_ref idref="oc-50"/>
            <object_component_ref idref="oc-1c"/>
            <object_component_ref idref="oc-11"/>
            <object_component_ref idref="oc-15"/>
            <object_component_ref idref="oc-25"/>
            <object_component_ref idref="oc-1e"/>
            <object_component_ref idref="oc-5d"/>
            <object_component_ref idref="oc-5a"/>
            <object_component_ref idref="oc-3d"/>
            <object_component_ref idref="oc-2b"/>
            <object_component_ref idref="oc-43"/>
            <object_component_ref idref="oc-8a"/>
            <object_component_ref idref="oc-57"/>
            <object_component_ref idref="oc-83"/>
            <object_component_ref idref="oc-55"/>
            <object_component_ref idref="oc-37"/>
            <object_component_ref idref="oc-7d"/>
            <object_component_ref idref="oc-4e"/>
            <object_component_ref idref="oc-31"/>
            <object_component_ref idref="oc-6a"/>
            <object_component_ref idref="oc-6f"/>
            <object_component_ref idref="oc-67"/>
            <object_component_ref idref="oc-48"/>
            <object_component_ref idref="oc-98"/>
            <object_component_ref idref="oc-93"/>
            <object_component_ref idref="oc-63"/>
            <object_component_ref idref="oc-c5"/>
         </contents>
      </logical_group>
      <logical_group id="lg-b5" display="never" color="cyan">
         <name>.debug_line</name>
         <load_address>0x0</load_address>
         <run_address>0x0</run_address>
         <size>0xda2</size>
         <contents>
            <object_component_ref idref="oc-78"/>
            <object_component_ref idref="oc-53"/>
            <object_component_ref idref="oc-24"/>
            <object_component_ref idref="oc-1b"/>
            <object_component_ref idref="oc-18"/>
            <object_component_ref idref="oc-28"/>
            <object_component_ref idref="oc-21"/>
            <object_component_ref idref="oc-8f"/>
            <object_component_ref idref="oc-8d"/>
            <object_component_ref idref="oc-40"/>
            <object_component_ref idref="oc-2e"/>
            <object_component_ref idref="oc-60"/>
            <object_component_ref idref="oc-a1"/>
            <object_component_ref idref="oc-89"/>
            <object_component_ref idref="oc-86"/>
            <object_component_ref idref="oc-7c"/>
            <object_component_ref idref="oc-3a"/>
            <object_component_ref idref="oc-80"/>
            <object_component_ref idref="oc-69"/>
            <object_component_ref idref="oc-34"/>
            <object_component_ref idref="oc-6d"/>
            <object_component_ref idref="oc-72"/>
            <object_component_ref idref="oc-92"/>
            <object_component_ref idref="oc-4b"/>
            <object_component_ref idref="oc-9b"/>
            <object_component_ref idref="oc-96"/>
            <object_component_ref idref="oc-62"/>
         </contents>
      </logical_group>
      <logical_group id="lg-b7" display="never" color="cyan">
         <name>.debug_abbrev</name>
         <load_address>0x0</load_address>
         <run_address>0x0</run_address>
         <size>0x97b</size>
         <contents>
            <object_component_ref idref="oc-9e"/>
            <object_component_ref idref="oc-7a"/>
            <object_component_ref idref="oc-23"/>
            <object_component_ref idref="oc-1a"/>
            <object_component_ref idref="oc-22"/>
            <object_component_ref idref="oc-27"/>
            <object_component_ref idref="oc-45"/>
            <object_component_ref idref="oc-8e"/>
            <object_component_ref idref="oc-8c"/>
            <object_component_ref idref="oc-5c"/>
            <object_component_ref idref="oc-46"/>
            <object_component_ref idref="oc-5f"/>
            <object_component_ref idref="oc-a0"/>
            <object_component_ref idref="oc-88"/>
            <object_component_ref idref="oc-9f"/>
            <object_component_ref idref="oc-7b"/>
            <object_component_ref idref="oc-54"/>
            <object_component_ref idref="oc-7f"/>
            <object_component_ref idref="oc-68"/>
            <object_component_ref idref="oc-4d"/>
            <object_component_ref idref="oc-6c"/>
            <object_component_ref idref="oc-71"/>
            <object_component_ref idref="oc-91"/>
            <object_component_ref idref="oc-66"/>
            <object_component_ref idref="oc-9a"/>
            <object_component_ref idref="oc-95"/>
            <object_component_ref idref="oc-90"/>
            <object_component_ref idref="oc-c6"/>
         </contents>
      </logical_group>
      <logical_group id="lg-b9" display="never" color="cyan">
         <name>.debug_aranges</name>
         <load_address>0x0</load_address>
         <run_address>0x0</run_address>
         <size>0x338</size>
         <contents>
            <object_component_ref idref="oc-76"/>
            <object_component_ref idref="oc-51"/>
            <object_component_ref idref="oc-16"/>
            <object_component_ref idref="oc-1f"/>
            <object_component_ref idref="oc-3e"/>
            <object_component_ref idref="oc-2c"/>
            <object_component_ref idref="oc-84"/>
            <object_component_ref idref="oc-38"/>
            <object_component_ref idref="oc-32"/>
            <object_component_ref idref="oc-49"/>
            <object_component_ref idref="oc-65"/>
         </contents>
      </logical_group>
      <logical_group id="lg-bb" display="never" color="cyan">
         <name>.debug_pubnames</name>
         <load_address>0x0</load_address>
         <run_address>0x0</run_address>
         <size>0x6bd</size>
         <contents>
            <object_component_ref idref="oc-77"/>
            <object_component_ref idref="oc-52"/>
            <object_component_ref idref="oc-12"/>
            <object_component_ref idref="oc-17"/>
            <object_component_ref idref="oc-20"/>
            <object_component_ref idref="oc-5b"/>
            <object_component_ref idref="oc-3f"/>
            <object_component_ref idref="oc-2d"/>
            <object_component_ref idref="oc-44"/>
            <object_component_ref idref="oc-58"/>
            <object_component_ref idref="oc-85"/>
            <object_component_ref idref="oc-39"/>
            <object_component_ref idref="oc-33"/>
            <object_component_ref idref="oc-4a"/>
            <object_component_ref idref="oc-64"/>
         </contents>
      </logical_group>
      <logical_group id="lg-bd" display="never" color="cyan">
         <name>.debug_frame</name>
         <load_address>0x0</load_address>
         <run_address>0x0</run_address>
         <size>0x76e</size>
         <contents>
            <object_component_ref idref="oc-19"/>
            <object_component_ref idref="oc-41"/>
            <object_component_ref idref="oc-2f"/>
            <object_component_ref idref="oc-87"/>
            <object_component_ref idref="oc-3b"/>
            <object_component_ref idref="oc-35"/>
            <object_component_ref idref="oc-4c"/>
         </contents>
      </logical_group>
      <logical_group id="lg-bf" display="never" color="cyan">
         <name>.debug_str</name>
         <load_address>0x0</load_address>
         <run_address>0x0</run_address>
         <size>0x574</size>
         <contents>
            <object_component_ref idref="oc-29"/>
            <object_component_ref idref="oc-81"/>
            <object_component_ref idref="oc-6e"/>
            <object_component_ref idref="oc-73"/>
            <object_component_ref idref="oc-9c"/>
            <object_component_ref idref="oc-97"/>
         </contents>
      </logical_group>
      <logical_group id="lg-c1" display="never" color="cyan">
         <name>.debug_pubtypes</name>
         <load_address>0x0</load_address>
         <run_address>0x0</run_address>
         <size>0x208</size>
         <contents>
            <object_component_ref idref="oc-26"/>
            <object_component_ref idref="oc-5e"/>
            <object_component_ref idref="oc-8b"/>
            <object_component_ref idref="oc-7e"/>
            <object_component_ref idref="oc-6b"/>
            <object_component_ref idref="oc-70"/>
            <object_component_ref idref="oc-99"/>
            <object_component_ref idref="oc-94"/>
         </contents>
      </logical_group>
      <load_segment id="lg-c8" display="no" color="cyan">
         <name>SEGMENT_0</name>
         <load_address>0x0</load_address>
         <run_address>0x0</run_address>
         <size>0x4b8</size>
         <flags>0x5</flags>
         <contents>
            <logical_group_ref idref="lg-4"/>
            <logical_group_ref idref="lg-5"/>
         </contents>
      </load_segment>
      <load_segment id="lg-c9" display="no" color="cyan">
         <name>SEGMENT_1</name>
         <load_address>0x20000000</load_address>
         <run_address>0x20000000</run_address>
         <size>0x80</size>
         <flags>0x6</flags>
         <contents>
            <logical_group_ref idref="lg-b"/>
         </contents>
      </load_segment>
   </logical_group_list>
   <placement_map>
      <memory_area display="yes" color="green">
         <name>MAIN</name>
         <page_id>0x0</page_id>
         <origin>0x0</origin>
         <length>0x40000</length>
         <used_space>0x4b8</used_space>
         <unused_space>0x3fb48</unused_space>
         <attributes>RX</attributes>
         <usage_details>
            <allocated_space>
               <start_address>0x0</start_address>
               <size>0x144</size>
               <logical_group_ref idref="lg-4"/>
            </allocated_space>
            <allocated_space>
               <start_address>0x144</start_address>
               <size>0x374</size>
               <logical_group_ref idref="lg-5"/>
            </allocated_space>
            <available_space>
               <start_address>0x4b8</start_address>
               <size>0x3fb48</size>
            </available_space>
         </usage_details>
      </memory_area>
      <memory_area display="yes" color="green">
         <name>INFO</name>
         <page_id>0x0</page_id>
         <origin>0x200000</origin>
         <length>0x4000</length>
         <used_space>0x0</used_space>
         <unused_space>0x4000</unused_space>
         <attributes>RX</attributes>
         <usage_details>
         </usage_details>
      </memory_area>
      <memory_area display="yes" color="green">
         <name>SRAM_CODE</name>
         <page_id>0x0</page_id>
         <origin>0x1000000</origin>
         <length>0x10000</length>
         <used_space>0x0</used_space>
         <unused_space>0x10000</unused_space>
         <attributes>RWX</attributes>
         <usage_details>
         </usage_details>
      </memory_area>
      <memory_area display="yes" color="green">
         <name>SRAM_DATA</name>
         <page_id>0x0</page_id>
         <origin>0x20000000</origin>
         <length>0x10000</length>
         <used_space>0x80</used_space>
         <unused_space>0xff80</unused_space>
         <attributes>RW</attributes>
         <usage_details>
            <allocated_space>
               <start_address>0x20000000</start_address>
               <size>0x80</size>
               <logical_group_ref idref="lg-a4"/>
            </allocated_space>
            <available_space>
               <start_address>0x20000080</start_address>
               <size>0xff80</size>
            </available_space>
            <allocated_space>
               <start_address>0x20010000</start_address>
               <size>0x0</size>
               <logical_group_ref idref="lg-e"/>
            </allocated_space>
         </usage_details>
      </memory_area>
   </placement_map>
   <symbol_table>
      <symbol id="sm-1">
         <name>WDTCTL_SYM</name>
         <value>0x4000480c</value>
      </symbol>
      <symbol id="sm-2">
         <name>binit</name>
         <value>0xffffffff</value>
      </symbol>
      <symbol id="sm-3">
         <name>__binit__</name>
         <value>0xffffffff</value>
      </symbol>
      <symbol id="sm-4">
         <name>__STACK_SIZE</name>
         <value>0x0</value>
      </symbol>
      <symbol id="sm-5">
         <name>__STACK_END</name>
         <value>0x20010000</value>
      </symbol>
      <symbol id="sm-6">
         <name>__c_args__</name>
         <value>0xffffffff</value>
      </symbol>
      <symbol id="sm-7">
         <name>__TI_static_base__</name>
         <value>0x0</value>
      </symbol>
      <symbol id="sm-32">
         <name>Heap_Init</name>
         <value>0x3fd</value>
         <object_component_ref idref="oc-74"/>
      </symbol>
      <symbol id="sm-33">
         <name>Heap_Allocate</name>
         <value>0x429</value>
         <object_component_ref idref="oc-74"/>
      </symbol>
      <symbol id="sm-34">
         <name>Heap_Release</name>
         <value>0x439</value>
         <object_component_ref idref="oc-74"/>
      </symbol>
      <symbol id="sm-4d">
         <name>main</name>
         <value>0x27d</value>
         <object_component_ref idref="oc-4f"/>
      </symbol>
      <symbol id="sm-d2">
         <name>T32_INT2_IRQHandler</name>
         <value>0x239</value>
         <object_component_ref idref="oc-14"/>
      </symbol>
      <symbol id="sm-d3">
         <name>PendSV_Handler</name>
         <value>0x201</value>
         <object_component_ref idref="oc-14"/>
      </symbol>
      <symbol id="sm-d4">
         <name>SysTick_Handler</name>
         <value>0x203</value>
         <object_component_ref idref="oc-14"/>
      </symbol>
      <symbol id="sm-d5">
         <name>EUSCIA3_IRQHandler</name>
         <value>0x22b</value>
         <object_component_ref idref="oc-14"/>
      </symbol>
      <symbol id="sm-d6">
         <name>SVC_Handler</name>
         <value>0x1fd</value>
         <object_component_ref idref="oc-14"/>
      </symbol>
      <symbol id="sm-d7">
         <name>EUSCIB1_IRQHandler</name>
         <value>0x22f</value>
         <object_component_ref idref="oc-14"/>
      </symbol>
      <symbol id="sm-d8">
         <name>PORT4_IRQHandler</name>
         <value>0x251</value>
         <object_component_ref idref="oc-14"/>
      </symbol>
      <symbol id="sm-d9">
         <name>AES256_IRQHandler</name>
         <value>0x23d</value>
         <object_component_ref idref="oc-14"/>
      </symbol>
      <symbol id="sm-da">
         <name>FPU_IRQHandler</name>
         <value>0x20d</value>
         <object_component_ref idref="oc-14"/>
      </symbol>
      <symbol id="sm-db">
         <name>EUSCIB2_IRQHandler</name>
         <value>0x231</value>
         <object_component_ref idref="oc-14"/>
      </symbol>
      <symbol id="sm-dc">
         <name>PORT1_IRQHandler</name>
         <value>0x24b</value>
         <object_component_ref idref="oc-14"/>
      </symbol>
      <symbol id="sm-dd">
         <name>RTC_C_IRQHandler</name>
         <value>0x23f</value>
         <object_component_ref idref="oc-14"/>
      </symbol>
      <symbol id="sm-de">
         <name>TA2_0_IRQHandler</name>
         <value>0x21d</value>
         <object_component_ref idref="oc-14"/>
      </symbol>
      <symbol id="sm-df">
         <name>TA3_N_IRQHandler</name>
         <value>0x223</value>
         <object_component_ref idref="oc-14"/>
      </symbol>
      <symbol id="sm-e0">
         <name>DMA_INT3_IRQHandler</name>
         <value>0x243</value>
         <object_component_ref idref="oc-14"/>
      </symbol>
      <symbol id="sm-e1">
         <name>PORT2_IRQHandler</name>
         <value>0x24d</value>
         <object_component_ref idref="oc-14"/>
      </symbol>
      <symbol id="sm-e2">
         <name>StartCritical</name>
         <value>0x263</value>
         <object_component_ref idref="oc-14"/>
      </symbol>
      <symbol id="sm-e3">
         <name>TA0_0_IRQHandler</name>
         <value>0x215</value>
         <object_component_ref idref="oc-14"/>
      </symbol>
      <symbol id="sm-e4">
         <name>PSS_IRQHandler</name>
         <value>0x205</value>
         <object_component_ref idref="oc-14"/>
      </symbol>
      <symbol id="sm-e5">
         <name>TA1_N_IRQHandler</name>
         <value>0x21b</value>
         <object_component_ref idref="oc-14"/>
      </symbol>
      <symbol id="sm-e6">
         <name>EUSCIA1_IRQHandler</name>
         <value>0x227</value>
         <object_component_ref idref="oc-14"/>
      </symbol>
      <symbol id="sm-e7">
         <name>EUSCIA2_IRQHandler</name>
         <value>0x229</value>
         <object_component_ref idref="oc-14"/>
      </symbol>
      <symbol id="sm-e8">
         <name>COMP_E0_IRQHandler</name>
         <value>0x211</value>
         <object_component_ref idref="oc-14"/>
      </symbol>
      <symbol id="sm-e9">
         <name>WDT_A_IRQHandler</name>
         <value>0x20b</value>
         <object_component_ref idref="oc-14"/>
      </symbol>
      <symbol id="sm-ea">
         <name>EUSCIB0_IRQHandler</name>
         <value>0x22d</value>
         <object_component_ref idref="oc-14"/>
      </symbol>
      <symbol id="sm-eb">
         <name>FLCTL_IRQHandler</name>
         <value>0x20f</value>
         <object_component_ref idref="oc-14"/>
      </symbol>
      <symbol id="sm-ec">
         <name>EndCritical</name>
         <value>0x26d</value>
         <object_component_ref idref="oc-14"/>
      </symbol>
      <symbol id="sm-ed">
         <name>DMA_INT1_IRQHandler</name>
         <value>0x247</value>
         <object_component_ref idref="oc-14"/>
      </symbol>
      <symbol id="sm-ee">
         <name>PCM_IRQHandler</name>
         <value>0x209</value>
         <object_component_ref idref="oc-14"/>
      </symbol>
      <symbol id="sm-ef">
         <name>ADC14_IRQHandler</name>
         <value>0x235</value>
         <object_component_ref idref="oc-14"/>
      </symbol>
      <symbol id="sm-f0">
         <name>T32_INTC_IRQHandler</name>
         <value>0x23b</value>
         <object_component_ref idref="oc-14"/>
      </symbol>
      <symbol id="sm-f1">
         <name>DMA_INT2_IRQHandler</name>
         <value>0x245</value>
         <object_component_ref idref="oc-14"/>
      </symbol>
      <symbol id="sm-f2">
         <name>TA3_0_IRQHandler</name>
         <value>0x221</value>
         <object_component_ref idref="oc-14"/>
      </symbol>
      <symbol id="sm-f3">
         <name>EUSCIA0_IRQHandler</name>
         <value>0x225</value>
         <object_component_ref idref="oc-14"/>
      </symbol>
      <symbol id="sm-f4">
         <name>DMA_ERR_IRQHandler</name>
         <value>0x241</value>
         <object_component_ref idref="oc-14"/>
      </symbol>
      <symbol id="sm-f5">
         <name>DisableInterrupts</name>
         <value>0x257</value>
         <object_component_ref idref="oc-14"/>
      </symbol>
      <symbol id="sm-f6">
         <name>PORT5_IRQHandler</name>
         <value>0x253</value>
         <object_component_ref idref="oc-14"/>
      </symbol>
      <symbol id="sm-f7">
         <name>TA1_0_IRQHandler</name>
         <value>0x219</value>
         <object_component_ref idref="oc-14"/>
      </symbol>
      <symbol id="sm-f8">
         <name>TA2_N_IRQHandler</name>
         <value>0x21f</value>
         <object_component_ref idref="oc-14"/>
      </symbol>
      <symbol id="sm-f9">
         <name>COMP_E1_IRQHandler</name>
         <value>0x213</value>
         <object_component_ref idref="oc-14"/>
      </symbol>
      <symbol id="sm-fa">
         <name>EUSCIB3_IRQHandler</name>
         <value>0x233</value>
         <object_component_ref idref="oc-14"/>
      </symbol>
      <symbol id="sm-fb">
         <name>WaitForInterrupt</name>
         <value>0x275</value>
         <object_component_ref idref="oc-14"/>
      </symbol>
      <symbol id="sm-fc">
         <name>interruptVectors</name>
         <value>0x0</value>
         <object_component_ref idref="oc-10"/>
      </symbol>
      <symbol id="sm-fd">
         <name>EnableInterrupts</name>
         <value>0x25d</value>
         <object_component_ref idref="oc-14"/>
      </symbol>
      <symbol id="sm-fe">
         <name>PORT6_IRQHandler</name>
         <value>0x255</value>
         <object_component_ref idref="oc-14"/>
      </symbol>
      <symbol id="sm-ff">
         <name>TA0_N_IRQHandler</name>
         <value>0x217</value>
         <object_component_ref idref="oc-14"/>
      </symbol>
      <symbol id="sm-100">
         <name>T32_INT1_IRQHandler</name>
         <value>0x237</value>
         <object_component_ref idref="oc-14"/>
      </symbol>
      <symbol id="sm-101">
         <name>DebugMon_Handler</name>
         <value>0x1ff</value>
         <object_component_ref idref="oc-14"/>
      </symbol>
      <symbol id="sm-102">
         <name>DMA_INT0_IRQHandler</name>
         <value>0x249</value>
         <object_component_ref idref="oc-14"/>
      </symbol>
      <symbol id="sm-103">
         <name>PORT3_IRQHandler</name>
         <value>0x24f</value>
         <object_component_ref idref="oc-14"/>
      </symbol>
      <symbol id="sm-104">
         <name>CS_IRQHandler</name>
         <value>0x207</value>
         <object_component_ref idref="oc-14"/>
      </symbol>
      <symbol id="sm-117">
         <name>_c_int00</name>
         <value>0x361</value>
         <object_component_ref idref="oc-1d"/>
      </symbol>
      <symbol id="sm-118">
         <name>__stack</name>
         <value>0x20010000</value>
         <object_component_ref idref="oc-13"/>
      </symbol>
      <symbol id="sm-137">
         <name>C$$EXIT</name>
         <value>0x445</value>
         <object_component_ref idref="oc-3c"/>
      </symbol>
      <symbol id="sm-138">
         <name>abort</name>
         <value>0x449</value>
         <object_component_ref idref="oc-3c"/>
      </symbol>
      <symbol id="sm-139">
         <name>exit</name>
         <value>0x451</value>
         <object_component_ref idref="oc-3c"/>
      </symbol>
      <symbol id="sm-13a">
         <name>__TI_dtors_ptr</name>
         <value>0x20000078</value>
         <object_component_ref idref="oc-59"/>
      </symbol>
      <symbol id="sm-13b">
         <name>__TI_cleanup_ptr</name>
         <value>0x20000074</value>
         <object_component_ref idref="oc-59"/>
      </symbol>
      <symbol id="sm-145">
         <name>_system_pre_init</name>
         <value>0x4b5</value>
         <object_component_ref idref="oc-2a"/>
      </symbol>
      <symbol id="sm-14d">
         <name>main_func_sp</name>
         <value>0x2000007c</value>
         <object_component_ref idref="oc-42"/>
      </symbol>
      <symbol id="sm-166">
         <name>_nop</name>
         <value>0x4af</value>
         <object_component_ref idref="oc-82"/>
      </symbol>
      <symbol id="sm-167">
         <name>_lock</name>
         <value>0x2000006c</value>
         <object_component_ref idref="oc-56"/>
      </symbol>
      <symbol id="sm-168">
         <name>_unlock</name>
         <value>0x20000070</value>
         <object_component_ref idref="oc-56"/>
      </symbol>
      <symbol id="sm-169">
         <name>_register_lock</name>
         <value>0x4a7</value>
         <object_component_ref idref="oc-82"/>
      </symbol>
      <symbol id="sm-16a">
         <name>_register_unlock</name>
         <value>0x4a1</value>
         <object_component_ref idref="oc-82"/>
      </symbol>
      <symbol id="sm-17f">
         <name>_args_main</name>
         <value>0x489</value>
         <object_component_ref idref="oc-36"/>
      </symbol>
      <symbol id="sm-1a5">
         <name>__TI_auto_init</name>
         <value>0x2f5</value>
         <object_component_ref idref="oc-30"/>
      </symbol>
      <symbol id="sm-1c4">
         <name>copy_in</name>
         <value>0x3b1</value>
         <object_component_ref idref="oc-47"/>
      </symbol>
      <symbol id="sm-1df">
         <name>memcpy</name>
         <value>0x145</value>
         <object_component_ref idref="oc-61"/>
      </symbol>
      <symbol id="sm-1e0">
         <name>__aeabi_memcpy</name>
         <value>0x145</value>
         <object_component_ref idref="oc-61"/>
      </symbol>
      <symbol id="sm-1e1">
         <name>__aeabi_memcpy8</name>
         <value>0x145</value>
         <object_component_ref idref="oc-61"/>
      </symbol>
      <symbol id="sm-1e2">
         <name>__aeabi_memcpy4</name>
         <value>0x145</value>
         <object_component_ref idref="oc-61"/>
      </symbol>
      <symbol id="sm-1e3">
         <name>__TI_Handler_Table_Base</name>
         <value>0x0</value>
      </symbol>
      <symbol id="sm-1e4">
         <name>__TI_Handler_Table_Limit</name>
         <value>0x0</value>
      </symbol>
      <symbol id="sm-1e5">
         <name>__TI_CINIT_Limit</name>
         <value>0x0</value>
      </symbol>
      <symbol id="sm-1e6">
         <name>__TI_CINIT_Base</name>
         <value>0x0</value>
      </symbol>
      <symbol id="sm-1e7">
         <name>SHT$$INIT_ARRAY$$Limit</name>
         <value>0x0</value>
      </symbol>
      <symbol id="sm-1e8">
         <name>SHT$$INIT_ARRAY$$Base</name>
         <value>0x0</value>
      </symbol>
   </symbol_table>
   <title>Link successful</title>
</link_info>
