<?xml version="1.0"?>
<link_info>
   <banner>TI ARM Linker PC v5.2.4</banner>
   <copyright>Copyright (c) 1996-2015 Texas Instruments Incorporated</copyright>
   <link_time>0x575f20dd</link_time>
   <link_errors>0x0</link_errors>
   <output_file>PointerTrafficLight_MSP432.out</output_file>
   <entry_point>
      <name>_c_int00</name>
      <address>0x535</address>
   </entry_point>
   <input_file_list>
      <input_file id="fl-2">
         <path>.\</path>
         <kind>object</kind>
         <file>PointerTrafficLight.obj</file>
         <name>PointerTrafficLight.obj</name>
      </input_file>
      <input_file id="fl-3">
         <path>.\</path>
         <kind>object</kind>
         <file>SysTick.obj</file>
         <name>SysTick.obj</name>
      </input_file>
      <input_file id="fl-4">
         <path>.\</path>
         <kind>object</kind>
         <file>msp432_startup_ccs.obj</file>
         <name>msp432_startup_ccs.obj</name>
      </input_file>
      <input_file id="fl-12a">
         <path>C:\ti\ccsv6\tools\compiler\ti-cgt-arm_5.2.4\lib\</path>
         <kind>archive</kind>
         <file>rtsv7M4_T_le_v4SPD16_eabi.lib</file>
         <name>boot.obj</name>
      </input_file>
      <input_file id="fl-12b">
         <path>C:\ti\ccsv6\tools\compiler\ti-cgt-arm_5.2.4\lib\</path>
         <kind>archive</kind>
         <file>rtsv7M4_T_le_v4SPD16_eabi.lib</file>
         <name>copy_decompress_none.obj</name>
      </input_file>
      <input_file id="fl-12c">
         <path>C:\ti\ccsv6\tools\compiler\ti-cgt-arm_5.2.4\lib\</path>
         <kind>archive</kind>
         <file>rtsv7M4_T_le_v4SPD16_eabi.lib</file>
         <name>copy_decompress_rle.obj</name>
      </input_file>
      <input_file id="fl-12d">
         <path>C:\ti\ccsv6\tools\compiler\ti-cgt-arm_5.2.4\lib\</path>
         <kind>archive</kind>
         <file>rtsv7M4_T_le_v4SPD16_eabi.lib</file>
         <name>copy_zero_init.obj</name>
      </input_file>
      <input_file id="fl-12e">
         <path>C:\ti\ccsv6\tools\compiler\ti-cgt-arm_5.2.4\lib\</path>
         <kind>archive</kind>
         <file>rtsv7M4_T_le_v4SPD16_eabi.lib</file>
         <name>exit.obj</name>
      </input_file>
      <input_file id="fl-12f">
         <path>C:\ti\ccsv6\tools\compiler\ti-cgt-arm_5.2.4\lib\</path>
         <kind>archive</kind>
         <file>rtsv7M4_T_le_v4SPD16_eabi.lib</file>
         <name>memcpy_t2.obj</name>
      </input_file>
      <input_file id="fl-130">
         <path>C:\ti\ccsv6\tools\compiler\ti-cgt-arm_5.2.4\lib\</path>
         <kind>archive</kind>
         <file>rtsv7M4_T_le_v4SPD16_eabi.lib</file>
         <name>memset_t2.obj</name>
      </input_file>
      <input_file id="fl-131">
         <path>C:\ti\ccsv6\tools\compiler\ti-cgt-arm_5.2.4\lib\</path>
         <kind>archive</kind>
         <file>rtsv7M4_T_le_v4SPD16_eabi.lib</file>
         <name>pre_init.obj</name>
      </input_file>
      <input_file id="fl-132">
         <path>C:\ti\ccsv6\tools\compiler\ti-cgt-arm_5.2.4\lib\</path>
         <kind>archive</kind>
         <file>rtsv7M4_T_le_v4SPD16_eabi.lib</file>
         <name>stkdepth_vars.obj</name>
      </input_file>
      <input_file id="fl-133">
         <path>C:\ti\ccsv6\tools\compiler\ti-cgt-arm_5.2.4\lib\</path>
         <kind>archive</kind>
         <file>rtsv7M4_T_le_v4SPD16_eabi.lib</file>
         <name>_lock.obj</name>
      </input_file>
      <input_file id="fl-134">
         <path>C:\ti\ccsv6\tools\compiler\ti-cgt-arm_5.2.4\lib\</path>
         <kind>archive</kind>
         <file>rtsv7M4_T_le_v4SPD16_eabi.lib</file>
         <name>args_main.obj</name>
      </input_file>
      <input_file id="fl-135">
         <path>C:\ti\ccsv6\tools\compiler\ti-cgt-arm_5.2.4\lib\</path>
         <kind>archive</kind>
         <file>rtsv7M4_T_le_v4SPD16_eabi.lib</file>
         <name>autoinit.obj</name>
      </input_file>
      <input_file id="fl-136">
         <path>C:\ti\ccsv6\tools\compiler\ti-cgt-arm_5.2.4\lib\</path>
         <kind>archive</kind>
         <file>rtsv7M4_T_le_v4SPD16_eabi.lib</file>
         <name>cpy_tbl.obj</name>
      </input_file>
   </input_file_list>
   <object_component_list>
      <object_component id="oc-10">
         <name>.intvecs</name>
         <load_address>0x0</load_address>
         <run_address>0x0</run_address>
         <size>0x144</size>
         <input_file_ref idref="fl-4"/>
      </object_component>
      <object_component id="oc-99">
         <name>.text</name>
         <load_address>0x144</load_address>
         <run_address>0x144</run_address>
         <size>0xf0</size>
         <input_file_ref idref="fl-2"/>
      </object_component>
      <object_component id="oc-34">
         <name>.text</name>
         <load_address>0x234</load_address>
         <run_address>0x234</run_address>
         <size>0x9c</size>
         <input_file_ref idref="fl-12f"/>
      </object_component>
      <object_component id="oc-2b">
         <name>.text</name>
         <load_address>0x2d0</load_address>
         <run_address>0x2d0</run_address>
         <size>0x9a</size>
         <input_file_ref idref="fl-4"/>
      </object_component>
      <object_component id="oc-4d">
         <name>.text</name>
         <load_address>0x36a</load_address>
         <run_address>0x36a</run_address>
         <size>0x7a</size>
         <input_file_ref idref="fl-130"/>
      </object_component>
      <object_component id="oc-ba">
         <name>.text</name>
         <load_address>0x3e4</load_address>
         <run_address>0x3e4</run_address>
         <size>0x78</size>
         <input_file_ref idref="fl-3"/>
      </object_component>
      <object_component id="oc-5f">
         <name>.text</name>
         <load_address>0x45c</load_address>
         <run_address>0x45c</run_address>
         <size>0x6c</size>
         <input_file_ref idref="fl-135"/>
      </object_component>
      <object_component id="oc-40">
         <name>.text</name>
         <load_address>0x4c8</load_address>
         <run_address>0x4c8</run_address>
         <size>0x6a</size>
         <input_file_ref idref="fl-12c"/>
      </object_component>
      <object_component id="oc-25">
         <name>.text</name>
         <load_address>0x534</load_address>
         <run_address>0x534</run_address>
         <size>0x50</size>
         <input_file_ref idref="fl-12a"/>
      </object_component>
      <object_component id="oc-91">
         <name>.text</name>
         <load_address>0x584</load_address>
         <run_address>0x584</run_address>
         <size>0x4c</size>
         <input_file_ref idref="fl-136"/>
      </object_component>
      <object_component id="oc-6b">
         <name>.text</name>
         <load_address>0x5d0</load_address>
         <run_address>0x5d0</run_address>
         <size>0x44</size>
         <input_file_ref idref="fl-12e"/>
      </object_component>
      <object_component id="oc-65">
         <name>.text</name>
         <load_address>0x614</load_address>
         <run_address>0x614</run_address>
         <size>0x18</size>
         <input_file_ref idref="fl-134"/>
      </object_component>
      <object_component id="oc-d1">
         <name>.text</name>
         <load_address>0x62c</load_address>
         <run_address>0x62c</run_address>
         <size>0x14</size>
         <input_file_ref idref="fl-133"/>
      </object_component>
      <object_component id="oc-13">
         <name>.text:decompress:none</name>
         <load_address>0x640</load_address>
         <run_address>0x640</run_address>
         <size>0xe</size>
         <input_file_ref idref="fl-12b"/>
      </object_component>
      <object_component id="oc-19">
         <name>.text:decompress:rle24</name>
         <load_address>0x64e</load_address>
         <run_address>0x64e</run_address>
         <size>0x6</size>
         <input_file_ref idref="fl-12c"/>
      </object_component>
      <object_component id="oc-59">
         <name>.text</name>
         <load_address>0x654</load_address>
         <run_address>0x654</run_address>
         <size>0x4</size>
         <input_file_ref idref="fl-131"/>
      </object_component>
      <object_component id="oc-c0">
         <name>.const:FSM</name>
         <load_address>0x658</load_address>
         <run_address>0x658</run_address>
         <size>0x60</size>
         <input_file_ref idref="fl-2"/>
      </object_component>
      <object_component id="oc-11b">
         <name>.cinit..data.load</name>
         <load_address>0x6b8</load_address>
         <run_address>0x6b8</run_address>
         <size>0xf</size>
      </object_component>
      <object_component id="oc-119">
         <name>__TI_handler_table</name>
         <load_address>0x6c8</load_address>
         <run_address>0x6c8</run_address>
         <size>0x8</size>
      </object_component>
      <object_component id="oc-11a">
         <name>__TI_cinit_table</name>
         <load_address>0x6d0</load_address>
         <run_address>0x6d0</run_address>
         <size>0x8</size>
      </object_component>
      <object_component id="oc-2a">
         <name>.stack</name>
         <uninitialized>true</uninitialized>
         <run_address>0x2000fe00</run_address>
         <size>0x0</size>
         <input_file_ref idref="fl-12a"/>
      </object_component>
      <object_component id="oc-11c">
         <name>.stack</name>
         <uninitialized>true</uninitialized>
         <run_address>0x2000fe00</run_address>
         <size>0x0</size>
      </object_component>
      <object_component id="oc-a4">
         <name>.data</name>
         <load_address>0x20000008</load_address>
         <run_address>0x20000008</run_address>
         <size>0x8</size>
         <input_file_ref idref="fl-12e"/>
      </object_component>
      <object_component id="oc-71">
         <name>.data</name>
         <load_address>0x20000010</load_address>
         <run_address>0x20000010</run_address>
         <size>0x4</size>
         <input_file_ref idref="fl-132"/>
      </object_component>
      <object_component id="oc-a1">
         <name>.data</name>
         <load_address>0x20000000</load_address>
         <run_address>0x20000000</run_address>
         <size>0x8</size>
         <input_file_ref idref="fl-133"/>
      </object_component>
      <object_component id="oc-c4">
         <name>.debug_info</name>
         <load_address>0x0</load_address>
         <run_address>0x0</run_address>
         <size>0x38a</size>
         <input_file_ref idref="fl-2"/>
      </object_component>
      <object_component id="oc-c1">
         <name>.debug_info</name>
         <load_address>0x38a</load_address>
         <run_address>0x38a</run_address>
         <size>0xe3</size>
         <input_file_ref idref="fl-2"/>
      </object_component>
      <object_component id="oc-9a">
         <name>.debug_info</name>
         <load_address>0x46d</load_address>
         <run_address>0x46d</run_address>
         <size>0x21c</size>
         <input_file_ref idref="fl-2"/>
      </object_component>
      <object_component id="oc-eb">
         <name>.debug_info</name>
         <load_address>0x689</load_address>
         <run_address>0x689</run_address>
         <size>0x103e</size>
         <input_file_ref idref="fl-2"/>
      </object_component>
      <object_component id="oc-f0">
         <name>.debug_info</name>
         <load_address>0x16c7</load_address>
         <run_address>0x16c7</run_address>
         <size>0x83</size>
         <input_file_ref idref="fl-2"/>
      </object_component>
      <object_component id="oc-78">
         <name>.debug_info</name>
         <load_address>0x174a</load_address>
         <run_address>0x174a</run_address>
         <size>0x84</size>
         <input_file_ref idref="fl-2"/>
      </object_component>
      <object_component id="oc-c5">
         <name>.debug_info</name>
         <load_address>0x17ce</load_address>
         <run_address>0x17ce</run_address>
         <size>0x18b</size>
         <input_file_ref idref="fl-2"/>
      </object_component>
      <object_component id="oc-bb">
         <name>.debug_info</name>
         <load_address>0x1959</load_address>
         <run_address>0x1959</run_address>
         <size>0x230</size>
         <input_file_ref idref="fl-3"/>
      </object_component>
      <object_component id="oc-33">
         <name>.debug_info</name>
         <load_address>0x1b89</load_address>
         <run_address>0x1b89</run_address>
         <size>0x10f</size>
         <input_file_ref idref="fl-4"/>
      </object_component>
      <object_component id="oc-11">
         <name>.debug_info</name>
         <load_address>0x1c98</load_address>
         <run_address>0x1c98</run_address>
         <size>0xfc</size>
         <input_file_ref idref="fl-4"/>
      </object_component>
      <object_component id="oc-2c">
         <name>.debug_info</name>
         <load_address>0x1d94</load_address>
         <run_address>0x1d94</run_address>
         <size>0x16a8</size>
         <input_file_ref idref="fl-4"/>
      </object_component>
      <object_component id="oc-28">
         <name>.debug_info</name>
         <load_address>0x343c</load_address>
         <run_address>0x343c</run_address>
         <size>0x136</size>
         <input_file_ref idref="fl-12a"/>
      </object_component>
      <object_component id="oc-3f">
         <name>.debug_info</name>
         <load_address>0x3572</load_address>
         <run_address>0x3572</run_address>
         <size>0x123</size>
         <input_file_ref idref="fl-12b"/>
      </object_component>
      <object_component id="oc-17">
         <name>.debug_info</name>
         <load_address>0x3695</load_address>
         <run_address>0x3695</run_address>
         <size>0x1c2</size>
         <input_file_ref idref="fl-12b"/>
      </object_component>
      <object_component id="oc-3a">
         <name>.debug_info</name>
         <load_address>0x3857</load_address>
         <run_address>0x3857</run_address>
         <size>0x46</size>
         <input_file_ref idref="fl-12b"/>
      </object_component>
      <object_component id="oc-7e">
         <name>.debug_info</name>
         <load_address>0x389d</load_address>
         <run_address>0x389d</run_address>
         <size>0x2c</size>
         <input_file_ref idref="fl-12b"/>
      </object_component>
      <object_component id="oc-47">
         <name>.debug_info</name>
         <load_address>0x38c9</load_address>
         <run_address>0x38c9</run_address>
         <size>0x117</size>
         <input_file_ref idref="fl-12c"/>
      </object_component>
      <object_component id="oc-41">
         <name>.debug_info</name>
         <load_address>0x39e0</load_address>
         <run_address>0x39e0</run_address>
         <size>0x22a</size>
         <input_file_ref idref="fl-12c"/>
      </object_component>
      <object_component id="oc-1a">
         <name>.debug_info</name>
         <load_address>0x3c0a</load_address>
         <run_address>0x3c0a</run_address>
         <size>0x194</size>
         <input_file_ref idref="fl-12c"/>
      </object_component>
      <object_component id="oc-48">
         <name>.debug_info</name>
         <load_address>0x3d9e</load_address>
         <run_address>0x3d9e</run_address>
         <size>0x39</size>
         <input_file_ref idref="fl-12c"/>
      </object_component>
      <object_component id="oc-88">
         <name>.debug_info</name>
         <load_address>0x3dd7</load_address>
         <run_address>0x3dd7</run_address>
         <size>0x2c</size>
         <input_file_ref idref="fl-12c"/>
      </object_component>
      <object_component id="oc-a8">
         <name>.debug_info</name>
         <load_address>0x3e03</load_address>
         <run_address>0x3e03</run_address>
         <size>0x174</size>
         <input_file_ref idref="fl-12e"/>
      </object_component>
      <object_component id="oc-a5">
         <name>.debug_info</name>
         <load_address>0x3f77</load_address>
         <run_address>0x3f77</run_address>
         <size>0x119</size>
         <input_file_ref idref="fl-12e"/>
      </object_component>
      <object_component id="oc-6d">
         <name>.debug_info</name>
         <load_address>0x4090</load_address>
         <run_address>0x4090</run_address>
         <size>0x1f0</size>
         <input_file_ref idref="fl-12e"/>
      </object_component>
      <object_component id="oc-35">
         <name>.debug_info</name>
         <load_address>0x4280</load_address>
         <run_address>0x4280</run_address>
         <size>0xf8</size>
         <input_file_ref idref="fl-12f"/>
      </object_component>
      <object_component id="oc-4e">
         <name>.debug_info</name>
         <load_address>0x4378</load_address>
         <run_address>0x4378</run_address>
         <size>0x126</size>
         <input_file_ref idref="fl-130"/>
      </object_component>
      <object_component id="oc-5a">
         <name>.debug_info</name>
         <load_address>0x449e</load_address>
         <run_address>0x449e</run_address>
         <size>0x12b</size>
         <input_file_ref idref="fl-131"/>
      </object_component>
      <object_component id="oc-72">
         <name>.debug_info</name>
         <load_address>0x45c9</load_address>
         <run_address>0x45c9</run_address>
         <size>0xec</size>
         <input_file_ref idref="fl-132"/>
      </object_component>
      <object_component id="oc-d9">
         <name>.debug_info</name>
         <load_address>0x46b5</load_address>
         <run_address>0x46b5</run_address>
         <size>0x107</size>
         <input_file_ref idref="fl-133"/>
      </object_component>
      <object_component id="oc-a2">
         <name>.debug_info</name>
         <load_address>0x47bc</load_address>
         <run_address>0x47bc</run_address>
         <size>0xf6</size>
         <input_file_ref idref="fl-133"/>
      </object_component>
      <object_component id="oc-d2">
         <name>.debug_info</name>
         <load_address>0x48b2</load_address>
         <run_address>0x48b2</run_address>
         <size>0x202</size>
         <input_file_ref idref="fl-133"/>
      </object_component>
      <object_component id="oc-a0">
         <name>.debug_info</name>
         <load_address>0x4ab4</load_address>
         <run_address>0x4ab4</run_address>
         <size>0x149</size>
         <input_file_ref idref="fl-134"/>
      </object_component>
      <object_component id="oc-66">
         <name>.debug_info</name>
         <load_address>0x4bfd</load_address>
         <run_address>0x4bfd</run_address>
         <size>0x14a</size>
         <input_file_ref idref="fl-134"/>
      </object_component>
      <object_component id="oc-cc">
         <name>.debug_info</name>
         <load_address>0x4d47</load_address>
         <run_address>0x4d47</run_address>
         <size>0x5e</size>
         <input_file_ref idref="fl-134"/>
      </object_component>
      <object_component id="oc-98">
         <name>.debug_info</name>
         <load_address>0x4da5</load_address>
         <run_address>0x4da5</run_address>
         <size>0x2a0</size>
         <input_file_ref idref="fl-135"/>
      </object_component>
      <object_component id="oc-60">
         <name>.debug_info</name>
         <load_address>0x5045</load_address>
         <run_address>0x5045</run_address>
         <size>0x15a</size>
         <input_file_ref idref="fl-135"/>
      </object_component>
      <object_component id="oc-b0">
         <name>.debug_info</name>
         <load_address>0x519f</load_address>
         <run_address>0x519f</run_address>
         <size>0x39</size>
         <input_file_ref idref="fl-135"/>
      </object_component>
      <object_component id="oc-b5">
         <name>.debug_info</name>
         <load_address>0x51d8</load_address>
         <run_address>0x51d8</run_address>
         <size>0xcd</size>
         <input_file_ref idref="fl-135"/>
      </object_component>
      <object_component id="oc-ad">
         <name>.debug_info</name>
         <load_address>0x52a5</load_address>
         <run_address>0x52a5</run_address>
         <size>0x1c3</size>
         <input_file_ref idref="fl-136"/>
      </object_component>
      <object_component id="oc-92">
         <name>.debug_info</name>
         <load_address>0x5468</load_address>
         <run_address>0x5468</run_address>
         <size>0x166</size>
         <input_file_ref idref="fl-136"/>
      </object_component>
      <object_component id="oc-e1">
         <name>.debug_info</name>
         <load_address>0x55ce</load_address>
         <run_address>0x55ce</run_address>
         <size>0x2c</size>
         <input_file_ref idref="fl-136"/>
      </object_component>
      <object_component id="oc-11d">
         <name>.debug_info</name>
         <load_address>0x55fa</load_address>
         <run_address>0x55fa</run_address>
         <size>0xb4</size>
      </object_component>
      <object_component id="oc-ea">
         <name>.debug_line</name>
         <load_address>0x0</load_address>
         <run_address>0x0</run_address>
         <size>0x30</size>
         <input_file_ref idref="fl-2"/>
      </object_component>
      <object_component id="oc-e8">
         <name>.debug_line</name>
         <load_address>0x30</load_address>
         <run_address>0x30</run_address>
         <size>0x3c</size>
         <input_file_ref idref="fl-2"/>
      </object_component>
      <object_component id="oc-9d">
         <name>.debug_line</name>
         <load_address>0x6c</load_address>
         <run_address>0x6c</run_address>
         <size>0x8a</size>
         <input_file_ref idref="fl-2"/>
      </object_component>
      <object_component id="oc-ee">
         <name>.debug_line</name>
         <load_address>0xf6</load_address>
         <run_address>0xf6</run_address>
         <size>0x55</size>
         <input_file_ref idref="fl-2"/>
      </object_component>
      <object_component id="oc-f3">
         <name>.debug_line</name>
         <load_address>0x14b</load_address>
         <run_address>0x14b</run_address>
         <size>0x3c</size>
         <input_file_ref idref="fl-2"/>
      </object_component>
      <object_component id="oc-7b">
         <name>.debug_line</name>
         <load_address>0x187</load_address>
         <run_address>0x187</run_address>
         <size>0x20</size>
         <input_file_ref idref="fl-2"/>
      </object_component>
      <object_component id="oc-c8">
         <name>.debug_line</name>
         <load_address>0x1a7</load_address>
         <run_address>0x1a7</run_address>
         <size>0x60</size>
         <input_file_ref idref="fl-2"/>
      </object_component>
      <object_component id="oc-be">
         <name>.debug_line</name>
         <load_address>0x207</load_address>
         <run_address>0x207</run_address>
         <size>0x92</size>
         <input_file_ref idref="fl-3"/>
      </object_component>
      <object_component id="oc-77">
         <name>.debug_line</name>
         <load_address>0x299</load_address>
         <run_address>0x299</run_address>
         <size>0x3b</size>
         <input_file_ref idref="fl-4"/>
      </object_component>
      <object_component id="oc-32">
         <name>.debug_line</name>
         <load_address>0x2d4</load_address>
         <run_address>0x2d4</run_address>
         <size>0x3b</size>
         <input_file_ref idref="fl-4"/>
      </object_component>
      <object_component id="oc-2f">
         <name>.debug_line</name>
         <load_address>0x30f</load_address>
         <run_address>0x30f</run_address>
         <size>0x55a</size>
         <input_file_ref idref="fl-4"/>
      </object_component>
      <object_component id="oc-26">
         <name>.debug_line</name>
         <load_address>0x869</load_address>
         <run_address>0x869</run_address>
         <size>0x52</size>
         <input_file_ref idref="fl-12a"/>
      </object_component>
      <object_component id="oc-84">
         <name>.debug_line</name>
         <load_address>0x8bb</load_address>
         <run_address>0x8bb</run_address>
         <size>0x72</size>
         <input_file_ref idref="fl-12b"/>
      </object_component>
      <object_component id="oc-16">
         <name>.debug_line</name>
         <load_address>0x92d</load_address>
         <run_address>0x92d</run_address>
         <size>0x55</size>
         <input_file_ref idref="fl-12b"/>
      </object_component>
      <object_component id="oc-3d">
         <name>.debug_line</name>
         <load_address>0x982</load_address>
         <run_address>0x982</run_address>
         <size>0x3a</size>
         <input_file_ref idref="fl-12b"/>
      </object_component>
      <object_component id="oc-81">
         <name>.debug_line</name>
         <load_address>0x9bc</load_address>
         <run_address>0x9bc</run_address>
         <size>0x72</size>
         <input_file_ref idref="fl-12b"/>
      </object_component>
      <object_component id="oc-87">
         <name>.debug_line</name>
         <load_address>0xa2e</load_address>
         <run_address>0xa2e</run_address>
         <size>0x72</size>
         <input_file_ref idref="fl-12c"/>
      </object_component>
      <object_component id="oc-44">
         <name>.debug_line</name>
         <load_address>0xaa0</load_address>
         <run_address>0xaa0</run_address>
         <size>0x98</size>
         <input_file_ref idref="fl-12c"/>
      </object_component>
      <object_component id="oc-1d">
         <name>.debug_line</name>
         <load_address>0xb38</load_address>
         <run_address>0xb38</run_address>
         <size>0x4b</size>
         <input_file_ref idref="fl-12c"/>
      </object_component>
      <object_component id="oc-4b">
         <name>.debug_line</name>
         <load_address>0xb83</load_address>
         <run_address>0xb83</run_address>
         <size>0x39</size>
         <input_file_ref idref="fl-12c"/>
      </object_component>
      <object_component id="oc-8b">
         <name>.debug_line</name>
         <load_address>0xbbc</load_address>
         <run_address>0xbbc</run_address>
         <size>0x72</size>
         <input_file_ref idref="fl-12c"/>
      </object_component>
      <object_component id="oc-de">
         <name>.debug_line</name>
         <load_address>0xc2e</load_address>
         <run_address>0xc2e</run_address>
         <size>0x71</size>
         <input_file_ref idref="fl-12e"/>
      </object_component>
      <object_component id="oc-dc">
         <name>.debug_line</name>
         <load_address>0xc9f</load_address>
         <run_address>0xc9f</run_address>
         <size>0x2a</size>
         <input_file_ref idref="fl-12e"/>
      </object_component>
      <object_component id="oc-70">
         <name>.debug_line</name>
         <load_address>0xcc9</load_address>
         <run_address>0xcc9</run_address>
         <size>0x7a</size>
         <input_file_ref idref="fl-12e"/>
      </object_component>
      <object_component id="oc-38">
         <name>.debug_line</name>
         <load_address>0xd43</load_address>
         <run_address>0xd43</run_address>
         <size>0x88</size>
         <input_file_ref idref="fl-12f"/>
      </object_component>
      <object_component id="oc-51">
         <name>.debug_line</name>
         <load_address>0xdcb</load_address>
         <run_address>0xdcb</run_address>
         <size>0x79</size>
         <input_file_ref idref="fl-130"/>
      </object_component>
      <object_component id="oc-5d">
         <name>.debug_line</name>
         <load_address>0xe44</load_address>
         <run_address>0xe44</run_address>
         <size>0x40</size>
         <input_file_ref idref="fl-131"/>
      </object_component>
      <object_component id="oc-ab">
         <name>.debug_line</name>
         <load_address>0xe84</load_address>
         <run_address>0xe84</run_address>
         <size>0x33</size>
         <input_file_ref idref="fl-132"/>
      </object_component>
      <object_component id="oc-f7">
         <name>.debug_line</name>
         <load_address>0xeb7</load_address>
         <run_address>0xeb7</run_address>
         <size>0x20</size>
         <input_file_ref idref="fl-133"/>
      </object_component>
      <object_component id="oc-d8">
         <name>.debug_line</name>
         <load_address>0xed7</load_address>
         <run_address>0xed7</run_address>
         <size>0x2b</size>
         <input_file_ref idref="fl-133"/>
      </object_component>
      <object_component id="oc-d5">
         <name>.debug_line</name>
         <load_address>0xf02</load_address>
         <run_address>0xf02</run_address>
         <size>0x68</size>
         <input_file_ref idref="fl-133"/>
      </object_component>
      <object_component id="oc-cb">
         <name>.debug_line</name>
         <load_address>0xf6a</load_address>
         <run_address>0xf6a</run_address>
         <size>0x2b</size>
         <input_file_ref idref="fl-134"/>
      </object_component>
      <object_component id="oc-69">
         <name>.debug_line</name>
         <load_address>0xf95</load_address>
         <run_address>0xf95</run_address>
         <size>0x50</size>
         <input_file_ref idref="fl-134"/>
      </object_component>
      <object_component id="oc-cf">
         <name>.debug_line</name>
         <load_address>0xfe5</load_address>
         <run_address>0xfe5</run_address>
         <size>0x2b</size>
         <input_file_ref idref="fl-134"/>
      </object_component>
      <object_component id="oc-af">
         <name>.debug_line</name>
         <load_address>0x1010</load_address>
         <run_address>0x1010</run_address>
         <size>0x81</size>
         <input_file_ref idref="fl-135"/>
      </object_component>
      <object_component id="oc-63">
         <name>.debug_line</name>
         <load_address>0x1091</load_address>
         <run_address>0x1091</run_address>
         <size>0x79</size>
         <input_file_ref idref="fl-135"/>
      </object_component>
      <object_component id="oc-b3">
         <name>.debug_line</name>
         <load_address>0x110a</load_address>
         <run_address>0x110a</run_address>
         <size>0x2e</size>
         <input_file_ref idref="fl-135"/>
      </object_component>
      <object_component id="oc-b8">
         <name>.debug_line</name>
         <load_address>0x1138</load_address>
         <run_address>0x1138</run_address>
         <size>0x73</size>
         <input_file_ref idref="fl-135"/>
      </object_component>
      <object_component id="oc-e0">
         <name>.debug_line</name>
         <load_address>0x11ab</load_address>
         <run_address>0x11ab</run_address>
         <size>0x80</size>
         <input_file_ref idref="fl-136"/>
      </object_component>
      <object_component id="oc-95">
         <name>.debug_line</name>
         <load_address>0x122b</load_address>
         <run_address>0x122b</run_address>
         <size>0x68</size>
         <input_file_ref idref="fl-136"/>
      </object_component>
      <object_component id="oc-e4">
         <name>.debug_line</name>
         <load_address>0x1293</load_address>
         <run_address>0x1293</run_address>
         <size>0x2e</size>
         <input_file_ref idref="fl-136"/>
      </object_component>
      <object_component id="oc-9e">
         <name>.debug_frame</name>
         <load_address>0x0</load_address>
         <run_address>0x0</run_address>
         <size>0xa6</size>
         <input_file_ref idref="fl-2"/>
      </object_component>
      <object_component id="oc-bf">
         <name>.debug_frame</name>
         <load_address>0xa6</load_address>
         <run_address>0xa6</run_address>
         <size>0xb2</size>
         <input_file_ref idref="fl-3"/>
      </object_component>
      <object_component id="oc-30">
         <name>.debug_frame</name>
         <load_address>0x158</load_address>
         <run_address>0x158</run_address>
         <size>0x404</size>
         <input_file_ref idref="fl-4"/>
      </object_component>
      <object_component id="oc-14">
         <name>.debug_frame</name>
         <load_address>0x55c</load_address>
         <run_address>0x55c</run_address>
         <size>0x7f</size>
         <input_file_ref idref="fl-12b"/>
      </object_component>
      <object_component id="oc-45">
         <name>.debug_frame</name>
         <load_address>0x5db</load_address>
         <run_address>0x5db</run_address>
         <size>0x8e</size>
         <input_file_ref idref="fl-12c"/>
      </object_component>
      <object_component id="oc-1e">
         <name>.debug_frame</name>
         <load_address>0x669</load_address>
         <run_address>0x669</run_address>
         <size>0x7f</size>
         <input_file_ref idref="fl-12c"/>
      </object_component>
      <object_component id="oc-6c">
         <name>.debug_frame</name>
         <load_address>0x6e8</load_address>
         <run_address>0x6e8</run_address>
         <size>0xb3</size>
         <input_file_ref idref="fl-12e"/>
      </object_component>
      <object_component id="oc-5e">
         <name>.debug_frame</name>
         <load_address>0x79b</load_address>
         <run_address>0x79b</run_address>
         <size>0x7f</size>
         <input_file_ref idref="fl-131"/>
      </object_component>
      <object_component id="oc-d6">
         <name>.debug_frame</name>
         <load_address>0x81a</load_address>
         <run_address>0x81a</run_address>
         <size>0xa1</size>
         <input_file_ref idref="fl-133"/>
      </object_component>
      <object_component id="oc-6a">
         <name>.debug_frame</name>
         <load_address>0x8bb</load_address>
         <run_address>0x8bb</run_address>
         <size>0x7f</size>
         <input_file_ref idref="fl-134"/>
      </object_component>
      <object_component id="oc-64">
         <name>.debug_frame</name>
         <load_address>0x93a</load_address>
         <run_address>0x93a</run_address>
         <size>0x8a</size>
         <input_file_ref idref="fl-135"/>
      </object_component>
      <object_component id="oc-96">
         <name>.debug_frame</name>
         <load_address>0x9c4</load_address>
         <run_address>0x9c4</run_address>
         <size>0x8e</size>
         <input_file_ref idref="fl-136"/>
      </object_component>
      <object_component id="oc-e9">
         <name>.debug_abbrev</name>
         <load_address>0x0</load_address>
         <run_address>0x0</run_address>
         <size>0xa0</size>
         <input_file_ref idref="fl-2"/>
      </object_component>
      <object_component id="oc-e7">
         <name>.debug_abbrev</name>
         <load_address>0xa0</load_address>
         <run_address>0xa0</run_address>
         <size>0x29</size>
         <input_file_ref idref="fl-2"/>
      </object_component>
      <object_component id="oc-c3">
         <name>.debug_abbrev</name>
         <load_address>0xc9</load_address>
         <run_address>0xc9</run_address>
         <size>0x62</size>
         <input_file_ref idref="fl-2"/>
      </object_component>
      <object_component id="oc-ed">
         <name>.debug_abbrev</name>
         <load_address>0x12b</load_address>
         <run_address>0x12b</run_address>
         <size>0x97</size>
         <input_file_ref idref="fl-2"/>
      </object_component>
      <object_component id="oc-f2">
         <name>.debug_abbrev</name>
         <load_address>0x1c2</load_address>
         <run_address>0x1c2</run_address>
         <size>0x4b</size>
         <input_file_ref idref="fl-2"/>
      </object_component>
      <object_component id="oc-7a">
         <name>.debug_abbrev</name>
         <load_address>0x20d</load_address>
         <run_address>0x20d</run_address>
         <size>0x1f</size>
         <input_file_ref idref="fl-2"/>
      </object_component>
      <object_component id="oc-c7">
         <name>.debug_abbrev</name>
         <load_address>0x22c</load_address>
         <run_address>0x22c</run_address>
         <size>0x35</size>
         <input_file_ref idref="fl-2"/>
      </object_component>
      <object_component id="oc-e6">
         <name>.debug_abbrev</name>
         <load_address>0x261</load_address>
         <run_address>0x261</run_address>
         <size>0x7a</size>
         <input_file_ref idref="fl-3"/>
      </object_component>
      <object_component id="oc-76">
         <name>.debug_abbrev</name>
         <load_address>0x2db</load_address>
         <run_address>0x2db</run_address>
         <size>0x5d</size>
         <input_file_ref idref="fl-4"/>
      </object_component>
      <object_component id="oc-31">
         <name>.debug_abbrev</name>
         <load_address>0x338</load_address>
         <run_address>0x338</run_address>
         <size>0x29</size>
         <input_file_ref idref="fl-4"/>
      </object_component>
      <object_component id="oc-75">
         <name>.debug_abbrev</name>
         <load_address>0x361</load_address>
         <run_address>0x361</run_address>
         <size>0xf8</size>
         <input_file_ref idref="fl-4"/>
      </object_component>
      <object_component id="oc-74">
         <name>.debug_abbrev</name>
         <load_address>0x459</load_address>
         <run_address>0x459</run_address>
         <size>0x3e</size>
         <input_file_ref idref="fl-12a"/>
      </object_component>
      <object_component id="oc-83">
         <name>.debug_abbrev</name>
         <load_address>0x497</load_address>
         <run_address>0x497</run_address>
         <size>0x52</size>
         <input_file_ref idref="fl-12b"/>
      </object_component>
      <object_component id="oc-39">
         <name>.debug_abbrev</name>
         <load_address>0x4e9</load_address>
         <run_address>0x4e9</run_address>
         <size>0x74</size>
         <input_file_ref idref="fl-12b"/>
      </object_component>
      <object_component id="oc-3c">
         <name>.debug_abbrev</name>
         <load_address>0x55d</load_address>
         <run_address>0x55d</run_address>
         <size>0x24</size>
         <input_file_ref idref="fl-12b"/>
      </object_component>
      <object_component id="oc-80">
         <name>.debug_abbrev</name>
         <load_address>0x581</load_address>
         <run_address>0x581</run_address>
         <size>0x24</size>
         <input_file_ref idref="fl-12b"/>
      </object_component>
      <object_component id="oc-86">
         <name>.debug_abbrev</name>
         <load_address>0x5a5</load_address>
         <run_address>0x5a5</run_address>
         <size>0x52</size>
         <input_file_ref idref="fl-12c"/>
      </object_component>
      <object_component id="oc-85">
         <name>.debug_abbrev</name>
         <load_address>0x5f7</load_address>
         <run_address>0x5f7</run_address>
         <size>0x7b</size>
         <input_file_ref idref="fl-12c"/>
      </object_component>
      <object_component id="oc-46">
         <name>.debug_abbrev</name>
         <load_address>0x672</load_address>
         <run_address>0x672</run_address>
         <size>0x66</size>
         <input_file_ref idref="fl-12c"/>
      </object_component>
      <object_component id="oc-4a">
         <name>.debug_abbrev</name>
         <load_address>0x6d8</load_address>
         <run_address>0x6d8</run_address>
         <size>0x24</size>
         <input_file_ref idref="fl-12c"/>
      </object_component>
      <object_component id="oc-8a">
         <name>.debug_abbrev</name>
         <load_address>0x6fc</load_address>
         <run_address>0x6fc</run_address>
         <size>0x24</size>
         <input_file_ref idref="fl-12c"/>
      </object_component>
      <object_component id="oc-dd">
         <name>.debug_abbrev</name>
         <load_address>0x720</load_address>
         <run_address>0x720</run_address>
         <size>0x6b</size>
         <input_file_ref idref="fl-12e"/>
      </object_component>
      <object_component id="oc-db">
         <name>.debug_abbrev</name>
         <load_address>0x78b</load_address>
         <run_address>0x78b</run_address>
         <size>0x29</size>
         <input_file_ref idref="fl-12e"/>
      </object_component>
      <object_component id="oc-a7">
         <name>.debug_abbrev</name>
         <load_address>0x7b4</load_address>
         <run_address>0x7b4</run_address>
         <size>0xba</size>
         <input_file_ref idref="fl-12e"/>
      </object_component>
      <object_component id="oc-7d">
         <name>.debug_abbrev</name>
         <load_address>0x86e</load_address>
         <run_address>0x86e</run_address>
         <size>0x3e</size>
         <input_file_ref idref="fl-12f"/>
      </object_component>
      <object_component id="oc-8d">
         <name>.debug_abbrev</name>
         <load_address>0x8ac</load_address>
         <run_address>0x8ac</run_address>
         <size>0x4f</size>
         <input_file_ref idref="fl-130"/>
      </object_component>
      <object_component id="oc-90">
         <name>.debug_abbrev</name>
         <load_address>0x8fb</load_address>
         <run_address>0x8fb</run_address>
         <size>0x55</size>
         <input_file_ref idref="fl-131"/>
      </object_component>
      <object_component id="oc-aa">
         <name>.debug_abbrev</name>
         <load_address>0x950</load_address>
         <run_address>0x950</run_address>
         <size>0x27</size>
         <input_file_ref idref="fl-132"/>
      </object_component>
      <object_component id="oc-f6">
         <name>.debug_abbrev</name>
         <load_address>0x977</load_address>
         <run_address>0x977</run_address>
         <size>0x45</size>
         <input_file_ref idref="fl-133"/>
      </object_component>
      <object_component id="oc-d7">
         <name>.debug_abbrev</name>
         <load_address>0x9bc</load_address>
         <run_address>0x9bc</run_address>
         <size>0x29</size>
         <input_file_ref idref="fl-133"/>
      </object_component>
      <object_component id="oc-f5">
         <name>.debug_abbrev</name>
         <load_address>0x9e5</load_address>
         <run_address>0x9e5</run_address>
         <size>0x6f</size>
         <input_file_ref idref="fl-133"/>
      </object_component>
      <object_component id="oc-ca">
         <name>.debug_abbrev</name>
         <load_address>0xa54</load_address>
         <run_address>0xa54</run_address>
         <size>0x8e</size>
         <input_file_ref idref="fl-134"/>
      </object_component>
      <object_component id="oc-9f">
         <name>.debug_abbrev</name>
         <load_address>0xae2</load_address>
         <run_address>0xae2</run_address>
         <size>0x68</size>
         <input_file_ref idref="fl-134"/>
      </object_component>
      <object_component id="oc-ce">
         <name>.debug_abbrev</name>
         <load_address>0xb4a</load_address>
         <run_address>0xb4a</run_address>
         <size>0x49</size>
         <input_file_ref idref="fl-134"/>
      </object_component>
      <object_component id="oc-ae">
         <name>.debug_abbrev</name>
         <load_address>0xb93</load_address>
         <run_address>0xb93</run_address>
         <size>0x9a</size>
         <input_file_ref idref="fl-135"/>
      </object_component>
      <object_component id="oc-97">
         <name>.debug_abbrev</name>
         <load_address>0xc2d</load_address>
         <run_address>0xc2d</run_address>
         <size>0x7e</size>
         <input_file_ref idref="fl-135"/>
      </object_component>
      <object_component id="oc-b2">
         <name>.debug_abbrev</name>
         <load_address>0xcab</load_address>
         <run_address>0xcab</run_address>
         <size>0x24</size>
         <input_file_ref idref="fl-135"/>
      </object_component>
      <object_component id="oc-b7">
         <name>.debug_abbrev</name>
         <load_address>0xccf</load_address>
         <run_address>0xccf</run_address>
         <size>0x4b</size>
         <input_file_ref idref="fl-135"/>
      </object_component>
      <object_component id="oc-df">
         <name>.debug_abbrev</name>
         <load_address>0xd1a</load_address>
         <run_address>0xd1a</run_address>
         <size>0x9c</size>
         <input_file_ref idref="fl-136"/>
      </object_component>
      <object_component id="oc-ac">
         <name>.debug_abbrev</name>
         <load_address>0xdb6</load_address>
         <run_address>0xdb6</run_address>
         <size>0x8c</size>
         <input_file_ref idref="fl-136"/>
      </object_component>
      <object_component id="oc-e3">
         <name>.debug_abbrev</name>
         <load_address>0xe42</load_address>
         <run_address>0xe42</run_address>
         <size>0x24</size>
         <input_file_ref idref="fl-136"/>
      </object_component>
      <object_component id="oc-11e">
         <name>.debug_abbrev</name>
         <load_address>0xe66</load_address>
         <run_address>0xe66</run_address>
         <size>0xf</size>
      </object_component>
      <object_component id="oc-ef">
         <name>.debug_str</name>
         <load_address>0x0</load_address>
         <run_address>0x0</run_address>
         <size>0x47e</size>
         <input_file_ref idref="fl-2"/>
      </object_component>
      <object_component id="oc-f4">
         <name>.debug_str</name>
         <load_address>0x47e</load_address>
         <run_address>0x47e</run_address>
         <size>0xe5</size>
         <input_file_ref idref="fl-2"/>
      </object_component>
      <object_component id="oc-7c">
         <name>.debug_str</name>
         <load_address>0x563</load_address>
         <run_address>0x563</run_address>
         <size>0xf5</size>
         <input_file_ref idref="fl-2"/>
      </object_component>
      <object_component id="oc-c9">
         <name>.debug_str</name>
         <load_address>0x658</load_address>
         <run_address>0x658</run_address>
         <size>0x222</size>
         <input_file_ref idref="fl-2"/>
      </object_component>
      <object_component id="oc-3e">
         <name>.debug_str</name>
         <load_address>0x87a</load_address>
         <run_address>0x87a</run_address>
         <size>0xe3</size>
         <input_file_ref idref="fl-12b"/>
      </object_component>
      <object_component id="oc-82">
         <name>.debug_str</name>
         <load_address>0x95d</load_address>
         <run_address>0x95d</run_address>
         <size>0xf8</size>
         <input_file_ref idref="fl-12b"/>
      </object_component>
      <object_component id="oc-4c">
         <name>.debug_str</name>
         <load_address>0xa55</load_address>
         <run_address>0xa55</run_address>
         <size>0xd5</size>
         <input_file_ref idref="fl-12c"/>
      </object_component>
      <object_component id="oc-8c">
         <name>.debug_str</name>
         <load_address>0xb2a</load_address>
         <run_address>0xb2a</run_address>
         <size>0xf8</size>
         <input_file_ref idref="fl-12c"/>
      </object_component>
      <object_component id="oc-d0">
         <name>.debug_str</name>
         <load_address>0xc22</load_address>
         <run_address>0xc22</run_address>
         <size>0xb9</size>
         <input_file_ref idref="fl-134"/>
      </object_component>
      <object_component id="oc-b4">
         <name>.debug_str</name>
         <load_address>0xcdb</load_address>
         <run_address>0xcdb</run_address>
         <size>0xc5</size>
         <input_file_ref idref="fl-135"/>
      </object_component>
      <object_component id="oc-b9">
         <name>.debug_str</name>
         <load_address>0xda0</load_address>
         <run_address>0xda0</run_address>
         <size>0x14f</size>
         <input_file_ref idref="fl-135"/>
      </object_component>
      <object_component id="oc-e5">
         <name>.debug_str</name>
         <load_address>0xeef</load_address>
         <run_address>0xeef</run_address>
         <size>0xba</size>
         <input_file_ref idref="fl-136"/>
      </object_component>
      <object_component id="oc-9b">
         <name>.debug_aranges</name>
         <load_address>0x0</load_address>
         <run_address>0x0</run_address>
         <size>0x28</size>
         <input_file_ref idref="fl-2"/>
      </object_component>
      <object_component id="oc-bc">
         <name>.debug_aranges</name>
         <load_address>0x28</load_address>
         <run_address>0x28</run_address>
         <size>0x30</size>
         <input_file_ref idref="fl-3"/>
      </object_component>
      <object_component id="oc-2d">
         <name>.debug_aranges</name>
         <load_address>0x58</load_address>
         <run_address>0x58</run_address>
         <size>0x1c8</size>
         <input_file_ref idref="fl-4"/>
      </object_component>
      <object_component id="oc-27">
         <name>.debug_aranges</name>
         <load_address>0x220</load_address>
         <run_address>0x220</run_address>
         <size>0x20</size>
         <input_file_ref idref="fl-12a"/>
      </object_component>
      <object_component id="oc-15">
         <name>.debug_aranges</name>
         <load_address>0x240</load_address>
         <run_address>0x240</run_address>
         <size>0x20</size>
         <input_file_ref idref="fl-12b"/>
      </object_component>
      <object_component id="oc-43">
         <name>.debug_aranges</name>
         <load_address>0x260</load_address>
         <run_address>0x260</run_address>
         <size>0x20</size>
         <input_file_ref idref="fl-12c"/>
      </object_component>
      <object_component id="oc-1c">
         <name>.debug_aranges</name>
         <load_address>0x280</load_address>
         <run_address>0x280</run_address>
         <size>0x20</size>
         <input_file_ref idref="fl-12c"/>
      </object_component>
      <object_component id="oc-6e">
         <name>.debug_aranges</name>
         <load_address>0x2a0</load_address>
         <run_address>0x2a0</run_address>
         <size>0x30</size>
         <input_file_ref idref="fl-12e"/>
      </object_component>
      <object_component id="oc-36">
         <name>.debug_aranges</name>
         <load_address>0x2d0</load_address>
         <run_address>0x2d0</run_address>
         <size>0x20</size>
         <input_file_ref idref="fl-12f"/>
      </object_component>
      <object_component id="oc-4f">
         <name>.debug_aranges</name>
         <load_address>0x2f0</load_address>
         <run_address>0x2f0</run_address>
         <size>0x28</size>
         <input_file_ref idref="fl-130"/>
      </object_component>
      <object_component id="oc-5b">
         <name>.debug_aranges</name>
         <load_address>0x318</load_address>
         <run_address>0x318</run_address>
         <size>0x20</size>
         <input_file_ref idref="fl-131"/>
      </object_component>
      <object_component id="oc-d3">
         <name>.debug_aranges</name>
         <load_address>0x338</load_address>
         <run_address>0x338</run_address>
         <size>0x30</size>
         <input_file_ref idref="fl-133"/>
      </object_component>
      <object_component id="oc-67">
         <name>.debug_aranges</name>
         <load_address>0x368</load_address>
         <run_address>0x368</run_address>
         <size>0x20</size>
         <input_file_ref idref="fl-134"/>
      </object_component>
      <object_component id="oc-61">
         <name>.debug_aranges</name>
         <load_address>0x388</load_address>
         <run_address>0x388</run_address>
         <size>0x20</size>
         <input_file_ref idref="fl-135"/>
      </object_component>
      <object_component id="oc-93">
         <name>.debug_aranges</name>
         <load_address>0x3a8</load_address>
         <run_address>0x3a8</run_address>
         <size>0x20</size>
         <input_file_ref idref="fl-136"/>
      </object_component>
      <object_component id="oc-c2">
         <name>.debug_pubnames</name>
         <load_address>0x0</load_address>
         <run_address>0x0</run_address>
         <size>0x1a</size>
         <input_file_ref idref="fl-2"/>
      </object_component>
      <object_component id="oc-9c">
         <name>.debug_pubnames</name>
         <load_address>0x1a</load_address>
         <run_address>0x1a</run_address>
         <size>0x25</size>
         <input_file_ref idref="fl-2"/>
      </object_component>
      <object_component id="oc-bd">
         <name>.debug_pubnames</name>
         <load_address>0x3f</load_address>
         <run_address>0x3f</run_address>
         <size>0x49</size>
         <input_file_ref idref="fl-3"/>
      </object_component>
      <object_component id="oc-12">
         <name>.debug_pubnames</name>
         <load_address>0x88</load_address>
         <run_address>0x88</run_address>
         <size>0x27</size>
         <input_file_ref idref="fl-4"/>
      </object_component>
      <object_component id="oc-2e">
         <name>.debug_pubnames</name>
         <load_address>0xaf</load_address>
         <run_address>0xaf</run_address>
         <size>0x474</size>
         <input_file_ref idref="fl-4"/>
      </object_component>
      <object_component id="oc-29">
         <name>.debug_pubnames</name>
         <load_address>0x523</load_address>
         <run_address>0x523</run_address>
         <size>0x1f</size>
         <input_file_ref idref="fl-12a"/>
      </object_component>
      <object_component id="oc-18">
         <name>.debug_pubnames</name>
         <load_address>0x542</load_address>
         <run_address>0x542</run_address>
         <size>0x2b</size>
         <input_file_ref idref="fl-12b"/>
      </object_component>
      <object_component id="oc-42">
         <name>.debug_pubnames</name>
         <load_address>0x56d</load_address>
         <run_address>0x56d</run_address>
         <size>0x2f</size>
         <input_file_ref idref="fl-12c"/>
      </object_component>
      <object_component id="oc-1b">
         <name>.debug_pubnames</name>
         <load_address>0x59c</load_address>
         <run_address>0x59c</run_address>
         <size>0x2c</size>
         <input_file_ref idref="fl-12c"/>
      </object_component>
      <object_component id="oc-a6">
         <name>.debug_pubnames</name>
         <load_address>0x5c8</load_address>
         <run_address>0x5c8</run_address>
         <size>0x3a</size>
         <input_file_ref idref="fl-12e"/>
      </object_component>
      <object_component id="oc-6f">
         <name>.debug_pubnames</name>
         <load_address>0x602</load_address>
         <run_address>0x602</run_address>
         <size>0x35</size>
         <input_file_ref idref="fl-12e"/>
      </object_component>
      <object_component id="oc-37">
         <name>.debug_pubnames</name>
         <load_address>0x637</load_address>
         <run_address>0x637</run_address>
         <size>0x1d</size>
         <input_file_ref idref="fl-12f"/>
      </object_component>
      <object_component id="oc-50">
         <name>.debug_pubnames</name>
         <load_address>0x654</load_address>
         <run_address>0x654</run_address>
         <size>0x37</size>
         <input_file_ref idref="fl-130"/>
      </object_component>
      <object_component id="oc-5c">
         <name>.debug_pubnames</name>
         <load_address>0x68b</load_address>
         <run_address>0x68b</run_address>
         <size>0x27</size>
         <input_file_ref idref="fl-131"/>
      </object_component>
      <object_component id="oc-73">
         <name>.debug_pubnames</name>
         <load_address>0x6b2</load_address>
         <run_address>0x6b2</run_address>
         <size>0x23</size>
         <input_file_ref idref="fl-132"/>
      </object_component>
      <object_component id="oc-a3">
         <name>.debug_pubnames</name>
         <load_address>0x6d5</load_address>
         <run_address>0x6d5</run_address>
         <size>0x28</size>
         <input_file_ref idref="fl-133"/>
      </object_component>
      <object_component id="oc-d4">
         <name>.debug_pubnames</name>
         <load_address>0x6fd</load_address>
         <run_address>0x6fd</run_address>
         <size>0x43</size>
         <input_file_ref idref="fl-133"/>
      </object_component>
      <object_component id="oc-68">
         <name>.debug_pubnames</name>
         <load_address>0x740</load_address>
         <run_address>0x740</run_address>
         <size>0x21</size>
         <input_file_ref idref="fl-134"/>
      </object_component>
      <object_component id="oc-62">
         <name>.debug_pubnames</name>
         <load_address>0x761</load_address>
         <run_address>0x761</run_address>
         <size>0x25</size>
         <input_file_ref idref="fl-135"/>
      </object_component>
      <object_component id="oc-94">
         <name>.debug_pubnames</name>
         <load_address>0x786</load_address>
         <run_address>0x786</run_address>
         <size>0x1e</size>
         <input_file_ref idref="fl-136"/>
      </object_component>
      <object_component id="oc-ec">
         <name>.debug_pubtypes</name>
         <load_address>0x0</load_address>
         <run_address>0x0</run_address>
         <size>0xdd</size>
         <input_file_ref idref="fl-2"/>
      </object_component>
      <object_component id="oc-f1">
         <name>.debug_pubtypes</name>
         <load_address>0xdd</load_address>
         <run_address>0xdd</run_address>
         <size>0x3b</size>
         <input_file_ref idref="fl-2"/>
      </object_component>
      <object_component id="oc-79">
         <name>.debug_pubtypes</name>
         <load_address>0x118</load_address>
         <run_address>0x118</run_address>
         <size>0xed</size>
         <input_file_ref idref="fl-2"/>
      </object_component>
      <object_component id="oc-c6">
         <name>.debug_pubtypes</name>
         <load_address>0x205</load_address>
         <run_address>0x205</run_address>
         <size>0x1c6</size>
         <input_file_ref idref="fl-2"/>
      </object_component>
      <object_component id="oc-3b">
         <name>.debug_pubtypes</name>
         <load_address>0x3cb</load_address>
         <run_address>0x3cb</run_address>
         <size>0x48</size>
         <input_file_ref idref="fl-12b"/>
      </object_component>
      <object_component id="oc-7f">
         <name>.debug_pubtypes</name>
         <load_address>0x413</load_address>
         <run_address>0x413</run_address>
         <size>0x1d</size>
         <input_file_ref idref="fl-12b"/>
      </object_component>
      <object_component id="oc-49">
         <name>.debug_pubtypes</name>
         <load_address>0x430</load_address>
         <run_address>0x430</run_address>
         <size>0x37</size>
         <input_file_ref idref="fl-12c"/>
      </object_component>
      <object_component id="oc-89">
         <name>.debug_pubtypes</name>
         <load_address>0x467</load_address>
         <run_address>0x467</run_address>
         <size>0x1d</size>
         <input_file_ref idref="fl-12c"/>
      </object_component>
      <object_component id="oc-a9">
         <name>.debug_pubtypes</name>
         <load_address>0x484</load_address>
         <run_address>0x484</run_address>
         <size>0x1f</size>
         <input_file_ref idref="fl-12e"/>
      </object_component>
      <object_component id="oc-da">
         <name>.debug_pubtypes</name>
         <load_address>0x4a3</load_address>
         <run_address>0x4a3</run_address>
         <size>0x1f</size>
         <input_file_ref idref="fl-133"/>
      </object_component>
      <object_component id="oc-cd">
         <name>.debug_pubtypes</name>
         <load_address>0x4c2</load_address>
         <run_address>0x4c2</run_address>
         <size>0x1b</size>
         <input_file_ref idref="fl-134"/>
      </object_component>
      <object_component id="oc-b1">
         <name>.debug_pubtypes</name>
         <load_address>0x4dd</load_address>
         <run_address>0x4dd</run_address>
         <size>0x32</size>
         <input_file_ref idref="fl-135"/>
      </object_component>
      <object_component id="oc-b6">
         <name>.debug_pubtypes</name>
         <load_address>0x50f</load_address>
         <run_address>0x50f</run_address>
         <size>0x50</size>
         <input_file_ref idref="fl-135"/>
      </object_component>
      <object_component id="oc-e2">
         <name>.debug_pubtypes</name>
         <load_address>0x55f</load_address>
         <run_address>0x55f</run_address>
         <size>0x23</size>
         <input_file_ref idref="fl-136"/>
      </object_component>
   </object_component_list>
   <logical_group_list>
      <logical_group id="lg-4" display="no" color="cyan">
         <name>.intvecs</name>
         <load_address>0x0</load_address>
         <run_address>0x0</run_address>
         <size>0x144</size>
         <contents>
            <object_component_ref idref="oc-10"/>
         </contents>
      </logical_group>
      <logical_group id="lg-5" display="no" color="cyan">
         <name>.text</name>
         <load_address>0x144</load_address>
         <run_address>0x144</run_address>
         <size>0x514</size>
         <contents>
            <object_component_ref idref="oc-99"/>
            <object_component_ref idref="oc-34"/>
            <object_component_ref idref="oc-2b"/>
            <object_component_ref idref="oc-4d"/>
            <object_component_ref idref="oc-ba"/>
            <object_component_ref idref="oc-5f"/>
            <object_component_ref idref="oc-40"/>
            <object_component_ref idref="oc-25"/>
            <object_component_ref idref="oc-91"/>
            <object_component_ref idref="oc-6b"/>
            <object_component_ref idref="oc-65"/>
            <object_component_ref idref="oc-d1"/>
            <object_component_ref idref="oc-13"/>
            <object_component_ref idref="oc-19"/>
            <object_component_ref idref="oc-59"/>
         </contents>
      </logical_group>
      <logical_group id="lg-6" display="no" color="cyan">
         <name>.const</name>
         <load_address>0x658</load_address>
         <run_address>0x658</run_address>
         <size>0x60</size>
         <contents>
            <object_component_ref idref="oc-c0"/>
         </contents>
      </logical_group>
      <logical_group id="lg-7" display="no" color="cyan">
         <name>.cinit</name>
         <load_address>0x6b8</load_address>
         <run_address>0x6b8</run_address>
         <size>0x20</size>
         <contents>
            <object_component_ref idref="oc-11b"/>
            <object_component_ref idref="oc-119"/>
            <object_component_ref idref="oc-11a"/>
         </contents>
      </logical_group>
      <logical_group id="lg-8" display="no" color="cyan">
         <name>.pinit</name>
         <run_address>0x0</run_address>
         <size>0x0</size>
         <contents>
         </contents>
      </logical_group>
      <logical_group id="lg-9" display="no" color="cyan">
         <name>.flashMailbox</name>
         <run_address>0x0</run_address>
         <size>0x0</size>
         <contents>
         </contents>
      </logical_group>
      <logical_group id="lg-a" display="no" color="cyan">
         <name>.vtable</name>
         <run_address>0x0</run_address>
         <size>0x0</size>
         <contents>
         </contents>
      </logical_group>
      <logical_group id="lg-d" display="no" color="cyan">
         <name>.sysmem</name>
         <run_address>0x0</run_address>
         <size>0x0</size>
         <contents>
         </contents>
      </logical_group>
      <logical_group id="lg-e" display="no" color="cyan">
         <name>.stack</name>
         <run_address>0x2000fe00</run_address>
         <size>0x200</size>
         <contents>
            <object_component_ref idref="oc-2a"/>
            <object_component_ref idref="oc-11c"/>
         </contents>
      </logical_group>
      <logical_group id="lg-f9" display="no" color="cyan">
         <name>.TI.noinit</name>
         <run_address>0x0</run_address>
         <size>0x0</size>
         <contents>
         </contents>
      </logical_group>
      <logical_group id="lg-c" display="no" color="cyan">
         <name>.bss</name>
         <run_address>0x0</run_address>
         <size>0x0</size>
         <contents>
         </contents>
      </logical_group>
      <logical_group id="lg-f8" display="no" color="cyan">
         <name>BSS_GROUP</name>
         <run_address>0x0</run_address>
         <size>0x0</size>
         <contents>
            <logical_group_ref idref="lg-f9"/>
            <logical_group_ref idref="lg-c"/>
         </contents>
      </logical_group>
      <logical_group id="lg-fb" display="no" color="cyan">
         <name>.TI.persistent</name>
         <run_address>0x20000000</run_address>
         <size>0x0</size>
         <contents>
         </contents>
      </logical_group>
      <logical_group id="lg-b" display="no" color="cyan">
         <name>.data</name>
         <run_address>0x20000000</run_address>
         <size>0x14</size>
         <contents>
            <object_component_ref idref="oc-a4"/>
            <object_component_ref idref="oc-71"/>
            <object_component_ref idref="oc-a1"/>
         </contents>
      </logical_group>
      <logical_group id="lg-fa" display="no" color="cyan">
         <name>DATA_GROUP</name>
         <load_address>0x20000000</load_address>
         <run_address>0x20000000</run_address>
         <size>0x14</size>
         <contents>
            <logical_group_ref idref="lg-fb"/>
            <logical_group_ref idref="lg-b"/>
         </contents>
      </logical_group>
      <logical_group id="lg-109" display="never" color="cyan">
         <name>.debug_info</name>
         <load_address>0x0</load_address>
         <run_address>0x0</run_address>
         <size>0x56ae</size>
         <contents>
            <object_component_ref idref="oc-c4"/>
            <object_component_ref idref="oc-c1"/>
            <object_component_ref idref="oc-9a"/>
            <object_component_ref idref="oc-eb"/>
            <object_component_ref idref="oc-f0"/>
            <object_component_ref idref="oc-78"/>
            <object_component_ref idref="oc-c5"/>
            <object_component_ref idref="oc-bb"/>
            <object_component_ref idref="oc-33"/>
            <object_component_ref idref="oc-11"/>
            <object_component_ref idref="oc-2c"/>
            <object_component_ref idref="oc-28"/>
            <object_component_ref idref="oc-3f"/>
            <object_component_ref idref="oc-17"/>
            <object_component_ref idref="oc-3a"/>
            <object_component_ref idref="oc-7e"/>
            <object_component_ref idref="oc-47"/>
            <object_component_ref idref="oc-41"/>
            <object_component_ref idref="oc-1a"/>
            <object_component_ref idref="oc-48"/>
            <object_component_ref idref="oc-88"/>
            <object_component_ref idref="oc-a8"/>
            <object_component_ref idref="oc-a5"/>
            <object_component_ref idref="oc-6d"/>
            <object_component_ref idref="oc-35"/>
            <object_component_ref idref="oc-4e"/>
            <object_component_ref idref="oc-5a"/>
            <object_component_ref idref="oc-72"/>
            <object_component_ref idref="oc-d9"/>
            <object_component_ref idref="oc-a2"/>
            <object_component_ref idref="oc-d2"/>
            <object_component_ref idref="oc-a0"/>
            <object_component_ref idref="oc-66"/>
            <object_component_ref idref="oc-cc"/>
            <object_component_ref idref="oc-98"/>
            <object_component_ref idref="oc-60"/>
            <object_component_ref idref="oc-b0"/>
            <object_component_ref idref="oc-b5"/>
            <object_component_ref idref="oc-ad"/>
            <object_component_ref idref="oc-92"/>
            <object_component_ref idref="oc-e1"/>
            <object_component_ref idref="oc-11d"/>
         </contents>
      </logical_group>
      <logical_group id="lg-10b" display="never" color="cyan">
         <name>.debug_line</name>
         <load_address>0x0</load_address>
         <run_address>0x0</run_address>
         <size>0x12c1</size>
         <contents>
            <object_component_ref idref="oc-ea"/>
            <object_component_ref idref="oc-e8"/>
            <object_component_ref idref="oc-9d"/>
            <object_component_ref idref="oc-ee"/>
            <object_component_ref idref="oc-f3"/>
            <object_component_ref idref="oc-7b"/>
            <object_component_ref idref="oc-c8"/>
            <object_component_ref idref="oc-be"/>
            <object_component_ref idref="oc-77"/>
            <object_component_ref idref="oc-32"/>
            <object_component_ref idref="oc-2f"/>
            <object_component_ref idref="oc-26"/>
            <object_component_ref idref="oc-84"/>
            <object_component_ref idref="oc-16"/>
            <object_component_ref idref="oc-3d"/>
            <object_component_ref idref="oc-81"/>
            <object_component_ref idref="oc-87"/>
            <object_component_ref idref="oc-44"/>
            <object_component_ref idref="oc-1d"/>
            <object_component_ref idref="oc-4b"/>
            <object_component_ref idref="oc-8b"/>
            <object_component_ref idref="oc-de"/>
            <object_component_ref idref="oc-dc"/>
            <object_component_ref idref="oc-70"/>
            <object_component_ref idref="oc-38"/>
            <object_component_ref idref="oc-51"/>
            <object_component_ref idref="oc-5d"/>
            <object_component_ref idref="oc-ab"/>
            <object_component_ref idref="oc-f7"/>
            <object_component_ref idref="oc-d8"/>
            <object_component_ref idref="oc-d5"/>
            <object_component_ref idref="oc-cb"/>
            <object_component_ref idref="oc-69"/>
            <object_component_ref idref="oc-cf"/>
            <object_component_ref idref="oc-af"/>
            <object_component_ref idref="oc-63"/>
            <object_component_ref idref="oc-b3"/>
            <object_component_ref idref="oc-b8"/>
            <object_component_ref idref="oc-e0"/>
            <object_component_ref idref="oc-95"/>
            <object_component_ref idref="oc-e4"/>
         </contents>
      </logical_group>
      <logical_group id="lg-10d" display="never" color="cyan">
         <name>.debug_frame</name>
         <load_address>0x0</load_address>
         <run_address>0x0</run_address>
         <size>0xa52</size>
         <contents>
            <object_component_ref idref="oc-9e"/>
            <object_component_ref idref="oc-bf"/>
            <object_component_ref idref="oc-30"/>
            <object_component_ref idref="oc-14"/>
            <object_component_ref idref="oc-45"/>
            <object_component_ref idref="oc-1e"/>
            <object_component_ref idref="oc-6c"/>
            <object_component_ref idref="oc-5e"/>
            <object_component_ref idref="oc-d6"/>
            <object_component_ref idref="oc-6a"/>
            <object_component_ref idref="oc-64"/>
            <object_component_ref idref="oc-96"/>
         </contents>
      </logical_group>
      <logical_group id="lg-10f" display="never" color="cyan">
         <name>.debug_abbrev</name>
         <load_address>0x0</load_address>
         <run_address>0x0</run_address>
         <size>0xe75</size>
         <contents>
            <object_component_ref idref="oc-e9"/>
            <object_component_ref idref="oc-e7"/>
            <object_component_ref idref="oc-c3"/>
            <object_component_ref idref="oc-ed"/>
            <object_component_ref idref="oc-f2"/>
            <object_component_ref idref="oc-7a"/>
            <object_component_ref idref="oc-c7"/>
            <object_component_ref idref="oc-e6"/>
            <object_component_ref idref="oc-76"/>
            <object_component_ref idref="oc-31"/>
            <object_component_ref idref="oc-75"/>
            <object_component_ref idref="oc-74"/>
            <object_component_ref idref="oc-83"/>
            <object_component_ref idref="oc-39"/>
            <object_component_ref idref="oc-3c"/>
            <object_component_ref idref="oc-80"/>
            <object_component_ref idref="oc-86"/>
            <object_component_ref idref="oc-85"/>
            <object_component_ref idref="oc-46"/>
            <object_component_ref idref="oc-4a"/>
            <object_component_ref idref="oc-8a"/>
            <object_component_ref idref="oc-dd"/>
            <object_component_ref idref="oc-db"/>
            <object_component_ref idref="oc-a7"/>
            <object_component_ref idref="oc-7d"/>
            <object_component_ref idref="oc-8d"/>
            <object_component_ref idref="oc-90"/>
            <object_component_ref idref="oc-aa"/>
            <object_component_ref idref="oc-f6"/>
            <object_component_ref idref="oc-d7"/>
            <object_component_ref idref="oc-f5"/>
            <object_component_ref idref="oc-ca"/>
            <object_component_ref idref="oc-9f"/>
            <object_component_ref idref="oc-ce"/>
            <object_component_ref idref="oc-ae"/>
            <object_component_ref idref="oc-97"/>
            <object_component_ref idref="oc-b2"/>
            <object_component_ref idref="oc-b7"/>
            <object_component_ref idref="oc-df"/>
            <object_component_ref idref="oc-ac"/>
            <object_component_ref idref="oc-e3"/>
            <object_component_ref idref="oc-11e"/>
         </contents>
      </logical_group>
      <logical_group id="lg-111" display="never" color="cyan">
         <name>.debug_str</name>
         <load_address>0x0</load_address>
         <run_address>0x0</run_address>
         <size>0xfa9</size>
         <contents>
            <object_component_ref idref="oc-ef"/>
            <object_component_ref idref="oc-f4"/>
            <object_component_ref idref="oc-7c"/>
            <object_component_ref idref="oc-c9"/>
            <object_component_ref idref="oc-3e"/>
            <object_component_ref idref="oc-82"/>
            <object_component_ref idref="oc-4c"/>
            <object_component_ref idref="oc-8c"/>
            <object_component_ref idref="oc-d0"/>
            <object_component_ref idref="oc-b4"/>
            <object_component_ref idref="oc-b9"/>
            <object_component_ref idref="oc-e5"/>
         </contents>
      </logical_group>
      <logical_group id="lg-113" display="never" color="cyan">
         <name>.debug_aranges</name>
         <load_address>0x0</load_address>
         <run_address>0x0</run_address>
         <size>0x3c8</size>
         <contents>
            <object_component_ref idref="oc-9b"/>
            <object_component_ref idref="oc-bc"/>
            <object_component_ref idref="oc-2d"/>
            <object_component_ref idref="oc-27"/>
            <object_component_ref idref="oc-15"/>
            <object_component_ref idref="oc-43"/>
            <object_component_ref idref="oc-1c"/>
            <object_component_ref idref="oc-6e"/>
            <object_component_ref idref="oc-36"/>
            <object_component_ref idref="oc-4f"/>
            <object_component_ref idref="oc-5b"/>
            <object_component_ref idref="oc-d3"/>
            <object_component_ref idref="oc-67"/>
            <object_component_ref idref="oc-61"/>
            <object_component_ref idref="oc-93"/>
         </contents>
      </logical_group>
      <logical_group id="lg-115" display="never" color="cyan">
         <name>.debug_pubnames</name>
         <load_address>0x0</load_address>
         <run_address>0x0</run_address>
         <size>0x7a4</size>
         <contents>
            <object_component_ref idref="oc-c2"/>
            <object_component_ref idref="oc-9c"/>
            <object_component_ref idref="oc-bd"/>
            <object_component_ref idref="oc-12"/>
            <object_component_ref idref="oc-2e"/>
            <object_component_ref idref="oc-29"/>
            <object_component_ref idref="oc-18"/>
            <object_component_ref idref="oc-42"/>
            <object_component_ref idref="oc-1b"/>
            <object_component_ref idref="oc-a6"/>
            <object_component_ref idref="oc-6f"/>
            <object_component_ref idref="oc-37"/>
            <object_component_ref idref="oc-50"/>
            <object_component_ref idref="oc-5c"/>
            <object_component_ref idref="oc-73"/>
            <object_component_ref idref="oc-a3"/>
            <object_component_ref idref="oc-d4"/>
            <object_component_ref idref="oc-68"/>
            <object_component_ref idref="oc-62"/>
            <object_component_ref idref="oc-94"/>
         </contents>
      </logical_group>
      <logical_group id="lg-117" display="never" color="cyan">
         <name>.debug_pubtypes</name>
         <load_address>0x0</load_address>
         <run_address>0x0</run_address>
         <size>0x582</size>
         <contents>
            <object_component_ref idref="oc-ec"/>
            <object_component_ref idref="oc-f1"/>
            <object_component_ref idref="oc-79"/>
            <object_component_ref idref="oc-c6"/>
            <object_component_ref idref="oc-3b"/>
            <object_component_ref idref="oc-7f"/>
            <object_component_ref idref="oc-49"/>
            <object_component_ref idref="oc-89"/>
            <object_component_ref idref="oc-a9"/>
            <object_component_ref idref="oc-da"/>
            <object_component_ref idref="oc-cd"/>
            <object_component_ref idref="oc-b1"/>
            <object_component_ref idref="oc-b6"/>
            <object_component_ref idref="oc-e2"/>
         </contents>
      </logical_group>
      <load_segment id="lg-121" display="no" color="cyan">
         <name>SEGMENT_0</name>
         <load_address>0x0</load_address>
         <run_address>0x0</run_address>
         <size>0x6d8</size>
         <flags>0x5</flags>
         <contents>
            <logical_group_ref idref="lg-4"/>
            <logical_group_ref idref="lg-5"/>
            <logical_group_ref idref="lg-6"/>
            <logical_group_ref idref="lg-7"/>
         </contents>
      </load_segment>
      <load_segment id="lg-122" display="no" color="cyan">
         <name>SEGMENT_1</name>
         <run_address>0x20000000</run_address>
         <size>0x14</size>
         <flags>0x6</flags>
         <contents>
            <logical_group_ref idref="lg-b"/>
         </contents>
      </load_segment>
      <load_segment id="lg-123" display="no" color="cyan">
         <name>SEGMENT_2</name>
         <run_address>0x2000fe00</run_address>
         <size>0x200</size>
         <flags>0x6</flags>
         <contents>
            <logical_group_ref idref="lg-e"/>
         </contents>
      </load_segment>
   </logical_group_list>
   <placement_map>
      <memory_area display="yes" color="green">
         <name>MAIN</name>
         <page_id>0x0</page_id>
         <origin>0x0</origin>
         <length>0x40000</length>
         <used_space>0x6d8</used_space>
         <unused_space>0x3f928</unused_space>
         <attributes>RX</attributes>
         <usage_details>
            <allocated_space>
               <start_address>0x0</start_address>
               <size>0x144</size>
               <logical_group_ref idref="lg-4"/>
            </allocated_space>
            <allocated_space>
               <start_address>0x144</start_address>
               <size>0x514</size>
               <logical_group_ref idref="lg-5"/>
            </allocated_space>
            <allocated_space>
               <start_address>0x658</start_address>
               <size>0x60</size>
               <logical_group_ref idref="lg-6"/>
            </allocated_space>
            <allocated_space>
               <start_address>0x6b8</start_address>
               <size>0x20</size>
               <logical_group_ref idref="lg-7"/>
            </allocated_space>
            <available_space>
               <start_address>0x6d8</start_address>
               <size>0x3f928</size>
            </available_space>
         </usage_details>
      </memory_area>
      <memory_area display="yes" color="green">
         <name>INFO</name>
         <page_id>0x0</page_id>
         <origin>0x200000</origin>
         <length>0x4000</length>
         <used_space>0x0</used_space>
         <unused_space>0x4000</unused_space>
         <attributes>RX</attributes>
         <usage_details>
         </usage_details>
      </memory_area>
      <memory_area display="yes" color="green">
         <name>SRAM_CODE</name>
         <page_id>0x0</page_id>
         <origin>0x1000000</origin>
         <length>0x10000</length>
         <used_space>0x0</used_space>
         <unused_space>0x10000</unused_space>
         <attributes>RWX</attributes>
         <usage_details>
         </usage_details>
      </memory_area>
      <memory_area display="yes" color="green">
         <name>SRAM_DATA</name>
         <page_id>0x0</page_id>
         <origin>0x20000000</origin>
         <length>0x10000</length>
         <used_space>0x214</used_space>
         <unused_space>0xfdec</unused_space>
         <attributes>RW</attributes>
         <usage_details>
            <allocated_space>
               <start_address>0x20000000</start_address>
               <size>0x14</size>
               <logical_group_ref idref="lg-fa"/>
            </allocated_space>
            <available_space>
               <start_address>0x20000014</start_address>
               <size>0xfdec</size>
            </available_space>
            <allocated_space>
               <start_address>0x2000fe00</start_address>
               <size>0x200</size>
               <logical_group_ref idref="lg-e"/>
            </allocated_space>
         </usage_details>
      </memory_area>
   </placement_map>
   <cptbl_list>
      <cptbl>
         <name>__TI_cinit_table</name>
         <cprec>
            <name>.data</name>
            <load_address>0x6b8</load_address>
            <load_size>0xf</load_size>
            <run_address>0x20000000</run_address>
            <run_size>0x14</run_size>
            <compression>rle</compression>
         </cprec>
      </cptbl>
   </cptbl_list>
   <handler_table>
      <handler_table_name>__TI_handler_table</handler_table_name>
      <handler>
         <index>0x0</index>
         <name>__TI_decompress_rle24</name>
      </handler>
      <handler>
         <index>0x1</index>
         <name>__TI_decompress_none</name>
      </handler>
   </handler_table>
   <symbol_table>
      <symbol id="sm-1">
         <name>WDTCTL_SYM</name>
         <value>0x4000480c</value>
      </symbol>
      <symbol id="sm-2">
         <name>__TI_CINIT_Base</name>
         <value>0x6d0</value>
      </symbol>
      <symbol id="sm-3">
         <name>__TI_CINIT_Limit</name>
         <value>0x6d8</value>
      </symbol>
      <symbol id="sm-4">
         <name>__TI_Handler_Table_Base</name>
         <value>0x6c8</value>
      </symbol>
      <symbol id="sm-5">
         <name>__TI_Handler_Table_Limit</name>
         <value>0x6d0</value>
      </symbol>
      <symbol id="sm-6">
         <name>binit</name>
         <value>0xffffffff</value>
      </symbol>
      <symbol id="sm-7">
         <name>__binit__</name>
         <value>0xffffffff</value>
      </symbol>
      <symbol id="sm-8">
         <name>__STACK_SIZE</name>
         <value>0x200</value>
      </symbol>
      <symbol id="sm-9">
         <name>__STACK_END</name>
         <value>0x20010000</value>
      </symbol>
      <symbol id="sm-a">
         <name>__c_args__</name>
         <value>0xffffffff</value>
      </symbol>
      <symbol id="sm-53">
         <name>main</name>
         <value>0x145</value>
         <object_component_ref idref="oc-99"/>
      </symbol>
      <symbol id="sm-54">
         <name>main2</name>
         <value>0x1c1</value>
         <object_component_ref idref="oc-99"/>
      </symbol>
      <symbol id="sm-55">
         <name>FSM</name>
         <value>0x658</value>
         <object_component_ref idref="oc-c0"/>
      </symbol>
      <symbol id="sm-69">
         <name>SysTick_Wait</name>
         <value>0x401</value>
         <object_component_ref idref="oc-ba"/>
      </symbol>
      <symbol id="sm-6a">
         <name>SysTick_Wait10ms</name>
         <value>0x427</value>
         <object_component_ref idref="oc-ba"/>
      </symbol>
      <symbol id="sm-6b">
         <name>SysTick_Init</name>
         <value>0x3e5</value>
         <object_component_ref idref="oc-ba"/>
      </symbol>
      <symbol id="sm-eb">
         <name>T32_INT2_IRQHandler</name>
         <value>0x329</value>
         <object_component_ref idref="oc-2b"/>
      </symbol>
      <symbol id="sm-ec">
         <name>PendSV_Handler</name>
         <value>0x2f1</value>
         <object_component_ref idref="oc-2b"/>
      </symbol>
      <symbol id="sm-ed">
         <name>SysTick_Handler</name>
         <value>0x2f3</value>
         <object_component_ref idref="oc-2b"/>
      </symbol>
      <symbol id="sm-ee">
         <name>EUSCIA3_IRQHandler</name>
         <value>0x31b</value>
         <object_component_ref idref="oc-2b"/>
      </symbol>
      <symbol id="sm-ef">
         <name>SVC_Handler</name>
         <value>0x2ed</value>
         <object_component_ref idref="oc-2b"/>
      </symbol>
      <symbol id="sm-f0">
         <name>EUSCIB1_IRQHandler</name>
         <value>0x31f</value>
         <object_component_ref idref="oc-2b"/>
      </symbol>
      <symbol id="sm-f1">
         <name>PORT4_IRQHandler</name>
         <value>0x341</value>
         <object_component_ref idref="oc-2b"/>
      </symbol>
      <symbol id="sm-f2">
         <name>AES256_IRQHandler</name>
         <value>0x32d</value>
         <object_component_ref idref="oc-2b"/>
      </symbol>
      <symbol id="sm-f3">
         <name>FPU_IRQHandler</name>
         <value>0x2fd</value>
         <object_component_ref idref="oc-2b"/>
      </symbol>
      <symbol id="sm-f4">
         <name>EUSCIB2_IRQHandler</name>
         <value>0x321</value>
         <object_component_ref idref="oc-2b"/>
      </symbol>
      <symbol id="sm-f5">
         <name>PORT1_IRQHandler</name>
         <value>0x33b</value>
         <object_component_ref idref="oc-2b"/>
      </symbol>
      <symbol id="sm-f6">
         <name>RTC_C_IRQHandler</name>
         <value>0x32f</value>
         <object_component_ref idref="oc-2b"/>
      </symbol>
      <symbol id="sm-f7">
         <name>TA2_0_IRQHandler</name>
         <value>0x30d</value>
         <object_component_ref idref="oc-2b"/>
      </symbol>
      <symbol id="sm-f8">
         <name>TA3_N_IRQHandler</name>
         <value>0x313</value>
         <object_component_ref idref="oc-2b"/>
      </symbol>
      <symbol id="sm-f9">
         <name>DMA_INT3_IRQHandler</name>
         <value>0x333</value>
         <object_component_ref idref="oc-2b"/>
      </symbol>
      <symbol id="sm-fa">
         <name>PORT2_IRQHandler</name>
         <value>0x33d</value>
         <object_component_ref idref="oc-2b"/>
      </symbol>
      <symbol id="sm-fb">
         <name>StartCritical</name>
         <value>0x353</value>
         <object_component_ref idref="oc-2b"/>
      </symbol>
      <symbol id="sm-fc">
         <name>TA0_0_IRQHandler</name>
         <value>0x305</value>
         <object_component_ref idref="oc-2b"/>
      </symbol>
      <symbol id="sm-fd">
         <name>PSS_IRQHandler</name>
         <value>0x2f5</value>
         <object_component_ref idref="oc-2b"/>
      </symbol>
      <symbol id="sm-fe">
         <name>TA1_N_IRQHandler</name>
         <value>0x30b</value>
         <object_component_ref idref="oc-2b"/>
      </symbol>
      <symbol id="sm-ff">
         <name>EUSCIA1_IRQHandler</name>
         <value>0x317</value>
         <object_component_ref idref="oc-2b"/>
      </symbol>
      <symbol id="sm-100">
         <name>EUSCIA2_IRQHandler</name>
         <value>0x319</value>
         <object_component_ref idref="oc-2b"/>
      </symbol>
      <symbol id="sm-101">
         <name>COMP_E0_IRQHandler</name>
         <value>0x301</value>
         <object_component_ref idref="oc-2b"/>
      </symbol>
      <symbol id="sm-102">
         <name>WDT_A_IRQHandler</name>
         <value>0x2fb</value>
         <object_component_ref idref="oc-2b"/>
      </symbol>
      <symbol id="sm-103">
         <name>EUSCIB0_IRQHandler</name>
         <value>0x31d</value>
         <object_component_ref idref="oc-2b"/>
      </symbol>
      <symbol id="sm-104">
         <name>FLCTL_IRQHandler</name>
         <value>0x2ff</value>
         <object_component_ref idref="oc-2b"/>
      </symbol>
      <symbol id="sm-105">
         <name>EndCritical</name>
         <value>0x35d</value>
         <object_component_ref idref="oc-2b"/>
      </symbol>
      <symbol id="sm-106">
         <name>DMA_INT1_IRQHandler</name>
         <value>0x337</value>
         <object_component_ref idref="oc-2b"/>
      </symbol>
      <symbol id="sm-107">
         <name>PCM_IRQHandler</name>
         <value>0x2f9</value>
         <object_component_ref idref="oc-2b"/>
      </symbol>
      <symbol id="sm-108">
         <name>ADC14_IRQHandler</name>
         <value>0x325</value>
         <object_component_ref idref="oc-2b"/>
      </symbol>
      <symbol id="sm-109">
         <name>T32_INTC_IRQHandler</name>
         <value>0x32b</value>
         <object_component_ref idref="oc-2b"/>
      </symbol>
      <symbol id="sm-10a">
         <name>DMA_INT2_IRQHandler</name>
         <value>0x335</value>
         <object_component_ref idref="oc-2b"/>
      </symbol>
      <symbol id="sm-10b">
         <name>TA3_0_IRQHandler</name>
         <value>0x311</value>
         <object_component_ref idref="oc-2b"/>
      </symbol>
      <symbol id="sm-10c">
         <name>EUSCIA0_IRQHandler</name>
         <value>0x315</value>
         <object_component_ref idref="oc-2b"/>
      </symbol>
      <symbol id="sm-10d">
         <name>DMA_ERR_IRQHandler</name>
         <value>0x331</value>
         <object_component_ref idref="oc-2b"/>
      </symbol>
      <symbol id="sm-10e">
         <name>DisableInterrupts</name>
         <value>0x347</value>
         <object_component_ref idref="oc-2b"/>
      </symbol>
      <symbol id="sm-10f">
         <name>PORT5_IRQHandler</name>
         <value>0x343</value>
         <object_component_ref idref="oc-2b"/>
      </symbol>
      <symbol id="sm-110">
         <name>TA1_0_IRQHandler</name>
         <value>0x309</value>
         <object_component_ref idref="oc-2b"/>
      </symbol>
      <symbol id="sm-111">
         <name>TA2_N_IRQHandler</name>
         <value>0x30f</value>
         <object_component_ref idref="oc-2b"/>
      </symbol>
      <symbol id="sm-112">
         <name>COMP_E1_IRQHandler</name>
         <value>0x303</value>
         <object_component_ref idref="oc-2b"/>
      </symbol>
      <symbol id="sm-113">
         <name>EUSCIB3_IRQHandler</name>
         <value>0x323</value>
         <object_component_ref idref="oc-2b"/>
      </symbol>
      <symbol id="sm-114">
         <name>WaitForInterrupt</name>
         <value>0x365</value>
         <object_component_ref idref="oc-2b"/>
      </symbol>
      <symbol id="sm-115">
         <name>interruptVectors</name>
         <value>0x0</value>
         <object_component_ref idref="oc-10"/>
      </symbol>
      <symbol id="sm-116">
         <name>EnableInterrupts</name>
         <value>0x34d</value>
         <object_component_ref idref="oc-2b"/>
      </symbol>
      <symbol id="sm-117">
         <name>PORT6_IRQHandler</name>
         <value>0x345</value>
         <object_component_ref idref="oc-2b"/>
      </symbol>
      <symbol id="sm-118">
         <name>TA0_N_IRQHandler</name>
         <value>0x307</value>
         <object_component_ref idref="oc-2b"/>
      </symbol>
      <symbol id="sm-119">
         <name>T32_INT1_IRQHandler</name>
         <value>0x327</value>
         <object_component_ref idref="oc-2b"/>
      </symbol>
      <symbol id="sm-11a">
         <name>DebugMon_Handler</name>
         <value>0x2ef</value>
         <object_component_ref idref="oc-2b"/>
      </symbol>
      <symbol id="sm-11b">
         <name>DMA_INT0_IRQHandler</name>
         <value>0x339</value>
         <object_component_ref idref="oc-2b"/>
      </symbol>
      <symbol id="sm-11c">
         <name>PORT3_IRQHandler</name>
         <value>0x33f</value>
         <object_component_ref idref="oc-2b"/>
      </symbol>
      <symbol id="sm-11d">
         <name>CS_IRQHandler</name>
         <value>0x2f7</value>
         <object_component_ref idref="oc-2b"/>
      </symbol>
      <symbol id="sm-12f">
         <name>_c_int00</name>
         <value>0x535</value>
         <object_component_ref idref="oc-25"/>
      </symbol>
      <symbol id="sm-130">
         <name>__stack</name>
         <value>0x2000fe00</value>
         <object_component_ref idref="oc-2a"/>
      </symbol>
      <symbol id="sm-147">
         <name>__TI_decompress_none</name>
         <value>0x641</value>
         <object_component_ref idref="oc-13"/>
      </symbol>
      <symbol id="sm-16f">
         <name>__TI_decompress_rle24</name>
         <value>0x64f</value>
         <object_component_ref idref="oc-19"/>
      </symbol>
      <symbol id="sm-18f">
         <name>C$$EXIT</name>
         <value>0x5d1</value>
         <object_component_ref idref="oc-6b"/>
      </symbol>
      <symbol id="sm-190">
         <name>abort</name>
         <value>0x5d5</value>
         <object_component_ref idref="oc-6b"/>
      </symbol>
      <symbol id="sm-191">
         <name>exit</name>
         <value>0x5dd</value>
         <object_component_ref idref="oc-6b"/>
      </symbol>
      <symbol id="sm-192">
         <name>__TI_dtors_ptr</name>
         <value>0x2000000c</value>
         <object_component_ref idref="oc-a4"/>
      </symbol>
      <symbol id="sm-193">
         <name>__TI_cleanup_ptr</name>
         <value>0x20000008</value>
         <object_component_ref idref="oc-a4"/>
      </symbol>
      <symbol id="sm-1ae">
         <name>memcpy</name>
         <value>0x235</value>
         <object_component_ref idref="oc-34"/>
      </symbol>
      <symbol id="sm-1af">
         <name>__aeabi_memcpy</name>
         <value>0x235</value>
         <object_component_ref idref="oc-34"/>
      </symbol>
      <symbol id="sm-1b0">
         <name>__aeabi_memcpy8</name>
         <value>0x235</value>
         <object_component_ref idref="oc-34"/>
      </symbol>
      <symbol id="sm-1b1">
         <name>__aeabi_memcpy4</name>
         <value>0x235</value>
         <object_component_ref idref="oc-34"/>
      </symbol>
      <symbol id="sm-1c0">
         <name>__aeabi_memset</name>
         <value>0x36d</value>
         <object_component_ref idref="oc-4d"/>
      </symbol>
      <symbol id="sm-1c1">
         <name>memset</name>
         <value>0x373</value>
         <object_component_ref idref="oc-4d"/>
      </symbol>
      <symbol id="sm-1c2">
         <name>__aeabi_memset8</name>
         <value>0x36d</value>
         <object_component_ref idref="oc-4d"/>
      </symbol>
      <symbol id="sm-1c3">
         <name>__aeabi_memset4</name>
         <value>0x36d</value>
         <object_component_ref idref="oc-4d"/>
      </symbol>
      <symbol id="sm-1c4">
         <name>__aeabi_memclr8</name>
         <value>0x36b</value>
         <object_component_ref idref="oc-4d"/>
      </symbol>
      <symbol id="sm-1c5">
         <name>__aeabi_memclr4</name>
         <value>0x36b</value>
         <object_component_ref idref="oc-4d"/>
      </symbol>
      <symbol id="sm-1c6">
         <name>__aeabi_memclr</name>
         <value>0x36b</value>
         <object_component_ref idref="oc-4d"/>
      </symbol>
      <symbol id="sm-1d0">
         <name>_system_pre_init</name>
         <value>0x655</value>
         <object_component_ref idref="oc-59"/>
      </symbol>
      <symbol id="sm-1d8">
         <name>main_func_sp</name>
         <value>0x20000010</value>
         <object_component_ref idref="oc-71"/>
      </symbol>
      <symbol id="sm-1f1">
         <name>_nop</name>
         <value>0x63b</value>
         <object_component_ref idref="oc-d1"/>
      </symbol>
      <symbol id="sm-1f2">
         <name>_lock</name>
         <value>0x20000000</value>
         <object_component_ref idref="oc-a1"/>
      </symbol>
      <symbol id="sm-1f3">
         <name>_unlock</name>
         <value>0x20000004</value>
         <object_component_ref idref="oc-a1"/>
      </symbol>
      <symbol id="sm-1f4">
         <name>_register_lock</name>
         <value>0x633</value>
         <object_component_ref idref="oc-d1"/>
      </symbol>
      <symbol id="sm-1f5">
         <name>_register_unlock</name>
         <value>0x62d</value>
         <object_component_ref idref="oc-d1"/>
      </symbol>
      <symbol id="sm-20a">
         <name>_args_main</name>
         <value>0x615</value>
         <object_component_ref idref="oc-65"/>
      </symbol>
      <symbol id="sm-230">
         <name>__TI_auto_init</name>
         <value>0x45d</value>
         <object_component_ref idref="oc-5f"/>
      </symbol>
      <symbol id="sm-24a">
         <name>copy_in</name>
         <value>0x585</value>
         <object_component_ref idref="oc-91"/>
      </symbol>
      <symbol id="sm-24b">
         <name>__TI_static_base__</name>
         <value>0x0</value>
      </symbol>
      <symbol id="sm-24e">
         <name>SHT$$INIT_ARRAY$$Limit</name>
         <value>0x0</value>
      </symbol>
      <symbol id="sm-24f">
         <name>SHT$$INIT_ARRAY$$Base</name>
         <value>0x0</value>
      </symbol>
   </symbol_table>
   <title>Link successful</title>
</link_info>
