<?xml version="1.0"?>
<link_info>
   <banner>TI ARM Linker PC v5.2.4</banner>
   <copyright>Copyright (c) 1996-2015 Texas Instruments Incorporated</copyright>
   <link_time>0x575f2063</link_time>
   <link_errors>0x0</link_errors>
   <output_file>ClockSystem_MSP432asm.out</output_file>
   <entry_point>
      <name>_c_int00</name>
      <address>0x715</address>
   </entry_point>
   <input_file_list>
      <input_file id="fl-2">
         <path>.\</path>
         <kind>object</kind>
         <file>ClockSystem.obj</file>
         <name>ClockSystem.obj</name>
      </input_file>
      <input_file id="fl-3">
         <path>.\</path>
         <kind>object</kind>
         <file>ClockSystemTestMain.obj</file>
         <name>ClockSystemTestMain.obj</name>
      </input_file>
      <input_file id="fl-4">
         <path>.\</path>
         <kind>object</kind>
         <file>msp432_startup_ccs.obj</file>
         <name>msp432_startup_ccs.obj</name>
      </input_file>
      <input_file id="fl-12a">
         <path>C:\ti\ccsv6\tools\compiler\ti-cgt-arm_5.2.4\lib\</path>
         <kind>archive</kind>
         <file>rtsv7M4_T_le_v4SPD16_eabi.lib</file>
         <name>boot.obj</name>
      </input_file>
      <input_file id="fl-12b">
         <path>C:\ti\ccsv6\tools\compiler\ti-cgt-arm_5.2.4\lib\</path>
         <kind>archive</kind>
         <file>rtsv7M4_T_le_v4SPD16_eabi.lib</file>
         <name>exit.obj</name>
      </input_file>
      <input_file id="fl-12c">
         <path>C:\ti\ccsv6\tools\compiler\ti-cgt-arm_5.2.4\lib\</path>
         <kind>archive</kind>
         <file>rtsv7M4_T_le_v4SPD16_eabi.lib</file>
         <name>pre_init.obj</name>
      </input_file>
      <input_file id="fl-12d">
         <path>C:\ti\ccsv6\tools\compiler\ti-cgt-arm_5.2.4\lib\</path>
         <kind>archive</kind>
         <file>rtsv7M4_T_le_v4SPD16_eabi.lib</file>
         <name>stkdepth_vars.obj</name>
      </input_file>
      <input_file id="fl-12e">
         <path>C:\ti\ccsv6\tools\compiler\ti-cgt-arm_5.2.4\lib\</path>
         <kind>archive</kind>
         <file>rtsv7M4_T_le_v4SPD16_eabi.lib</file>
         <name>_lock.obj</name>
      </input_file>
      <input_file id="fl-12f">
         <path>C:\ti\ccsv6\tools\compiler\ti-cgt-arm_5.2.4\lib\</path>
         <kind>archive</kind>
         <file>rtsv7M4_T_le_v4SPD16_eabi.lib</file>
         <name>args_main.obj</name>
      </input_file>
      <input_file id="fl-130">
         <path>C:\ti\ccsv6\tools\compiler\ti-cgt-arm_5.2.4\lib\</path>
         <kind>archive</kind>
         <file>rtsv7M4_T_le_v4SPD16_eabi.lib</file>
         <name>autoinit.obj</name>
      </input_file>
      <input_file id="fl-131">
         <path>C:\ti\ccsv6\tools\compiler\ti-cgt-arm_5.2.4\lib\</path>
         <kind>archive</kind>
         <file>rtsv7M4_T_le_v4SPD16_eabi.lib</file>
         <name>cpy_tbl.obj</name>
      </input_file>
      <input_file id="fl-132">
         <path>C:\ti\ccsv6\tools\compiler\ti-cgt-arm_5.2.4\lib\</path>
         <kind>archive</kind>
         <file>rtsv7M4_T_le_v4SPD16_eabi.lib</file>
         <name>memcpy_t2.obj</name>
      </input_file>
   </input_file_list>
   <object_component_list>
      <object_component id="oc-10">
         <name>.intvecs</name>
         <load_address>0x0</load_address>
         <run_address>0x0</run_address>
         <size>0x144</size>
         <input_file_ref idref="fl-4"/>
      </object_component>
      <object_component id="oc-74">
         <name>.text</name>
         <load_address>0x144</load_address>
         <run_address>0x144</run_address>
         <size>0x378</size>
         <input_file_ref idref="fl-2"/>
      </object_component>
      <object_component id="oc-4f">
         <name>.text</name>
         <load_address>0x4bc</load_address>
         <run_address>0x4bc</run_address>
         <size>0xb4</size>
         <input_file_ref idref="fl-3"/>
      </object_component>
      <object_component id="oc-61">
         <name>.text</name>
         <load_address>0x570</load_address>
         <run_address>0x570</run_address>
         <size>0x9c</size>
         <input_file_ref idref="fl-132"/>
      </object_component>
      <object_component id="oc-14">
         <name>.text</name>
         <load_address>0x60c</load_address>
         <run_address>0x60c</run_address>
         <size>0x9a</size>
         <input_file_ref idref="fl-4"/>
      </object_component>
      <object_component id="oc-30">
         <name>.text</name>
         <load_address>0x6a8</load_address>
         <run_address>0x6a8</run_address>
         <size>0x6c</size>
         <input_file_ref idref="fl-130"/>
      </object_component>
      <object_component id="oc-1d">
         <name>.text</name>
         <load_address>0x714</load_address>
         <run_address>0x714</run_address>
         <size>0x50</size>
         <input_file_ref idref="fl-12a"/>
      </object_component>
      <object_component id="oc-47">
         <name>.text</name>
         <load_address>0x764</load_address>
         <run_address>0x764</run_address>
         <size>0x4c</size>
         <input_file_ref idref="fl-131"/>
      </object_component>
      <object_component id="oc-3c">
         <name>.text</name>
         <load_address>0x7b0</load_address>
         <run_address>0x7b0</run_address>
         <size>0x44</size>
         <input_file_ref idref="fl-12b"/>
      </object_component>
      <object_component id="oc-36">
         <name>.text</name>
         <load_address>0x7f4</load_address>
         <run_address>0x7f4</run_address>
         <size>0x18</size>
         <input_file_ref idref="fl-12f"/>
      </object_component>
      <object_component id="oc-81">
         <name>.text</name>
         <load_address>0x80c</load_address>
         <run_address>0x80c</run_address>
         <size>0x14</size>
         <input_file_ref idref="fl-12e"/>
      </object_component>
      <object_component id="oc-2a">
         <name>.text</name>
         <load_address>0x820</load_address>
         <run_address>0x820</run_address>
         <size>0x4</size>
         <input_file_ref idref="fl-12c"/>
      </object_component>
      <object_component id="oc-13">
         <name>.stack</name>
         <uninitialized>true</uninitialized>
         <run_address>0x20010000</run_address>
         <size>0x0</size>
         <input_file_ref idref="fl-12a"/>
      </object_component>
      <object_component id="oc-c2">
         <name>.stack</name>
         <uninitialized>true</uninitialized>
         <run_address>0x20010000</run_address>
         <size>0x0</size>
      </object_component>
      <object_component id="oc-56">
         <name>.data</name>
         <load_address>0x20000000</load_address>
         <run_address>0x20000000</run_address>
         <size>0x8</size>
         <input_file_ref idref="fl-12e"/>
      </object_component>
      <object_component id="oc-59">
         <name>.data</name>
         <load_address>0x20000008</load_address>
         <run_address>0x20000008</run_address>
         <size>0x8</size>
         <input_file_ref idref="fl-12b"/>
      </object_component>
      <object_component id="oc-42">
         <name>.data</name>
         <load_address>0x20000010</load_address>
         <run_address>0x20000010</run_address>
         <size>0x4</size>
         <input_file_ref idref="fl-12d"/>
      </object_component>
      <object_component id="oc-75">
         <name>.debug_info</name>
         <load_address>0x0</load_address>
         <run_address>0x0</run_address>
         <size>0x22f</size>
         <input_file_ref idref="fl-2"/>
      </object_component>
      <object_component id="oc-50">
         <name>.debug_info</name>
         <load_address>0x22f</load_address>
         <run_address>0x22f</run_address>
         <size>0x13d</size>
         <input_file_ref idref="fl-3"/>
      </object_component>
      <object_component id="oc-1c">
         <name>.debug_info</name>
         <load_address>0x36c</load_address>
         <run_address>0x36c</run_address>
         <size>0x10a</size>
         <input_file_ref idref="fl-4"/>
      </object_component>
      <object_component id="oc-11">
         <name>.debug_info</name>
         <load_address>0x476</load_address>
         <run_address>0x476</run_address>
         <size>0xf7</size>
         <input_file_ref idref="fl-4"/>
      </object_component>
      <object_component id="oc-15">
         <name>.debug_info</name>
         <load_address>0x56d</load_address>
         <run_address>0x56d</run_address>
         <size>0x16a3</size>
         <input_file_ref idref="fl-4"/>
      </object_component>
      <object_component id="oc-25">
         <name>.debug_info</name>
         <load_address>0x1c10</load_address>
         <run_address>0x1c10</run_address>
         <size>0x84</size>
         <input_file_ref idref="fl-4"/>
      </object_component>
      <object_component id="oc-1e">
         <name>.debug_info</name>
         <load_address>0x1c94</load_address>
         <run_address>0x1c94</run_address>
         <size>0x136</size>
         <input_file_ref idref="fl-12a"/>
      </object_component>
      <object_component id="oc-5d">
         <name>.debug_info</name>
         <load_address>0x1dca</load_address>
         <run_address>0x1dca</run_address>
         <size>0x174</size>
         <input_file_ref idref="fl-12b"/>
      </object_component>
      <object_component id="oc-5a">
         <name>.debug_info</name>
         <load_address>0x1f3e</load_address>
         <run_address>0x1f3e</run_address>
         <size>0x119</size>
         <input_file_ref idref="fl-12b"/>
      </object_component>
      <object_component id="oc-3d">
         <name>.debug_info</name>
         <load_address>0x2057</load_address>
         <run_address>0x2057</run_address>
         <size>0x1f0</size>
         <input_file_ref idref="fl-12b"/>
      </object_component>
      <object_component id="oc-2b">
         <name>.debug_info</name>
         <load_address>0x2247</load_address>
         <run_address>0x2247</run_address>
         <size>0x12b</size>
         <input_file_ref idref="fl-12c"/>
      </object_component>
      <object_component id="oc-43">
         <name>.debug_info</name>
         <load_address>0x2372</load_address>
         <run_address>0x2372</run_address>
         <size>0xec</size>
         <input_file_ref idref="fl-12d"/>
      </object_component>
      <object_component id="oc-89">
         <name>.debug_info</name>
         <load_address>0x245e</load_address>
         <run_address>0x245e</run_address>
         <size>0x107</size>
         <input_file_ref idref="fl-12e"/>
      </object_component>
      <object_component id="oc-57">
         <name>.debug_info</name>
         <load_address>0x2565</load_address>
         <run_address>0x2565</run_address>
         <size>0xf6</size>
         <input_file_ref idref="fl-12e"/>
      </object_component>
      <object_component id="oc-82">
         <name>.debug_info</name>
         <load_address>0x265b</load_address>
         <run_address>0x265b</run_address>
         <size>0x202</size>
         <input_file_ref idref="fl-12e"/>
      </object_component>
      <object_component id="oc-55">
         <name>.debug_info</name>
         <load_address>0x285d</load_address>
         <run_address>0x285d</run_address>
         <size>0x149</size>
         <input_file_ref idref="fl-12f"/>
      </object_component>
      <object_component id="oc-37">
         <name>.debug_info</name>
         <load_address>0x29a6</load_address>
         <run_address>0x29a6</run_address>
         <size>0x14a</size>
         <input_file_ref idref="fl-12f"/>
      </object_component>
      <object_component id="oc-7c">
         <name>.debug_info</name>
         <load_address>0x2af0</load_address>
         <run_address>0x2af0</run_address>
         <size>0x5e</size>
         <input_file_ref idref="fl-12f"/>
      </object_component>
      <object_component id="oc-4e">
         <name>.debug_info</name>
         <load_address>0x2b4e</load_address>
         <run_address>0x2b4e</run_address>
         <size>0x2a0</size>
         <input_file_ref idref="fl-130"/>
      </object_component>
      <object_component id="oc-31">
         <name>.debug_info</name>
         <load_address>0x2dee</load_address>
         <run_address>0x2dee</run_address>
         <size>0x15a</size>
         <input_file_ref idref="fl-130"/>
      </object_component>
      <object_component id="oc-6a">
         <name>.debug_info</name>
         <load_address>0x2f48</load_address>
         <run_address>0x2f48</run_address>
         <size>0x39</size>
         <input_file_ref idref="fl-130"/>
      </object_component>
      <object_component id="oc-6f">
         <name>.debug_info</name>
         <load_address>0x2f81</load_address>
         <run_address>0x2f81</run_address>
         <size>0xcd</size>
         <input_file_ref idref="fl-130"/>
      </object_component>
      <object_component id="oc-67">
         <name>.debug_info</name>
         <load_address>0x304e</load_address>
         <run_address>0x304e</run_address>
         <size>0x1c3</size>
         <input_file_ref idref="fl-131"/>
      </object_component>
      <object_component id="oc-48">
         <name>.debug_info</name>
         <load_address>0x3211</load_address>
         <run_address>0x3211</run_address>
         <size>0x166</size>
         <input_file_ref idref="fl-131"/>
      </object_component>
      <object_component id="oc-97">
         <name>.debug_info</name>
         <load_address>0x3377</load_address>
         <run_address>0x3377</run_address>
         <size>0x2c</size>
         <input_file_ref idref="fl-131"/>
      </object_component>
      <object_component id="oc-92">
         <name>.debug_info</name>
         <load_address>0x33a3</load_address>
         <run_address>0x33a3</run_address>
         <size>0x2c</size>
         <input_file_ref idref="fl-131"/>
      </object_component>
      <object_component id="oc-62">
         <name>.debug_info</name>
         <load_address>0x33cf</load_address>
         <run_address>0x33cf</run_address>
         <size>0xf8</size>
         <input_file_ref idref="fl-132"/>
      </object_component>
      <object_component id="oc-c3">
         <name>.debug_info</name>
         <load_address>0x34c7</load_address>
         <run_address>0x34c7</run_address>
         <size>0xaf</size>
      </object_component>
      <object_component id="oc-78">
         <name>.debug_line</name>
         <load_address>0x0</load_address>
         <run_address>0x0</run_address>
         <size>0x172</size>
         <input_file_ref idref="fl-2"/>
      </object_component>
      <object_component id="oc-53">
         <name>.debug_line</name>
         <load_address>0x172</load_address>
         <run_address>0x172</run_address>
         <size>0x87</size>
         <input_file_ref idref="fl-3"/>
      </object_component>
      <object_component id="oc-24">
         <name>.debug_line</name>
         <load_address>0x1f9</load_address>
         <run_address>0x1f9</run_address>
         <size>0x3b</size>
         <input_file_ref idref="fl-4"/>
      </object_component>
      <object_component id="oc-1b">
         <name>.debug_line</name>
         <load_address>0x234</load_address>
         <run_address>0x234</run_address>
         <size>0x3b</size>
         <input_file_ref idref="fl-4"/>
      </object_component>
      <object_component id="oc-18">
         <name>.debug_line</name>
         <load_address>0x26f</load_address>
         <run_address>0x26f</run_address>
         <size>0x55a</size>
         <input_file_ref idref="fl-4"/>
      </object_component>
      <object_component id="oc-28">
         <name>.debug_line</name>
         <load_address>0x7c9</load_address>
         <run_address>0x7c9</run_address>
         <size>0x20</size>
         <input_file_ref idref="fl-4"/>
      </object_component>
      <object_component id="oc-21">
         <name>.debug_line</name>
         <load_address>0x7e9</load_address>
         <run_address>0x7e9</run_address>
         <size>0x52</size>
         <input_file_ref idref="fl-12a"/>
      </object_component>
      <object_component id="oc-8e">
         <name>.debug_line</name>
         <load_address>0x83b</load_address>
         <run_address>0x83b</run_address>
         <size>0x71</size>
         <input_file_ref idref="fl-12b"/>
      </object_component>
      <object_component id="oc-8c">
         <name>.debug_line</name>
         <load_address>0x8ac</load_address>
         <run_address>0x8ac</run_address>
         <size>0x2a</size>
         <input_file_ref idref="fl-12b"/>
      </object_component>
      <object_component id="oc-40">
         <name>.debug_line</name>
         <load_address>0x8d6</load_address>
         <run_address>0x8d6</run_address>
         <size>0x7a</size>
         <input_file_ref idref="fl-12b"/>
      </object_component>
      <object_component id="oc-2e">
         <name>.debug_line</name>
         <load_address>0x950</load_address>
         <run_address>0x950</run_address>
         <size>0x40</size>
         <input_file_ref idref="fl-12c"/>
      </object_component>
      <object_component id="oc-60">
         <name>.debug_line</name>
         <load_address>0x990</load_address>
         <run_address>0x990</run_address>
         <size>0x33</size>
         <input_file_ref idref="fl-12d"/>
      </object_component>
      <object_component id="oc-9f">
         <name>.debug_line</name>
         <load_address>0x9c3</load_address>
         <run_address>0x9c3</run_address>
         <size>0x20</size>
         <input_file_ref idref="fl-12e"/>
      </object_component>
      <object_component id="oc-88">
         <name>.debug_line</name>
         <load_address>0x9e3</load_address>
         <run_address>0x9e3</run_address>
         <size>0x2b</size>
         <input_file_ref idref="fl-12e"/>
      </object_component>
      <object_component id="oc-85">
         <name>.debug_line</name>
         <load_address>0xa0e</load_address>
         <run_address>0xa0e</run_address>
         <size>0x68</size>
         <input_file_ref idref="fl-12e"/>
      </object_component>
      <object_component id="oc-7b">
         <name>.debug_line</name>
         <load_address>0xa76</load_address>
         <run_address>0xa76</run_address>
         <size>0x2b</size>
         <input_file_ref idref="fl-12f"/>
      </object_component>
      <object_component id="oc-3a">
         <name>.debug_line</name>
         <load_address>0xaa1</load_address>
         <run_address>0xaa1</run_address>
         <size>0x50</size>
         <input_file_ref idref="fl-12f"/>
      </object_component>
      <object_component id="oc-7f">
         <name>.debug_line</name>
         <load_address>0xaf1</load_address>
         <run_address>0xaf1</run_address>
         <size>0x2b</size>
         <input_file_ref idref="fl-12f"/>
      </object_component>
      <object_component id="oc-69">
         <name>.debug_line</name>
         <load_address>0xb1c</load_address>
         <run_address>0xb1c</run_address>
         <size>0x81</size>
         <input_file_ref idref="fl-130"/>
      </object_component>
      <object_component id="oc-34">
         <name>.debug_line</name>
         <load_address>0xb9d</load_address>
         <run_address>0xb9d</run_address>
         <size>0x79</size>
         <input_file_ref idref="fl-130"/>
      </object_component>
      <object_component id="oc-6d">
         <name>.debug_line</name>
         <load_address>0xc16</load_address>
         <run_address>0xc16</run_address>
         <size>0x2e</size>
         <input_file_ref idref="fl-130"/>
      </object_component>
      <object_component id="oc-72">
         <name>.debug_line</name>
         <load_address>0xc44</load_address>
         <run_address>0xc44</run_address>
         <size>0x73</size>
         <input_file_ref idref="fl-130"/>
      </object_component>
      <object_component id="oc-91">
         <name>.debug_line</name>
         <load_address>0xcb7</load_address>
         <run_address>0xcb7</run_address>
         <size>0x80</size>
         <input_file_ref idref="fl-131"/>
      </object_component>
      <object_component id="oc-4b">
         <name>.debug_line</name>
         <load_address>0xd37</load_address>
         <run_address>0xd37</run_address>
         <size>0x68</size>
         <input_file_ref idref="fl-131"/>
      </object_component>
      <object_component id="oc-9a">
         <name>.debug_line</name>
         <load_address>0xd9f</load_address>
         <run_address>0xd9f</run_address>
         <size>0x2e</size>
         <input_file_ref idref="fl-131"/>
      </object_component>
      <object_component id="oc-95">
         <name>.debug_line</name>
         <load_address>0xdcd</load_address>
         <run_address>0xdcd</run_address>
         <size>0x72</size>
         <input_file_ref idref="fl-131"/>
      </object_component>
      <object_component id="oc-65">
         <name>.debug_line</name>
         <load_address>0xe3f</load_address>
         <run_address>0xe3f</run_address>
         <size>0x88</size>
         <input_file_ref idref="fl-132"/>
      </object_component>
      <object_component id="oc-9c">
         <name>.debug_abbrev</name>
         <load_address>0x0</load_address>
         <run_address>0x0</run_address>
         <size>0x3b</size>
         <input_file_ref idref="fl-2"/>
      </object_component>
      <object_component id="oc-79">
         <name>.debug_abbrev</name>
         <load_address>0x3b</load_address>
         <run_address>0x3b</run_address>
         <size>0x5f</size>
         <input_file_ref idref="fl-3"/>
      </object_component>
      <object_component id="oc-23">
         <name>.debug_abbrev</name>
         <load_address>0x9a</load_address>
         <run_address>0x9a</run_address>
         <size>0x5d</size>
         <input_file_ref idref="fl-4"/>
      </object_component>
      <object_component id="oc-1a">
         <name>.debug_abbrev</name>
         <load_address>0xf7</load_address>
         <run_address>0xf7</run_address>
         <size>0x29</size>
         <input_file_ref idref="fl-4"/>
      </object_component>
      <object_component id="oc-22">
         <name>.debug_abbrev</name>
         <load_address>0x120</load_address>
         <run_address>0x120</run_address>
         <size>0xf8</size>
         <input_file_ref idref="fl-4"/>
      </object_component>
      <object_component id="oc-27">
         <name>.debug_abbrev</name>
         <load_address>0x218</load_address>
         <run_address>0x218</run_address>
         <size>0x1f</size>
         <input_file_ref idref="fl-4"/>
      </object_component>
      <object_component id="oc-45">
         <name>.debug_abbrev</name>
         <load_address>0x237</load_address>
         <run_address>0x237</run_address>
         <size>0x3e</size>
         <input_file_ref idref="fl-12a"/>
      </object_component>
      <object_component id="oc-8d">
         <name>.debug_abbrev</name>
         <load_address>0x275</load_address>
         <run_address>0x275</run_address>
         <size>0x6b</size>
         <input_file_ref idref="fl-12b"/>
      </object_component>
      <object_component id="oc-8b">
         <name>.debug_abbrev</name>
         <load_address>0x2e0</load_address>
         <run_address>0x2e0</run_address>
         <size>0x29</size>
         <input_file_ref idref="fl-12b"/>
      </object_component>
      <object_component id="oc-5c">
         <name>.debug_abbrev</name>
         <load_address>0x309</load_address>
         <run_address>0x309</run_address>
         <size>0xba</size>
         <input_file_ref idref="fl-12b"/>
      </object_component>
      <object_component id="oc-46">
         <name>.debug_abbrev</name>
         <load_address>0x3c3</load_address>
         <run_address>0x3c3</run_address>
         <size>0x55</size>
         <input_file_ref idref="fl-12c"/>
      </object_component>
      <object_component id="oc-5f">
         <name>.debug_abbrev</name>
         <load_address>0x418</load_address>
         <run_address>0x418</run_address>
         <size>0x27</size>
         <input_file_ref idref="fl-12d"/>
      </object_component>
      <object_component id="oc-9e">
         <name>.debug_abbrev</name>
         <load_address>0x43f</load_address>
         <run_address>0x43f</run_address>
         <size>0x45</size>
         <input_file_ref idref="fl-12e"/>
      </object_component>
      <object_component id="oc-87">
         <name>.debug_abbrev</name>
         <load_address>0x484</load_address>
         <run_address>0x484</run_address>
         <size>0x29</size>
         <input_file_ref idref="fl-12e"/>
      </object_component>
      <object_component id="oc-9d">
         <name>.debug_abbrev</name>
         <load_address>0x4ad</load_address>
         <run_address>0x4ad</run_address>
         <size>0x6f</size>
         <input_file_ref idref="fl-12e"/>
      </object_component>
      <object_component id="oc-7a">
         <name>.debug_abbrev</name>
         <load_address>0x51c</load_address>
         <run_address>0x51c</run_address>
         <size>0x8e</size>
         <input_file_ref idref="fl-12f"/>
      </object_component>
      <object_component id="oc-54">
         <name>.debug_abbrev</name>
         <load_address>0x5aa</load_address>
         <run_address>0x5aa</run_address>
         <size>0x68</size>
         <input_file_ref idref="fl-12f"/>
      </object_component>
      <object_component id="oc-7e">
         <name>.debug_abbrev</name>
         <load_address>0x612</load_address>
         <run_address>0x612</run_address>
         <size>0x49</size>
         <input_file_ref idref="fl-12f"/>
      </object_component>
      <object_component id="oc-68">
         <name>.debug_abbrev</name>
         <load_address>0x65b</load_address>
         <run_address>0x65b</run_address>
         <size>0x9a</size>
         <input_file_ref idref="fl-130"/>
      </object_component>
      <object_component id="oc-4d">
         <name>.debug_abbrev</name>
         <load_address>0x6f5</load_address>
         <run_address>0x6f5</run_address>
         <size>0x7e</size>
         <input_file_ref idref="fl-130"/>
      </object_component>
      <object_component id="oc-6c">
         <name>.debug_abbrev</name>
         <load_address>0x773</load_address>
         <run_address>0x773</run_address>
         <size>0x24</size>
         <input_file_ref idref="fl-130"/>
      </object_component>
      <object_component id="oc-71">
         <name>.debug_abbrev</name>
         <load_address>0x797</load_address>
         <run_address>0x797</run_address>
         <size>0x4b</size>
         <input_file_ref idref="fl-130"/>
      </object_component>
      <object_component id="oc-90">
         <name>.debug_abbrev</name>
         <load_address>0x7e2</load_address>
         <run_address>0x7e2</run_address>
         <size>0x9c</size>
         <input_file_ref idref="fl-131"/>
      </object_component>
      <object_component id="oc-66">
         <name>.debug_abbrev</name>
         <load_address>0x87e</load_address>
         <run_address>0x87e</run_address>
         <size>0x8c</size>
         <input_file_ref idref="fl-131"/>
      </object_component>
      <object_component id="oc-99">
         <name>.debug_abbrev</name>
         <load_address>0x90a</load_address>
         <run_address>0x90a</run_address>
         <size>0x24</size>
         <input_file_ref idref="fl-131"/>
      </object_component>
      <object_component id="oc-94">
         <name>.debug_abbrev</name>
         <load_address>0x92e</load_address>
         <run_address>0x92e</run_address>
         <size>0x24</size>
         <input_file_ref idref="fl-131"/>
      </object_component>
      <object_component id="oc-8f">
         <name>.debug_abbrev</name>
         <load_address>0x952</load_address>
         <run_address>0x952</run_address>
         <size>0x3e</size>
         <input_file_ref idref="fl-132"/>
      </object_component>
      <object_component id="oc-c4">
         <name>.debug_abbrev</name>
         <load_address>0x990</load_address>
         <run_address>0x990</run_address>
         <size>0xf</size>
      </object_component>
      <object_component id="oc-76">
         <name>.debug_aranges</name>
         <load_address>0x0</load_address>
         <run_address>0x0</run_address>
         <size>0x38</size>
         <input_file_ref idref="fl-2"/>
      </object_component>
      <object_component id="oc-51">
         <name>.debug_aranges</name>
         <load_address>0x38</load_address>
         <run_address>0x38</run_address>
         <size>0x28</size>
         <input_file_ref idref="fl-3"/>
      </object_component>
      <object_component id="oc-16">
         <name>.debug_aranges</name>
         <load_address>0x60</load_address>
         <run_address>0x60</run_address>
         <size>0x1c8</size>
         <input_file_ref idref="fl-4"/>
      </object_component>
      <object_component id="oc-1f">
         <name>.debug_aranges</name>
         <load_address>0x228</load_address>
         <run_address>0x228</run_address>
         <size>0x20</size>
         <input_file_ref idref="fl-12a"/>
      </object_component>
      <object_component id="oc-3e">
         <name>.debug_aranges</name>
         <load_address>0x248</load_address>
         <run_address>0x248</run_address>
         <size>0x30</size>
         <input_file_ref idref="fl-12b"/>
      </object_component>
      <object_component id="oc-2c">
         <name>.debug_aranges</name>
         <load_address>0x278</load_address>
         <run_address>0x278</run_address>
         <size>0x20</size>
         <input_file_ref idref="fl-12c"/>
      </object_component>
      <object_component id="oc-83">
         <name>.debug_aranges</name>
         <load_address>0x298</load_address>
         <run_address>0x298</run_address>
         <size>0x30</size>
         <input_file_ref idref="fl-12e"/>
      </object_component>
      <object_component id="oc-38">
         <name>.debug_aranges</name>
         <load_address>0x2c8</load_address>
         <run_address>0x2c8</run_address>
         <size>0x20</size>
         <input_file_ref idref="fl-12f"/>
      </object_component>
      <object_component id="oc-32">
         <name>.debug_aranges</name>
         <load_address>0x2e8</load_address>
         <run_address>0x2e8</run_address>
         <size>0x20</size>
         <input_file_ref idref="fl-130"/>
      </object_component>
      <object_component id="oc-49">
         <name>.debug_aranges</name>
         <load_address>0x308</load_address>
         <run_address>0x308</run_address>
         <size>0x20</size>
         <input_file_ref idref="fl-131"/>
      </object_component>
      <object_component id="oc-63">
         <name>.debug_aranges</name>
         <load_address>0x328</load_address>
         <run_address>0x328</run_address>
         <size>0x20</size>
         <input_file_ref idref="fl-132"/>
      </object_component>
      <object_component id="oc-77">
         <name>.debug_pubnames</name>
         <load_address>0x0</load_address>
         <run_address>0x0</run_address>
         <size>0x60</size>
         <input_file_ref idref="fl-2"/>
      </object_component>
      <object_component id="oc-52">
         <name>.debug_pubnames</name>
         <load_address>0x60</load_address>
         <run_address>0x60</run_address>
         <size>0x25</size>
         <input_file_ref idref="fl-3"/>
      </object_component>
      <object_component id="oc-12">
         <name>.debug_pubnames</name>
         <load_address>0x85</load_address>
         <run_address>0x85</run_address>
         <size>0x27</size>
         <input_file_ref idref="fl-4"/>
      </object_component>
      <object_component id="oc-17">
         <name>.debug_pubnames</name>
         <load_address>0xac</load_address>
         <run_address>0xac</run_address>
         <size>0x474</size>
         <input_file_ref idref="fl-4"/>
      </object_component>
      <object_component id="oc-20">
         <name>.debug_pubnames</name>
         <load_address>0x520</load_address>
         <run_address>0x520</run_address>
         <size>0x1f</size>
         <input_file_ref idref="fl-12a"/>
      </object_component>
      <object_component id="oc-5b">
         <name>.debug_pubnames</name>
         <load_address>0x53f</load_address>
         <run_address>0x53f</run_address>
         <size>0x3a</size>
         <input_file_ref idref="fl-12b"/>
      </object_component>
      <object_component id="oc-3f">
         <name>.debug_pubnames</name>
         <load_address>0x579</load_address>
         <run_address>0x579</run_address>
         <size>0x35</size>
         <input_file_ref idref="fl-12b"/>
      </object_component>
      <object_component id="oc-2d">
         <name>.debug_pubnames</name>
         <load_address>0x5ae</load_address>
         <run_address>0x5ae</run_address>
         <size>0x27</size>
         <input_file_ref idref="fl-12c"/>
      </object_component>
      <object_component id="oc-44">
         <name>.debug_pubnames</name>
         <load_address>0x5d5</load_address>
         <run_address>0x5d5</run_address>
         <size>0x23</size>
         <input_file_ref idref="fl-12d"/>
      </object_component>
      <object_component id="oc-58">
         <name>.debug_pubnames</name>
         <load_address>0x5f8</load_address>
         <run_address>0x5f8</run_address>
         <size>0x28</size>
         <input_file_ref idref="fl-12e"/>
      </object_component>
      <object_component id="oc-84">
         <name>.debug_pubnames</name>
         <load_address>0x620</load_address>
         <run_address>0x620</run_address>
         <size>0x43</size>
         <input_file_ref idref="fl-12e"/>
      </object_component>
      <object_component id="oc-39">
         <name>.debug_pubnames</name>
         <load_address>0x663</load_address>
         <run_address>0x663</run_address>
         <size>0x21</size>
         <input_file_ref idref="fl-12f"/>
      </object_component>
      <object_component id="oc-33">
         <name>.debug_pubnames</name>
         <load_address>0x684</load_address>
         <run_address>0x684</run_address>
         <size>0x25</size>
         <input_file_ref idref="fl-130"/>
      </object_component>
      <object_component id="oc-4a">
         <name>.debug_pubnames</name>
         <load_address>0x6a9</load_address>
         <run_address>0x6a9</run_address>
         <size>0x1e</size>
         <input_file_ref idref="fl-131"/>
      </object_component>
      <object_component id="oc-64">
         <name>.debug_pubnames</name>
         <load_address>0x6c7</load_address>
         <run_address>0x6c7</run_address>
         <size>0x1d</size>
         <input_file_ref idref="fl-132"/>
      </object_component>
      <object_component id="oc-19">
         <name>.debug_frame</name>
         <load_address>0x0</load_address>
         <run_address>0x0</run_address>
         <size>0x404</size>
         <input_file_ref idref="fl-4"/>
      </object_component>
      <object_component id="oc-41">
         <name>.debug_frame</name>
         <load_address>0x404</load_address>
         <run_address>0x404</run_address>
         <size>0xb3</size>
         <input_file_ref idref="fl-12b"/>
      </object_component>
      <object_component id="oc-2f">
         <name>.debug_frame</name>
         <load_address>0x4b7</load_address>
         <run_address>0x4b7</run_address>
         <size>0x7f</size>
         <input_file_ref idref="fl-12c"/>
      </object_component>
      <object_component id="oc-86">
         <name>.debug_frame</name>
         <load_address>0x536</load_address>
         <run_address>0x536</run_address>
         <size>0xa1</size>
         <input_file_ref idref="fl-12e"/>
      </object_component>
      <object_component id="oc-3b">
         <name>.debug_frame</name>
         <load_address>0x5d7</load_address>
         <run_address>0x5d7</run_address>
         <size>0x7f</size>
         <input_file_ref idref="fl-12f"/>
      </object_component>
      <object_component id="oc-35">
         <name>.debug_frame</name>
         <load_address>0x656</load_address>
         <run_address>0x656</run_address>
         <size>0x8a</size>
         <input_file_ref idref="fl-130"/>
      </object_component>
      <object_component id="oc-4c">
         <name>.debug_frame</name>
         <load_address>0x6e0</load_address>
         <run_address>0x6e0</run_address>
         <size>0x8e</size>
         <input_file_ref idref="fl-131"/>
      </object_component>
      <object_component id="oc-29">
         <name>.debug_str</name>
         <load_address>0x0</load_address>
         <run_address>0x0</run_address>
         <size>0xf5</size>
         <input_file_ref idref="fl-4"/>
      </object_component>
      <object_component id="oc-80">
         <name>.debug_str</name>
         <load_address>0xf5</load_address>
         <run_address>0xf5</run_address>
         <size>0xb9</size>
         <input_file_ref idref="fl-12f"/>
      </object_component>
      <object_component id="oc-6e">
         <name>.debug_str</name>
         <load_address>0x1ae</load_address>
         <run_address>0x1ae</run_address>
         <size>0xc5</size>
         <input_file_ref idref="fl-130"/>
      </object_component>
      <object_component id="oc-73">
         <name>.debug_str</name>
         <load_address>0x273</load_address>
         <run_address>0x273</run_address>
         <size>0x14f</size>
         <input_file_ref idref="fl-130"/>
      </object_component>
      <object_component id="oc-9b">
         <name>.debug_str</name>
         <load_address>0x3c2</load_address>
         <run_address>0x3c2</run_address>
         <size>0xba</size>
         <input_file_ref idref="fl-131"/>
      </object_component>
      <object_component id="oc-96">
         <name>.debug_str</name>
         <load_address>0x47c</load_address>
         <run_address>0x47c</run_address>
         <size>0xf8</size>
         <input_file_ref idref="fl-131"/>
      </object_component>
      <object_component id="oc-26">
         <name>.debug_pubtypes</name>
         <load_address>0x0</load_address>
         <run_address>0x0</run_address>
         <size>0xed</size>
         <input_file_ref idref="fl-4"/>
      </object_component>
      <object_component id="oc-5e">
         <name>.debug_pubtypes</name>
         <load_address>0xed</load_address>
         <run_address>0xed</run_address>
         <size>0x1f</size>
         <input_file_ref idref="fl-12b"/>
      </object_component>
      <object_component id="oc-8a">
         <name>.debug_pubtypes</name>
         <load_address>0x10c</load_address>
         <run_address>0x10c</run_address>
         <size>0x1f</size>
         <input_file_ref idref="fl-12e"/>
      </object_component>
      <object_component id="oc-7d">
         <name>.debug_pubtypes</name>
         <load_address>0x12b</load_address>
         <run_address>0x12b</run_address>
         <size>0x1b</size>
         <input_file_ref idref="fl-12f"/>
      </object_component>
      <object_component id="oc-6b">
         <name>.debug_pubtypes</name>
         <load_address>0x146</load_address>
         <run_address>0x146</run_address>
         <size>0x32</size>
         <input_file_ref idref="fl-130"/>
      </object_component>
      <object_component id="oc-70">
         <name>.debug_pubtypes</name>
         <load_address>0x178</load_address>
         <run_address>0x178</run_address>
         <size>0x50</size>
         <input_file_ref idref="fl-130"/>
      </object_component>
      <object_component id="oc-98">
         <name>.debug_pubtypes</name>
         <load_address>0x1c8</load_address>
         <run_address>0x1c8</run_address>
         <size>0x23</size>
         <input_file_ref idref="fl-131"/>
      </object_component>
      <object_component id="oc-93">
         <name>.debug_pubtypes</name>
         <load_address>0x1eb</load_address>
         <run_address>0x1eb</run_address>
         <size>0x1d</size>
         <input_file_ref idref="fl-131"/>
      </object_component>
   </object_component_list>
   <logical_group_list>
      <logical_group id="lg-4" display="no" color="cyan">
         <name>.intvecs</name>
         <load_address>0x0</load_address>
         <run_address>0x0</run_address>
         <size>0x144</size>
         <contents>
            <object_component_ref idref="oc-10"/>
         </contents>
      </logical_group>
      <logical_group id="lg-5" display="no" color="cyan">
         <name>.text</name>
         <load_address>0x144</load_address>
         <run_address>0x144</run_address>
         <size>0x6e0</size>
         <contents>
            <object_component_ref idref="oc-74"/>
            <object_component_ref idref="oc-4f"/>
            <object_component_ref idref="oc-61"/>
            <object_component_ref idref="oc-14"/>
            <object_component_ref idref="oc-30"/>
            <object_component_ref idref="oc-1d"/>
            <object_component_ref idref="oc-47"/>
            <object_component_ref idref="oc-3c"/>
            <object_component_ref idref="oc-36"/>
            <object_component_ref idref="oc-81"/>
            <object_component_ref idref="oc-2a"/>
         </contents>
      </logical_group>
      <logical_group id="lg-6" display="no" color="cyan">
         <name>.const</name>
         <run_address>0x0</run_address>
         <size>0x0</size>
         <contents>
         </contents>
      </logical_group>
      <logical_group id="lg-7" display="no" color="cyan">
         <name>.cinit</name>
         <run_address>0x0</run_address>
         <size>0x0</size>
         <contents>
         </contents>
      </logical_group>
      <logical_group id="lg-8" display="no" color="cyan">
         <name>.pinit</name>
         <run_address>0x0</run_address>
         <size>0x0</size>
         <contents>
         </contents>
      </logical_group>
      <logical_group id="lg-9" display="no" color="cyan">
         <name>.flashMailbox</name>
         <run_address>0x0</run_address>
         <size>0x0</size>
         <contents>
         </contents>
      </logical_group>
      <logical_group id="lg-a" display="no" color="cyan">
         <name>.vtable</name>
         <run_address>0x0</run_address>
         <size>0x0</size>
         <contents>
         </contents>
      </logical_group>
      <logical_group id="lg-d" display="no" color="cyan">
         <name>.sysmem</name>
         <run_address>0x0</run_address>
         <size>0x0</size>
         <contents>
         </contents>
      </logical_group>
      <logical_group id="lg-e" display="no" color="cyan">
         <name>.stack</name>
         <run_address>0x20010000</run_address>
         <size>0x0</size>
         <contents>
            <object_component_ref idref="oc-13"/>
            <object_component_ref idref="oc-c2"/>
         </contents>
      </logical_group>
      <logical_group id="lg-a1" display="no" color="cyan">
         <name>.TI.noinit</name>
         <run_address>0x0</run_address>
         <size>0x0</size>
         <contents>
         </contents>
      </logical_group>
      <logical_group id="lg-c" display="no" color="cyan">
         <name>.bss</name>
         <run_address>0x0</run_address>
         <size>0x0</size>
         <contents>
         </contents>
      </logical_group>
      <logical_group id="lg-a0" display="no" color="cyan">
         <name>BSS_GROUP</name>
         <run_address>0x0</run_address>
         <size>0x0</size>
         <contents>
            <logical_group_ref idref="lg-a1"/>
            <logical_group_ref idref="lg-c"/>
         </contents>
      </logical_group>
      <logical_group id="lg-a3" display="no" color="cyan">
         <name>.TI.persistent</name>
         <run_address>0x20000000</run_address>
         <size>0x0</size>
         <contents>
         </contents>
      </logical_group>
      <logical_group id="lg-b" display="no" color="cyan">
         <name>.data</name>
         <load_address>0x20000000</load_address>
         <run_address>0x20000000</run_address>
         <size>0x14</size>
         <contents>
            <object_component_ref idref="oc-56"/>
            <object_component_ref idref="oc-59"/>
            <object_component_ref idref="oc-42"/>
         </contents>
      </logical_group>
      <logical_group id="lg-a2" display="no" color="cyan">
         <name>DATA_GROUP</name>
         <load_address>0x20000000</load_address>
         <run_address>0x20000000</run_address>
         <size>0x14</size>
         <contents>
            <logical_group_ref idref="lg-a3"/>
            <logical_group_ref idref="lg-b"/>
         </contents>
      </logical_group>
      <logical_group id="lg-b1" display="never" color="cyan">
         <name>.debug_info</name>
         <load_address>0x0</load_address>
         <run_address>0x0</run_address>
         <size>0x3576</size>
         <contents>
            <object_component_ref idref="oc-75"/>
            <object_component_ref idref="oc-50"/>
            <object_component_ref idref="oc-1c"/>
            <object_component_ref idref="oc-11"/>
            <object_component_ref idref="oc-15"/>
            <object_component_ref idref="oc-25"/>
            <object_component_ref idref="oc-1e"/>
            <object_component_ref idref="oc-5d"/>
            <object_component_ref idref="oc-5a"/>
            <object_component_ref idref="oc-3d"/>
            <object_component_ref idref="oc-2b"/>
            <object_component_ref idref="oc-43"/>
            <object_component_ref idref="oc-89"/>
            <object_component_ref idref="oc-57"/>
            <object_component_ref idref="oc-82"/>
            <object_component_ref idref="oc-55"/>
            <object_component_ref idref="oc-37"/>
            <object_component_ref idref="oc-7c"/>
            <object_component_ref idref="oc-4e"/>
            <object_component_ref idref="oc-31"/>
            <object_component_ref idref="oc-6a"/>
            <object_component_ref idref="oc-6f"/>
            <object_component_ref idref="oc-67"/>
            <object_component_ref idref="oc-48"/>
            <object_component_ref idref="oc-97"/>
            <object_component_ref idref="oc-92"/>
            <object_component_ref idref="oc-62"/>
            <object_component_ref idref="oc-c3"/>
         </contents>
      </logical_group>
      <logical_group id="lg-b3" display="never" color="cyan">
         <name>.debug_line</name>
         <load_address>0x0</load_address>
         <run_address>0x0</run_address>
         <size>0xec7</size>
         <contents>
            <object_component_ref idref="oc-78"/>
            <object_component_ref idref="oc-53"/>
            <object_component_ref idref="oc-24"/>
            <object_component_ref idref="oc-1b"/>
            <object_component_ref idref="oc-18"/>
            <object_component_ref idref="oc-28"/>
            <object_component_ref idref="oc-21"/>
            <object_component_ref idref="oc-8e"/>
            <object_component_ref idref="oc-8c"/>
            <object_component_ref idref="oc-40"/>
            <object_component_ref idref="oc-2e"/>
            <object_component_ref idref="oc-60"/>
            <object_component_ref idref="oc-9f"/>
            <object_component_ref idref="oc-88"/>
            <object_component_ref idref="oc-85"/>
            <object_component_ref idref="oc-7b"/>
            <object_component_ref idref="oc-3a"/>
            <object_component_ref idref="oc-7f"/>
            <object_component_ref idref="oc-69"/>
            <object_component_ref idref="oc-34"/>
            <object_component_ref idref="oc-6d"/>
            <object_component_ref idref="oc-72"/>
            <object_component_ref idref="oc-91"/>
            <object_component_ref idref="oc-4b"/>
            <object_component_ref idref="oc-9a"/>
            <object_component_ref idref="oc-95"/>
            <object_component_ref idref="oc-65"/>
         </contents>
      </logical_group>
      <logical_group id="lg-b5" display="never" color="cyan">
         <name>.debug_abbrev</name>
         <load_address>0x0</load_address>
         <run_address>0x0</run_address>
         <size>0x99f</size>
         <contents>
            <object_component_ref idref="oc-9c"/>
            <object_component_ref idref="oc-79"/>
            <object_component_ref idref="oc-23"/>
            <object_component_ref idref="oc-1a"/>
            <object_component_ref idref="oc-22"/>
            <object_component_ref idref="oc-27"/>
            <object_component_ref idref="oc-45"/>
            <object_component_ref idref="oc-8d"/>
            <object_component_ref idref="oc-8b"/>
            <object_component_ref idref="oc-5c"/>
            <object_component_ref idref="oc-46"/>
            <object_component_ref idref="oc-5f"/>
            <object_component_ref idref="oc-9e"/>
            <object_component_ref idref="oc-87"/>
            <object_component_ref idref="oc-9d"/>
            <object_component_ref idref="oc-7a"/>
            <object_component_ref idref="oc-54"/>
            <object_component_ref idref="oc-7e"/>
            <object_component_ref idref="oc-68"/>
            <object_component_ref idref="oc-4d"/>
            <object_component_ref idref="oc-6c"/>
            <object_component_ref idref="oc-71"/>
            <object_component_ref idref="oc-90"/>
            <object_component_ref idref="oc-66"/>
            <object_component_ref idref="oc-99"/>
            <object_component_ref idref="oc-94"/>
            <object_component_ref idref="oc-8f"/>
            <object_component_ref idref="oc-c4"/>
         </contents>
      </logical_group>
      <logical_group id="lg-b7" display="never" color="cyan">
         <name>.debug_aranges</name>
         <load_address>0x0</load_address>
         <run_address>0x0</run_address>
         <size>0x348</size>
         <contents>
            <object_component_ref idref="oc-76"/>
            <object_component_ref idref="oc-51"/>
            <object_component_ref idref="oc-16"/>
            <object_component_ref idref="oc-1f"/>
            <object_component_ref idref="oc-3e"/>
            <object_component_ref idref="oc-2c"/>
            <object_component_ref idref="oc-83"/>
            <object_component_ref idref="oc-38"/>
            <object_component_ref idref="oc-32"/>
            <object_component_ref idref="oc-49"/>
            <object_component_ref idref="oc-63"/>
         </contents>
      </logical_group>
      <logical_group id="lg-b9" display="never" color="cyan">
         <name>.debug_pubnames</name>
         <load_address>0x0</load_address>
         <run_address>0x0</run_address>
         <size>0x6e4</size>
         <contents>
            <object_component_ref idref="oc-77"/>
            <object_component_ref idref="oc-52"/>
            <object_component_ref idref="oc-12"/>
            <object_component_ref idref="oc-17"/>
            <object_component_ref idref="oc-20"/>
            <object_component_ref idref="oc-5b"/>
            <object_component_ref idref="oc-3f"/>
            <object_component_ref idref="oc-2d"/>
            <object_component_ref idref="oc-44"/>
            <object_component_ref idref="oc-58"/>
            <object_component_ref idref="oc-84"/>
            <object_component_ref idref="oc-39"/>
            <object_component_ref idref="oc-33"/>
            <object_component_ref idref="oc-4a"/>
            <object_component_ref idref="oc-64"/>
         </contents>
      </logical_group>
      <logical_group id="lg-bb" display="never" color="cyan">
         <name>.debug_frame</name>
         <load_address>0x0</load_address>
         <run_address>0x0</run_address>
         <size>0x76e</size>
         <contents>
            <object_component_ref idref="oc-19"/>
            <object_component_ref idref="oc-41"/>
            <object_component_ref idref="oc-2f"/>
            <object_component_ref idref="oc-86"/>
            <object_component_ref idref="oc-3b"/>
            <object_component_ref idref="oc-35"/>
            <object_component_ref idref="oc-4c"/>
         </contents>
      </logical_group>
      <logical_group id="lg-bd" display="never" color="cyan">
         <name>.debug_str</name>
         <load_address>0x0</load_address>
         <run_address>0x0</run_address>
         <size>0x574</size>
         <contents>
            <object_component_ref idref="oc-29"/>
            <object_component_ref idref="oc-80"/>
            <object_component_ref idref="oc-6e"/>
            <object_component_ref idref="oc-73"/>
            <object_component_ref idref="oc-9b"/>
            <object_component_ref idref="oc-96"/>
         </contents>
      </logical_group>
      <logical_group id="lg-bf" display="never" color="cyan">
         <name>.debug_pubtypes</name>
         <load_address>0x0</load_address>
         <run_address>0x0</run_address>
         <size>0x208</size>
         <contents>
            <object_component_ref idref="oc-26"/>
            <object_component_ref idref="oc-5e"/>
            <object_component_ref idref="oc-8a"/>
            <object_component_ref idref="oc-7d"/>
            <object_component_ref idref="oc-6b"/>
            <object_component_ref idref="oc-70"/>
            <object_component_ref idref="oc-98"/>
            <object_component_ref idref="oc-93"/>
         </contents>
      </logical_group>
      <load_segment id="lg-c6" display="no" color="cyan">
         <name>SEGMENT_0</name>
         <load_address>0x0</load_address>
         <run_address>0x0</run_address>
         <size>0x824</size>
         <flags>0x5</flags>
         <contents>
            <logical_group_ref idref="lg-4"/>
            <logical_group_ref idref="lg-5"/>
         </contents>
      </load_segment>
      <load_segment id="lg-c7" display="no" color="cyan">
         <name>SEGMENT_1</name>
         <load_address>0x20000000</load_address>
         <run_address>0x20000000</run_address>
         <size>0x14</size>
         <flags>0x6</flags>
         <contents>
            <logical_group_ref idref="lg-b"/>
         </contents>
      </load_segment>
   </logical_group_list>
   <placement_map>
      <memory_area display="yes" color="green">
         <name>MAIN</name>
         <page_id>0x0</page_id>
         <origin>0x0</origin>
         <length>0x40000</length>
         <used_space>0x824</used_space>
         <unused_space>0x3f7dc</unused_space>
         <attributes>RX</attributes>
         <usage_details>
            <allocated_space>
               <start_address>0x0</start_address>
               <size>0x144</size>
               <logical_group_ref idref="lg-4"/>
            </allocated_space>
            <allocated_space>
               <start_address>0x144</start_address>
               <size>0x6e0</size>
               <logical_group_ref idref="lg-5"/>
            </allocated_space>
            <available_space>
               <start_address>0x824</start_address>
               <size>0x3f7dc</size>
            </available_space>
         </usage_details>
      </memory_area>
      <memory_area display="yes" color="green">
         <name>INFO</name>
         <page_id>0x0</page_id>
         <origin>0x200000</origin>
         <length>0x4000</length>
         <used_space>0x0</used_space>
         <unused_space>0x4000</unused_space>
         <attributes>RX</attributes>
         <usage_details>
         </usage_details>
      </memory_area>
      <memory_area display="yes" color="green">
         <name>SRAM_CODE</name>
         <page_id>0x0</page_id>
         <origin>0x1000000</origin>
         <length>0x10000</length>
         <used_space>0x0</used_space>
         <unused_space>0x10000</unused_space>
         <attributes>RWX</attributes>
         <usage_details>
         </usage_details>
      </memory_area>
      <memory_area display="yes" color="green">
         <name>SRAM_DATA</name>
         <page_id>0x0</page_id>
         <origin>0x20000000</origin>
         <length>0x10000</length>
         <used_space>0x14</used_space>
         <unused_space>0xffec</unused_space>
         <attributes>RW</attributes>
         <usage_details>
            <allocated_space>
               <start_address>0x20000000</start_address>
               <size>0x14</size>
               <logical_group_ref idref="lg-a2"/>
            </allocated_space>
            <available_space>
               <start_address>0x20000014</start_address>
               <size>0xffec</size>
            </available_space>
            <allocated_space>
               <start_address>0x20010000</start_address>
               <size>0x0</size>
               <logical_group_ref idref="lg-e"/>
            </allocated_space>
         </usage_details>
      </memory_area>
   </placement_map>
   <symbol_table>
      <symbol id="sm-1">
         <name>WDTCTL_SYM</name>
         <value>0x4000480c</value>
      </symbol>
      <symbol id="sm-2">
         <name>binit</name>
         <value>0xffffffff</value>
      </symbol>
      <symbol id="sm-3">
         <name>__binit__</name>
         <value>0xffffffff</value>
      </symbol>
      <symbol id="sm-4">
         <name>__STACK_SIZE</name>
         <value>0x0</value>
      </symbol>
      <symbol id="sm-5">
         <name>__STACK_END</name>
         <value>0x20010000</value>
      </symbol>
      <symbol id="sm-6">
         <name>__c_args__</name>
         <value>0xffffffff</value>
      </symbol>
      <symbol id="sm-7">
         <name>__TI_static_base__</name>
         <value>0x0</value>
      </symbol>
      <symbol id="sm-65">
         <name>Clock_InitLowPower</name>
         <value>0x40b</value>
         <object_component_ref idref="oc-74"/>
      </symbol>
      <symbol id="sm-66">
         <name>Clock_Init32kHz</name>
         <value>0x2ff</value>
         <object_component_ref idref="oc-74"/>
      </symbol>
      <symbol id="sm-67">
         <name>Clock_Init</name>
         <value>0x199</value>
         <object_component_ref idref="oc-74"/>
      </symbol>
      <symbol id="sm-68">
         <name>Clock_Init48MHz</name>
         <value>0x1ef</value>
         <object_component_ref idref="oc-74"/>
      </symbol>
      <symbol id="sm-85">
         <name>main</name>
         <value>0x4f3</value>
         <object_component_ref idref="oc-4f"/>
      </symbol>
      <symbol id="sm-10a">
         <name>T32_INT2_IRQHandler</name>
         <value>0x665</value>
         <object_component_ref idref="oc-14"/>
      </symbol>
      <symbol id="sm-10b">
         <name>PendSV_Handler</name>
         <value>0x62d</value>
         <object_component_ref idref="oc-14"/>
      </symbol>
      <symbol id="sm-10c">
         <name>SysTick_Handler</name>
         <value>0x62f</value>
         <object_component_ref idref="oc-14"/>
      </symbol>
      <symbol id="sm-10d">
         <name>EUSCIA3_IRQHandler</name>
         <value>0x657</value>
         <object_component_ref idref="oc-14"/>
      </symbol>
      <symbol id="sm-10e">
         <name>SVC_Handler</name>
         <value>0x629</value>
         <object_component_ref idref="oc-14"/>
      </symbol>
      <symbol id="sm-10f">
         <name>EUSCIB1_IRQHandler</name>
         <value>0x65b</value>
         <object_component_ref idref="oc-14"/>
      </symbol>
      <symbol id="sm-110">
         <name>PORT4_IRQHandler</name>
         <value>0x67d</value>
         <object_component_ref idref="oc-14"/>
      </symbol>
      <symbol id="sm-111">
         <name>AES256_IRQHandler</name>
         <value>0x669</value>
         <object_component_ref idref="oc-14"/>
      </symbol>
      <symbol id="sm-112">
         <name>FPU_IRQHandler</name>
         <value>0x639</value>
         <object_component_ref idref="oc-14"/>
      </symbol>
      <symbol id="sm-113">
         <name>EUSCIB2_IRQHandler</name>
         <value>0x65d</value>
         <object_component_ref idref="oc-14"/>
      </symbol>
      <symbol id="sm-114">
         <name>PORT1_IRQHandler</name>
         <value>0x677</value>
         <object_component_ref idref="oc-14"/>
      </symbol>
      <symbol id="sm-115">
         <name>RTC_C_IRQHandler</name>
         <value>0x66b</value>
         <object_component_ref idref="oc-14"/>
      </symbol>
      <symbol id="sm-116">
         <name>TA2_0_IRQHandler</name>
         <value>0x649</value>
         <object_component_ref idref="oc-14"/>
      </symbol>
      <symbol id="sm-117">
         <name>TA3_N_IRQHandler</name>
         <value>0x64f</value>
         <object_component_ref idref="oc-14"/>
      </symbol>
      <symbol id="sm-118">
         <name>DMA_INT3_IRQHandler</name>
         <value>0x66f</value>
         <object_component_ref idref="oc-14"/>
      </symbol>
      <symbol id="sm-119">
         <name>PORT2_IRQHandler</name>
         <value>0x679</value>
         <object_component_ref idref="oc-14"/>
      </symbol>
      <symbol id="sm-11a">
         <name>StartCritical</name>
         <value>0x68f</value>
         <object_component_ref idref="oc-14"/>
      </symbol>
      <symbol id="sm-11b">
         <name>TA0_0_IRQHandler</name>
         <value>0x641</value>
         <object_component_ref idref="oc-14"/>
      </symbol>
      <symbol id="sm-11c">
         <name>PSS_IRQHandler</name>
         <value>0x631</value>
         <object_component_ref idref="oc-14"/>
      </symbol>
      <symbol id="sm-11d">
         <name>TA1_N_IRQHandler</name>
         <value>0x647</value>
         <object_component_ref idref="oc-14"/>
      </symbol>
      <symbol id="sm-11e">
         <name>EUSCIA1_IRQHandler</name>
         <value>0x653</value>
         <object_component_ref idref="oc-14"/>
      </symbol>
      <symbol id="sm-11f">
         <name>EUSCIA2_IRQHandler</name>
         <value>0x655</value>
         <object_component_ref idref="oc-14"/>
      </symbol>
      <symbol id="sm-120">
         <name>COMP_E0_IRQHandler</name>
         <value>0x63d</value>
         <object_component_ref idref="oc-14"/>
      </symbol>
      <symbol id="sm-121">
         <name>WDT_A_IRQHandler</name>
         <value>0x637</value>
         <object_component_ref idref="oc-14"/>
      </symbol>
      <symbol id="sm-122">
         <name>EUSCIB0_IRQHandler</name>
         <value>0x659</value>
         <object_component_ref idref="oc-14"/>
      </symbol>
      <symbol id="sm-123">
         <name>FLCTL_IRQHandler</name>
         <value>0x63b</value>
         <object_component_ref idref="oc-14"/>
      </symbol>
      <symbol id="sm-124">
         <name>EndCritical</name>
         <value>0x699</value>
         <object_component_ref idref="oc-14"/>
      </symbol>
      <symbol id="sm-125">
         <name>DMA_INT1_IRQHandler</name>
         <value>0x673</value>
         <object_component_ref idref="oc-14"/>
      </symbol>
      <symbol id="sm-126">
         <name>PCM_IRQHandler</name>
         <value>0x635</value>
         <object_component_ref idref="oc-14"/>
      </symbol>
      <symbol id="sm-127">
         <name>ADC14_IRQHandler</name>
         <value>0x661</value>
         <object_component_ref idref="oc-14"/>
      </symbol>
      <symbol id="sm-128">
         <name>T32_INTC_IRQHandler</name>
         <value>0x667</value>
         <object_component_ref idref="oc-14"/>
      </symbol>
      <symbol id="sm-129">
         <name>DMA_INT2_IRQHandler</name>
         <value>0x671</value>
         <object_component_ref idref="oc-14"/>
      </symbol>
      <symbol id="sm-12a">
         <name>TA3_0_IRQHandler</name>
         <value>0x64d</value>
         <object_component_ref idref="oc-14"/>
      </symbol>
      <symbol id="sm-12b">
         <name>EUSCIA0_IRQHandler</name>
         <value>0x651</value>
         <object_component_ref idref="oc-14"/>
      </symbol>
      <symbol id="sm-12c">
         <name>DMA_ERR_IRQHandler</name>
         <value>0x66d</value>
         <object_component_ref idref="oc-14"/>
      </symbol>
      <symbol id="sm-12d">
         <name>DisableInterrupts</name>
         <value>0x683</value>
         <object_component_ref idref="oc-14"/>
      </symbol>
      <symbol id="sm-12e">
         <name>PORT5_IRQHandler</name>
         <value>0x67f</value>
         <object_component_ref idref="oc-14"/>
      </symbol>
      <symbol id="sm-12f">
         <name>TA1_0_IRQHandler</name>
         <value>0x645</value>
         <object_component_ref idref="oc-14"/>
      </symbol>
      <symbol id="sm-130">
         <name>TA2_N_IRQHandler</name>
         <value>0x64b</value>
         <object_component_ref idref="oc-14"/>
      </symbol>
      <symbol id="sm-131">
         <name>COMP_E1_IRQHandler</name>
         <value>0x63f</value>
         <object_component_ref idref="oc-14"/>
      </symbol>
      <symbol id="sm-132">
         <name>EUSCIB3_IRQHandler</name>
         <value>0x65f</value>
         <object_component_ref idref="oc-14"/>
      </symbol>
      <symbol id="sm-133">
         <name>WaitForInterrupt</name>
         <value>0x6a1</value>
         <object_component_ref idref="oc-14"/>
      </symbol>
      <symbol id="sm-134">
         <name>interruptVectors</name>
         <value>0x0</value>
         <object_component_ref idref="oc-10"/>
      </symbol>
      <symbol id="sm-135">
         <name>EnableInterrupts</name>
         <value>0x689</value>
         <object_component_ref idref="oc-14"/>
      </symbol>
      <symbol id="sm-136">
         <name>PORT6_IRQHandler</name>
         <value>0x681</value>
         <object_component_ref idref="oc-14"/>
      </symbol>
      <symbol id="sm-137">
         <name>TA0_N_IRQHandler</name>
         <value>0x643</value>
         <object_component_ref idref="oc-14"/>
      </symbol>
      <symbol id="sm-138">
         <name>T32_INT1_IRQHandler</name>
         <value>0x663</value>
         <object_component_ref idref="oc-14"/>
      </symbol>
      <symbol id="sm-139">
         <name>DebugMon_Handler</name>
         <value>0x62b</value>
         <object_component_ref idref="oc-14"/>
      </symbol>
      <symbol id="sm-13a">
         <name>DMA_INT0_IRQHandler</name>
         <value>0x675</value>
         <object_component_ref idref="oc-14"/>
      </symbol>
      <symbol id="sm-13b">
         <name>PORT3_IRQHandler</name>
         <value>0x67b</value>
         <object_component_ref idref="oc-14"/>
      </symbol>
      <symbol id="sm-13c">
         <name>CS_IRQHandler</name>
         <value>0x633</value>
         <object_component_ref idref="oc-14"/>
      </symbol>
      <symbol id="sm-14f">
         <name>_c_int00</name>
         <value>0x715</value>
         <object_component_ref idref="oc-1d"/>
      </symbol>
      <symbol id="sm-150">
         <name>__stack</name>
         <value>0x20010000</value>
         <object_component_ref idref="oc-13"/>
      </symbol>
      <symbol id="sm-16f">
         <name>C$$EXIT</name>
         <value>0x7b1</value>
         <object_component_ref idref="oc-3c"/>
      </symbol>
      <symbol id="sm-170">
         <name>abort</name>
         <value>0x7b5</value>
         <object_component_ref idref="oc-3c"/>
      </symbol>
      <symbol id="sm-171">
         <name>exit</name>
         <value>0x7bd</value>
         <object_component_ref idref="oc-3c"/>
      </symbol>
      <symbol id="sm-172">
         <name>__TI_dtors_ptr</name>
         <value>0x2000000c</value>
         <object_component_ref idref="oc-59"/>
      </symbol>
      <symbol id="sm-173">
         <name>__TI_cleanup_ptr</name>
         <value>0x20000008</value>
         <object_component_ref idref="oc-59"/>
      </symbol>
      <symbol id="sm-17d">
         <name>_system_pre_init</name>
         <value>0x821</value>
         <object_component_ref idref="oc-2a"/>
      </symbol>
      <symbol id="sm-185">
         <name>main_func_sp</name>
         <value>0x20000010</value>
         <object_component_ref idref="oc-42"/>
      </symbol>
      <symbol id="sm-19e">
         <name>_nop</name>
         <value>0x81b</value>
         <object_component_ref idref="oc-81"/>
      </symbol>
      <symbol id="sm-19f">
         <name>_lock</name>
         <value>0x20000000</value>
         <object_component_ref idref="oc-56"/>
      </symbol>
      <symbol id="sm-1a0">
         <name>_unlock</name>
         <value>0x20000004</value>
         <object_component_ref idref="oc-56"/>
      </symbol>
      <symbol id="sm-1a1">
         <name>_register_lock</name>
         <value>0x813</value>
         <object_component_ref idref="oc-81"/>
      </symbol>
      <symbol id="sm-1a2">
         <name>_register_unlock</name>
         <value>0x80d</value>
         <object_component_ref idref="oc-81"/>
      </symbol>
      <symbol id="sm-1b7">
         <name>_args_main</name>
         <value>0x7f5</value>
         <object_component_ref idref="oc-36"/>
      </symbol>
      <symbol id="sm-1dd">
         <name>__TI_auto_init</name>
         <value>0x6a9</value>
         <object_component_ref idref="oc-30"/>
      </symbol>
      <symbol id="sm-1fc">
         <name>copy_in</name>
         <value>0x765</value>
         <object_component_ref idref="oc-47"/>
      </symbol>
      <symbol id="sm-217">
         <name>memcpy</name>
         <value>0x571</value>
         <object_component_ref idref="oc-61"/>
      </symbol>
      <symbol id="sm-218">
         <name>__aeabi_memcpy</name>
         <value>0x571</value>
         <object_component_ref idref="oc-61"/>
      </symbol>
      <symbol id="sm-219">
         <name>__aeabi_memcpy8</name>
         <value>0x571</value>
         <object_component_ref idref="oc-61"/>
      </symbol>
      <symbol id="sm-21a">
         <name>__aeabi_memcpy4</name>
         <value>0x571</value>
         <object_component_ref idref="oc-61"/>
      </symbol>
      <symbol id="sm-21b">
         <name>__TI_Handler_Table_Base</name>
         <value>0x0</value>
      </symbol>
      <symbol id="sm-21c">
         <name>__TI_Handler_Table_Limit</name>
         <value>0x0</value>
      </symbol>
      <symbol id="sm-21d">
         <name>__TI_CINIT_Limit</name>
         <value>0x0</value>
      </symbol>
      <symbol id="sm-21e">
         <name>__TI_CINIT_Base</name>
         <value>0x0</value>
      </symbol>
      <symbol id="sm-21f">
         <name>SHT$$INIT_ARRAY$$Limit</name>
         <value>0x0</value>
      </symbol>
      <symbol id="sm-220">
         <name>SHT$$INIT_ARRAY$$Base</name>
         <value>0x0</value>
      </symbol>
   </symbol_table>
   <title>Link successful</title>
</link_info>
