<?xml version="1.0"?>
<link_info>
   <banner>TI ARM Linker PC v5.2.4</banner>
   <copyright>Copyright (c) 1996-2015 Texas Instruments Incorporated</copyright>
   <link_time>0x575f20de</link_time>
   <link_errors>0x0</link_errors>
   <output_file>PointerTrafficLight_MSP432asm.out</output_file>
   <entry_point>
      <name>_c_int00</name>
      <address>0x475</address>
   </entry_point>
   <input_file_list>
      <input_file id="fl-2">
         <path>.\</path>
         <kind>object</kind>
         <file>PointerTrafficLight.obj</file>
         <name>PointerTrafficLight.obj</name>
      </input_file>
      <input_file id="fl-3">
         <path>.\</path>
         <kind>object</kind>
         <file>SysTick.obj</file>
         <name>SysTick.obj</name>
      </input_file>
      <input_file id="fl-4">
         <path>.\</path>
         <kind>object</kind>
         <file>msp432_startup_ccs.obj</file>
         <name>msp432_startup_ccs.obj</name>
      </input_file>
      <input_file id="fl-12a">
         <path>C:\ti\ccsv6\tools\compiler\ti-cgt-arm_5.2.4\lib\</path>
         <kind>archive</kind>
         <file>rtsv7M4_T_le_v4SPD16_eabi.lib</file>
         <name>boot.obj</name>
      </input_file>
      <input_file id="fl-12b">
         <path>C:\ti\ccsv6\tools\compiler\ti-cgt-arm_5.2.4\lib\</path>
         <kind>archive</kind>
         <file>rtsv7M4_T_le_v4SPD16_eabi.lib</file>
         <name>exit.obj</name>
      </input_file>
      <input_file id="fl-12c">
         <path>C:\ti\ccsv6\tools\compiler\ti-cgt-arm_5.2.4\lib\</path>
         <kind>archive</kind>
         <file>rtsv7M4_T_le_v4SPD16_eabi.lib</file>
         <name>pre_init.obj</name>
      </input_file>
      <input_file id="fl-12d">
         <path>C:\ti\ccsv6\tools\compiler\ti-cgt-arm_5.2.4\lib\</path>
         <kind>archive</kind>
         <file>rtsv7M4_T_le_v4SPD16_eabi.lib</file>
         <name>stkdepth_vars.obj</name>
      </input_file>
      <input_file id="fl-12e">
         <path>C:\ti\ccsv6\tools\compiler\ti-cgt-arm_5.2.4\lib\</path>
         <kind>archive</kind>
         <file>rtsv7M4_T_le_v4SPD16_eabi.lib</file>
         <name>_lock.obj</name>
      </input_file>
      <input_file id="fl-12f">
         <path>C:\ti\ccsv6\tools\compiler\ti-cgt-arm_5.2.4\lib\</path>
         <kind>archive</kind>
         <file>rtsv7M4_T_le_v4SPD16_eabi.lib</file>
         <name>args_main.obj</name>
      </input_file>
      <input_file id="fl-130">
         <path>C:\ti\ccsv6\tools\compiler\ti-cgt-arm_5.2.4\lib\</path>
         <kind>archive</kind>
         <file>rtsv7M4_T_le_v4SPD16_eabi.lib</file>
         <name>autoinit.obj</name>
      </input_file>
      <input_file id="fl-131">
         <path>C:\ti\ccsv6\tools\compiler\ti-cgt-arm_5.2.4\lib\</path>
         <kind>archive</kind>
         <file>rtsv7M4_T_le_v4SPD16_eabi.lib</file>
         <name>cpy_tbl.obj</name>
      </input_file>
      <input_file id="fl-132">
         <path>C:\ti\ccsv6\tools\compiler\ti-cgt-arm_5.2.4\lib\</path>
         <kind>archive</kind>
         <file>rtsv7M4_T_le_v4SPD16_eabi.lib</file>
         <name>memcpy_t2.obj</name>
      </input_file>
   </input_file_list>
   <object_component_list>
      <object_component id="oc-10">
         <name>.intvecs</name>
         <load_address>0x0</load_address>
         <run_address>0x0</run_address>
         <size>0x144</size>
         <input_file_ref idref="fl-4"/>
      </object_component>
      <object_component id="oc-4f">
         <name>.text</name>
         <load_address>0x144</load_address>
         <run_address>0x144</run_address>
         <size>0x112</size>
         <input_file_ref idref="fl-2"/>
      </object_component>
      <object_component id="oc-61">
         <name>.text</name>
         <load_address>0x256</load_address>
         <run_address>0x256</run_address>
         <size>0x9c</size>
         <input_file_ref idref="fl-132"/>
      </object_component>
      <object_component id="oc-14">
         <name>.text</name>
         <load_address>0x2f4</load_address>
         <run_address>0x2f4</run_address>
         <size>0x9a</size>
         <input_file_ref idref="fl-4"/>
      </object_component>
      <object_component id="oc-74">
         <name>.text</name>
         <load_address>0x390</load_address>
         <run_address>0x390</run_address>
         <size>0x78</size>
         <input_file_ref idref="fl-3"/>
      </object_component>
      <object_component id="oc-30">
         <name>.text</name>
         <load_address>0x408</load_address>
         <run_address>0x408</run_address>
         <size>0x6c</size>
         <input_file_ref idref="fl-130"/>
      </object_component>
      <object_component id="oc-1d">
         <name>.text</name>
         <load_address>0x474</load_address>
         <run_address>0x474</run_address>
         <size>0x50</size>
         <input_file_ref idref="fl-12a"/>
      </object_component>
      <object_component id="oc-47">
         <name>.text</name>
         <load_address>0x4c4</load_address>
         <run_address>0x4c4</run_address>
         <size>0x4c</size>
         <input_file_ref idref="fl-131"/>
      </object_component>
      <object_component id="oc-3c">
         <name>.text</name>
         <load_address>0x510</load_address>
         <run_address>0x510</run_address>
         <size>0x44</size>
         <input_file_ref idref="fl-12b"/>
      </object_component>
      <object_component id="oc-36">
         <name>.text</name>
         <load_address>0x554</load_address>
         <run_address>0x554</run_address>
         <size>0x18</size>
         <input_file_ref idref="fl-12f"/>
      </object_component>
      <object_component id="oc-81">
         <name>.text</name>
         <load_address>0x56c</load_address>
         <run_address>0x56c</run_address>
         <size>0x14</size>
         <input_file_ref idref="fl-12e"/>
      </object_component>
      <object_component id="oc-2a">
         <name>.text</name>
         <load_address>0x580</load_address>
         <run_address>0x580</run_address>
         <size>0x4</size>
         <input_file_ref idref="fl-12c"/>
      </object_component>
      <object_component id="oc-13">
         <name>.stack</name>
         <uninitialized>true</uninitialized>
         <run_address>0x20010000</run_address>
         <size>0x0</size>
         <input_file_ref idref="fl-12a"/>
      </object_component>
      <object_component id="oc-c2">
         <name>.stack</name>
         <uninitialized>true</uninitialized>
         <run_address>0x20010000</run_address>
         <size>0x0</size>
      </object_component>
      <object_component id="oc-56">
         <name>.data</name>
         <load_address>0x20000000</load_address>
         <run_address>0x20000000</run_address>
         <size>0x8</size>
         <input_file_ref idref="fl-12e"/>
      </object_component>
      <object_component id="oc-59">
         <name>.data</name>
         <load_address>0x20000008</load_address>
         <run_address>0x20000008</run_address>
         <size>0x8</size>
         <input_file_ref idref="fl-12b"/>
      </object_component>
      <object_component id="oc-42">
         <name>.data</name>
         <load_address>0x20000010</load_address>
         <run_address>0x20000010</run_address>
         <size>0x4</size>
         <input_file_ref idref="fl-12d"/>
      </object_component>
      <object_component id="oc-50">
         <name>.debug_info</name>
         <load_address>0x0</load_address>
         <run_address>0x0</run_address>
         <size>0x119</size>
         <input_file_ref idref="fl-2"/>
      </object_component>
      <object_component id="oc-75">
         <name>.debug_info</name>
         <load_address>0x119</load_address>
         <run_address>0x119</run_address>
         <size>0x17f</size>
         <input_file_ref idref="fl-3"/>
      </object_component>
      <object_component id="oc-1c">
         <name>.debug_info</name>
         <load_address>0x298</load_address>
         <run_address>0x298</run_address>
         <size>0x112</size>
         <input_file_ref idref="fl-4"/>
      </object_component>
      <object_component id="oc-11">
         <name>.debug_info</name>
         <load_address>0x3aa</load_address>
         <run_address>0x3aa</run_address>
         <size>0xff</size>
         <input_file_ref idref="fl-4"/>
      </object_component>
      <object_component id="oc-15">
         <name>.debug_info</name>
         <load_address>0x4a9</load_address>
         <run_address>0x4a9</run_address>
         <size>0x16ab</size>
         <input_file_ref idref="fl-4"/>
      </object_component>
      <object_component id="oc-25">
         <name>.debug_info</name>
         <load_address>0x1b54</load_address>
         <run_address>0x1b54</run_address>
         <size>0x84</size>
         <input_file_ref idref="fl-4"/>
      </object_component>
      <object_component id="oc-1e">
         <name>.debug_info</name>
         <load_address>0x1bd8</load_address>
         <run_address>0x1bd8</run_address>
         <size>0x136</size>
         <input_file_ref idref="fl-12a"/>
      </object_component>
      <object_component id="oc-5d">
         <name>.debug_info</name>
         <load_address>0x1d0e</load_address>
         <run_address>0x1d0e</run_address>
         <size>0x174</size>
         <input_file_ref idref="fl-12b"/>
      </object_component>
      <object_component id="oc-5a">
         <name>.debug_info</name>
         <load_address>0x1e82</load_address>
         <run_address>0x1e82</run_address>
         <size>0x119</size>
         <input_file_ref idref="fl-12b"/>
      </object_component>
      <object_component id="oc-3d">
         <name>.debug_info</name>
         <load_address>0x1f9b</load_address>
         <run_address>0x1f9b</run_address>
         <size>0x1f0</size>
         <input_file_ref idref="fl-12b"/>
      </object_component>
      <object_component id="oc-2b">
         <name>.debug_info</name>
         <load_address>0x218b</load_address>
         <run_address>0x218b</run_address>
         <size>0x12b</size>
         <input_file_ref idref="fl-12c"/>
      </object_component>
      <object_component id="oc-43">
         <name>.debug_info</name>
         <load_address>0x22b6</load_address>
         <run_address>0x22b6</run_address>
         <size>0xec</size>
         <input_file_ref idref="fl-12d"/>
      </object_component>
      <object_component id="oc-89">
         <name>.debug_info</name>
         <load_address>0x23a2</load_address>
         <run_address>0x23a2</run_address>
         <size>0x107</size>
         <input_file_ref idref="fl-12e"/>
      </object_component>
      <object_component id="oc-57">
         <name>.debug_info</name>
         <load_address>0x24a9</load_address>
         <run_address>0x24a9</run_address>
         <size>0xf6</size>
         <input_file_ref idref="fl-12e"/>
      </object_component>
      <object_component id="oc-82">
         <name>.debug_info</name>
         <load_address>0x259f</load_address>
         <run_address>0x259f</run_address>
         <size>0x202</size>
         <input_file_ref idref="fl-12e"/>
      </object_component>
      <object_component id="oc-55">
         <name>.debug_info</name>
         <load_address>0x27a1</load_address>
         <run_address>0x27a1</run_address>
         <size>0x149</size>
         <input_file_ref idref="fl-12f"/>
      </object_component>
      <object_component id="oc-37">
         <name>.debug_info</name>
         <load_address>0x28ea</load_address>
         <run_address>0x28ea</run_address>
         <size>0x14a</size>
         <input_file_ref idref="fl-12f"/>
      </object_component>
      <object_component id="oc-7c">
         <name>.debug_info</name>
         <load_address>0x2a34</load_address>
         <run_address>0x2a34</run_address>
         <size>0x5e</size>
         <input_file_ref idref="fl-12f"/>
      </object_component>
      <object_component id="oc-4e">
         <name>.debug_info</name>
         <load_address>0x2a92</load_address>
         <run_address>0x2a92</run_address>
         <size>0x2a0</size>
         <input_file_ref idref="fl-130"/>
      </object_component>
      <object_component id="oc-31">
         <name>.debug_info</name>
         <load_address>0x2d32</load_address>
         <run_address>0x2d32</run_address>
         <size>0x15a</size>
         <input_file_ref idref="fl-130"/>
      </object_component>
      <object_component id="oc-6a">
         <name>.debug_info</name>
         <load_address>0x2e8c</load_address>
         <run_address>0x2e8c</run_address>
         <size>0x39</size>
         <input_file_ref idref="fl-130"/>
      </object_component>
      <object_component id="oc-6f">
         <name>.debug_info</name>
         <load_address>0x2ec5</load_address>
         <run_address>0x2ec5</run_address>
         <size>0xcd</size>
         <input_file_ref idref="fl-130"/>
      </object_component>
      <object_component id="oc-67">
         <name>.debug_info</name>
         <load_address>0x2f92</load_address>
         <run_address>0x2f92</run_address>
         <size>0x1c3</size>
         <input_file_ref idref="fl-131"/>
      </object_component>
      <object_component id="oc-48">
         <name>.debug_info</name>
         <load_address>0x3155</load_address>
         <run_address>0x3155</run_address>
         <size>0x166</size>
         <input_file_ref idref="fl-131"/>
      </object_component>
      <object_component id="oc-97">
         <name>.debug_info</name>
         <load_address>0x32bb</load_address>
         <run_address>0x32bb</run_address>
         <size>0x2c</size>
         <input_file_ref idref="fl-131"/>
      </object_component>
      <object_component id="oc-92">
         <name>.debug_info</name>
         <load_address>0x32e7</load_address>
         <run_address>0x32e7</run_address>
         <size>0x2c</size>
         <input_file_ref idref="fl-131"/>
      </object_component>
      <object_component id="oc-62">
         <name>.debug_info</name>
         <load_address>0x3313</load_address>
         <run_address>0x3313</run_address>
         <size>0xf8</size>
         <input_file_ref idref="fl-132"/>
      </object_component>
      <object_component id="oc-c3">
         <name>.debug_info</name>
         <load_address>0x340b</load_address>
         <run_address>0x340b</run_address>
         <size>0xb7</size>
      </object_component>
      <object_component id="oc-53">
         <name>.debug_line</name>
         <load_address>0x0</load_address>
         <run_address>0x0</run_address>
         <size>0x71</size>
         <input_file_ref idref="fl-2"/>
      </object_component>
      <object_component id="oc-78">
         <name>.debug_line</name>
         <load_address>0x71</load_address>
         <run_address>0x71</run_address>
         <size>0x7a</size>
         <input_file_ref idref="fl-3"/>
      </object_component>
      <object_component id="oc-24">
         <name>.debug_line</name>
         <load_address>0xeb</load_address>
         <run_address>0xeb</run_address>
         <size>0x3b</size>
         <input_file_ref idref="fl-4"/>
      </object_component>
      <object_component id="oc-1b">
         <name>.debug_line</name>
         <load_address>0x126</load_address>
         <run_address>0x126</run_address>
         <size>0x3b</size>
         <input_file_ref idref="fl-4"/>
      </object_component>
      <object_component id="oc-18">
         <name>.debug_line</name>
         <load_address>0x161</load_address>
         <run_address>0x161</run_address>
         <size>0x55a</size>
         <input_file_ref idref="fl-4"/>
      </object_component>
      <object_component id="oc-28">
         <name>.debug_line</name>
         <load_address>0x6bb</load_address>
         <run_address>0x6bb</run_address>
         <size>0x20</size>
         <input_file_ref idref="fl-4"/>
      </object_component>
      <object_component id="oc-21">
         <name>.debug_line</name>
         <load_address>0x6db</load_address>
         <run_address>0x6db</run_address>
         <size>0x52</size>
         <input_file_ref idref="fl-12a"/>
      </object_component>
      <object_component id="oc-8e">
         <name>.debug_line</name>
         <load_address>0x72d</load_address>
         <run_address>0x72d</run_address>
         <size>0x71</size>
         <input_file_ref idref="fl-12b"/>
      </object_component>
      <object_component id="oc-8c">
         <name>.debug_line</name>
         <load_address>0x79e</load_address>
         <run_address>0x79e</run_address>
         <size>0x2a</size>
         <input_file_ref idref="fl-12b"/>
      </object_component>
      <object_component id="oc-40">
         <name>.debug_line</name>
         <load_address>0x7c8</load_address>
         <run_address>0x7c8</run_address>
         <size>0x7a</size>
         <input_file_ref idref="fl-12b"/>
      </object_component>
      <object_component id="oc-2e">
         <name>.debug_line</name>
         <load_address>0x842</load_address>
         <run_address>0x842</run_address>
         <size>0x40</size>
         <input_file_ref idref="fl-12c"/>
      </object_component>
      <object_component id="oc-60">
         <name>.debug_line</name>
         <load_address>0x882</load_address>
         <run_address>0x882</run_address>
         <size>0x33</size>
         <input_file_ref idref="fl-12d"/>
      </object_component>
      <object_component id="oc-9f">
         <name>.debug_line</name>
         <load_address>0x8b5</load_address>
         <run_address>0x8b5</run_address>
         <size>0x20</size>
         <input_file_ref idref="fl-12e"/>
      </object_component>
      <object_component id="oc-88">
         <name>.debug_line</name>
         <load_address>0x8d5</load_address>
         <run_address>0x8d5</run_address>
         <size>0x2b</size>
         <input_file_ref idref="fl-12e"/>
      </object_component>
      <object_component id="oc-85">
         <name>.debug_line</name>
         <load_address>0x900</load_address>
         <run_address>0x900</run_address>
         <size>0x68</size>
         <input_file_ref idref="fl-12e"/>
      </object_component>
      <object_component id="oc-7b">
         <name>.debug_line</name>
         <load_address>0x968</load_address>
         <run_address>0x968</run_address>
         <size>0x2b</size>
         <input_file_ref idref="fl-12f"/>
      </object_component>
      <object_component id="oc-3a">
         <name>.debug_line</name>
         <load_address>0x993</load_address>
         <run_address>0x993</run_address>
         <size>0x50</size>
         <input_file_ref idref="fl-12f"/>
      </object_component>
      <object_component id="oc-7f">
         <name>.debug_line</name>
         <load_address>0x9e3</load_address>
         <run_address>0x9e3</run_address>
         <size>0x2b</size>
         <input_file_ref idref="fl-12f"/>
      </object_component>
      <object_component id="oc-69">
         <name>.debug_line</name>
         <load_address>0xa0e</load_address>
         <run_address>0xa0e</run_address>
         <size>0x81</size>
         <input_file_ref idref="fl-130"/>
      </object_component>
      <object_component id="oc-34">
         <name>.debug_line</name>
         <load_address>0xa8f</load_address>
         <run_address>0xa8f</run_address>
         <size>0x79</size>
         <input_file_ref idref="fl-130"/>
      </object_component>
      <object_component id="oc-6d">
         <name>.debug_line</name>
         <load_address>0xb08</load_address>
         <run_address>0xb08</run_address>
         <size>0x2e</size>
         <input_file_ref idref="fl-130"/>
      </object_component>
      <object_component id="oc-72">
         <name>.debug_line</name>
         <load_address>0xb36</load_address>
         <run_address>0xb36</run_address>
         <size>0x73</size>
         <input_file_ref idref="fl-130"/>
      </object_component>
      <object_component id="oc-91">
         <name>.debug_line</name>
         <load_address>0xba9</load_address>
         <run_address>0xba9</run_address>
         <size>0x80</size>
         <input_file_ref idref="fl-131"/>
      </object_component>
      <object_component id="oc-4b">
         <name>.debug_line</name>
         <load_address>0xc29</load_address>
         <run_address>0xc29</run_address>
         <size>0x68</size>
         <input_file_ref idref="fl-131"/>
      </object_component>
      <object_component id="oc-9a">
         <name>.debug_line</name>
         <load_address>0xc91</load_address>
         <run_address>0xc91</run_address>
         <size>0x2e</size>
         <input_file_ref idref="fl-131"/>
      </object_component>
      <object_component id="oc-95">
         <name>.debug_line</name>
         <load_address>0xcbf</load_address>
         <run_address>0xcbf</run_address>
         <size>0x72</size>
         <input_file_ref idref="fl-131"/>
      </object_component>
      <object_component id="oc-65">
         <name>.debug_line</name>
         <load_address>0xd31</load_address>
         <run_address>0xd31</run_address>
         <size>0x88</size>
         <input_file_ref idref="fl-132"/>
      </object_component>
      <object_component id="oc-79">
         <name>.debug_abbrev</name>
         <load_address>0x0</load_address>
         <run_address>0x0</run_address>
         <size>0x3b</size>
         <input_file_ref idref="fl-2"/>
      </object_component>
      <object_component id="oc-9c">
         <name>.debug_abbrev</name>
         <load_address>0x3b</load_address>
         <run_address>0x3b</run_address>
         <size>0x49</size>
         <input_file_ref idref="fl-3"/>
      </object_component>
      <object_component id="oc-23">
         <name>.debug_abbrev</name>
         <load_address>0x84</load_address>
         <run_address>0x84</run_address>
         <size>0x5d</size>
         <input_file_ref idref="fl-4"/>
      </object_component>
      <object_component id="oc-1a">
         <name>.debug_abbrev</name>
         <load_address>0xe1</load_address>
         <run_address>0xe1</run_address>
         <size>0x29</size>
         <input_file_ref idref="fl-4"/>
      </object_component>
      <object_component id="oc-22">
         <name>.debug_abbrev</name>
         <load_address>0x10a</load_address>
         <run_address>0x10a</run_address>
         <size>0xf8</size>
         <input_file_ref idref="fl-4"/>
      </object_component>
      <object_component id="oc-27">
         <name>.debug_abbrev</name>
         <load_address>0x202</load_address>
         <run_address>0x202</run_address>
         <size>0x1f</size>
         <input_file_ref idref="fl-4"/>
      </object_component>
      <object_component id="oc-45">
         <name>.debug_abbrev</name>
         <load_address>0x221</load_address>
         <run_address>0x221</run_address>
         <size>0x3e</size>
         <input_file_ref idref="fl-12a"/>
      </object_component>
      <object_component id="oc-8d">
         <name>.debug_abbrev</name>
         <load_address>0x25f</load_address>
         <run_address>0x25f</run_address>
         <size>0x6b</size>
         <input_file_ref idref="fl-12b"/>
      </object_component>
      <object_component id="oc-8b">
         <name>.debug_abbrev</name>
         <load_address>0x2ca</load_address>
         <run_address>0x2ca</run_address>
         <size>0x29</size>
         <input_file_ref idref="fl-12b"/>
      </object_component>
      <object_component id="oc-5c">
         <name>.debug_abbrev</name>
         <load_address>0x2f3</load_address>
         <run_address>0x2f3</run_address>
         <size>0xba</size>
         <input_file_ref idref="fl-12b"/>
      </object_component>
      <object_component id="oc-46">
         <name>.debug_abbrev</name>
         <load_address>0x3ad</load_address>
         <run_address>0x3ad</run_address>
         <size>0x55</size>
         <input_file_ref idref="fl-12c"/>
      </object_component>
      <object_component id="oc-5f">
         <name>.debug_abbrev</name>
         <load_address>0x402</load_address>
         <run_address>0x402</run_address>
         <size>0x27</size>
         <input_file_ref idref="fl-12d"/>
      </object_component>
      <object_component id="oc-9e">
         <name>.debug_abbrev</name>
         <load_address>0x429</load_address>
         <run_address>0x429</run_address>
         <size>0x45</size>
         <input_file_ref idref="fl-12e"/>
      </object_component>
      <object_component id="oc-87">
         <name>.debug_abbrev</name>
         <load_address>0x46e</load_address>
         <run_address>0x46e</run_address>
         <size>0x29</size>
         <input_file_ref idref="fl-12e"/>
      </object_component>
      <object_component id="oc-9d">
         <name>.debug_abbrev</name>
         <load_address>0x497</load_address>
         <run_address>0x497</run_address>
         <size>0x6f</size>
         <input_file_ref idref="fl-12e"/>
      </object_component>
      <object_component id="oc-7a">
         <name>.debug_abbrev</name>
         <load_address>0x506</load_address>
         <run_address>0x506</run_address>
         <size>0x8e</size>
         <input_file_ref idref="fl-12f"/>
      </object_component>
      <object_component id="oc-54">
         <name>.debug_abbrev</name>
         <load_address>0x594</load_address>
         <run_address>0x594</run_address>
         <size>0x68</size>
         <input_file_ref idref="fl-12f"/>
      </object_component>
      <object_component id="oc-7e">
         <name>.debug_abbrev</name>
         <load_address>0x5fc</load_address>
         <run_address>0x5fc</run_address>
         <size>0x49</size>
         <input_file_ref idref="fl-12f"/>
      </object_component>
      <object_component id="oc-68">
         <name>.debug_abbrev</name>
         <load_address>0x645</load_address>
         <run_address>0x645</run_address>
         <size>0x9a</size>
         <input_file_ref idref="fl-130"/>
      </object_component>
      <object_component id="oc-4d">
         <name>.debug_abbrev</name>
         <load_address>0x6df</load_address>
         <run_address>0x6df</run_address>
         <size>0x7e</size>
         <input_file_ref idref="fl-130"/>
      </object_component>
      <object_component id="oc-6c">
         <name>.debug_abbrev</name>
         <load_address>0x75d</load_address>
         <run_address>0x75d</run_address>
         <size>0x24</size>
         <input_file_ref idref="fl-130"/>
      </object_component>
      <object_component id="oc-71">
         <name>.debug_abbrev</name>
         <load_address>0x781</load_address>
         <run_address>0x781</run_address>
         <size>0x4b</size>
         <input_file_ref idref="fl-130"/>
      </object_component>
      <object_component id="oc-90">
         <name>.debug_abbrev</name>
         <load_address>0x7cc</load_address>
         <run_address>0x7cc</run_address>
         <size>0x9c</size>
         <input_file_ref idref="fl-131"/>
      </object_component>
      <object_component id="oc-66">
         <name>.debug_abbrev</name>
         <load_address>0x868</load_address>
         <run_address>0x868</run_address>
         <size>0x8c</size>
         <input_file_ref idref="fl-131"/>
      </object_component>
      <object_component id="oc-99">
         <name>.debug_abbrev</name>
         <load_address>0x8f4</load_address>
         <run_address>0x8f4</run_address>
         <size>0x24</size>
         <input_file_ref idref="fl-131"/>
      </object_component>
      <object_component id="oc-94">
         <name>.debug_abbrev</name>
         <load_address>0x918</load_address>
         <run_address>0x918</run_address>
         <size>0x24</size>
         <input_file_ref idref="fl-131"/>
      </object_component>
      <object_component id="oc-8f">
         <name>.debug_abbrev</name>
         <load_address>0x93c</load_address>
         <run_address>0x93c</run_address>
         <size>0x3e</size>
         <input_file_ref idref="fl-132"/>
      </object_component>
      <object_component id="oc-c4">
         <name>.debug_abbrev</name>
         <load_address>0x97a</load_address>
         <run_address>0x97a</run_address>
         <size>0xf</size>
      </object_component>
      <object_component id="oc-51">
         <name>.debug_aranges</name>
         <load_address>0x0</load_address>
         <run_address>0x0</run_address>
         <size>0x20</size>
         <input_file_ref idref="fl-2"/>
      </object_component>
      <object_component id="oc-76">
         <name>.debug_aranges</name>
         <load_address>0x20</load_address>
         <run_address>0x20</run_address>
         <size>0x30</size>
         <input_file_ref idref="fl-3"/>
      </object_component>
      <object_component id="oc-16">
         <name>.debug_aranges</name>
         <load_address>0x50</load_address>
         <run_address>0x50</run_address>
         <size>0x1c8</size>
         <input_file_ref idref="fl-4"/>
      </object_component>
      <object_component id="oc-1f">
         <name>.debug_aranges</name>
         <load_address>0x218</load_address>
         <run_address>0x218</run_address>
         <size>0x20</size>
         <input_file_ref idref="fl-12a"/>
      </object_component>
      <object_component id="oc-3e">
         <name>.debug_aranges</name>
         <load_address>0x238</load_address>
         <run_address>0x238</run_address>
         <size>0x30</size>
         <input_file_ref idref="fl-12b"/>
      </object_component>
      <object_component id="oc-2c">
         <name>.debug_aranges</name>
         <load_address>0x268</load_address>
         <run_address>0x268</run_address>
         <size>0x20</size>
         <input_file_ref idref="fl-12c"/>
      </object_component>
      <object_component id="oc-83">
         <name>.debug_aranges</name>
         <load_address>0x288</load_address>
         <run_address>0x288</run_address>
         <size>0x30</size>
         <input_file_ref idref="fl-12e"/>
      </object_component>
      <object_component id="oc-38">
         <name>.debug_aranges</name>
         <load_address>0x2b8</load_address>
         <run_address>0x2b8</run_address>
         <size>0x20</size>
         <input_file_ref idref="fl-12f"/>
      </object_component>
      <object_component id="oc-32">
         <name>.debug_aranges</name>
         <load_address>0x2d8</load_address>
         <run_address>0x2d8</run_address>
         <size>0x20</size>
         <input_file_ref idref="fl-130"/>
      </object_component>
      <object_component id="oc-49">
         <name>.debug_aranges</name>
         <load_address>0x2f8</load_address>
         <run_address>0x2f8</run_address>
         <size>0x20</size>
         <input_file_ref idref="fl-131"/>
      </object_component>
      <object_component id="oc-63">
         <name>.debug_aranges</name>
         <load_address>0x318</load_address>
         <run_address>0x318</run_address>
         <size>0x20</size>
         <input_file_ref idref="fl-132"/>
      </object_component>
      <object_component id="oc-52">
         <name>.debug_pubnames</name>
         <load_address>0x0</load_address>
         <run_address>0x0</run_address>
         <size>0x1b</size>
         <input_file_ref idref="fl-2"/>
      </object_component>
      <object_component id="oc-77">
         <name>.debug_pubnames</name>
         <load_address>0x1b</load_address>
         <run_address>0x1b</run_address>
         <size>0x49</size>
         <input_file_ref idref="fl-3"/>
      </object_component>
      <object_component id="oc-12">
         <name>.debug_pubnames</name>
         <load_address>0x64</load_address>
         <run_address>0x64</run_address>
         <size>0x27</size>
         <input_file_ref idref="fl-4"/>
      </object_component>
      <object_component id="oc-17">
         <name>.debug_pubnames</name>
         <load_address>0x8b</load_address>
         <run_address>0x8b</run_address>
         <size>0x474</size>
         <input_file_ref idref="fl-4"/>
      </object_component>
      <object_component id="oc-20">
         <name>.debug_pubnames</name>
         <load_address>0x4ff</load_address>
         <run_address>0x4ff</run_address>
         <size>0x1f</size>
         <input_file_ref idref="fl-12a"/>
      </object_component>
      <object_component id="oc-5b">
         <name>.debug_pubnames</name>
         <load_address>0x51e</load_address>
         <run_address>0x51e</run_address>
         <size>0x3a</size>
         <input_file_ref idref="fl-12b"/>
      </object_component>
      <object_component id="oc-3f">
         <name>.debug_pubnames</name>
         <load_address>0x558</load_address>
         <run_address>0x558</run_address>
         <size>0x35</size>
         <input_file_ref idref="fl-12b"/>
      </object_component>
      <object_component id="oc-2d">
         <name>.debug_pubnames</name>
         <load_address>0x58d</load_address>
         <run_address>0x58d</run_address>
         <size>0x27</size>
         <input_file_ref idref="fl-12c"/>
      </object_component>
      <object_component id="oc-44">
         <name>.debug_pubnames</name>
         <load_address>0x5b4</load_address>
         <run_address>0x5b4</run_address>
         <size>0x23</size>
         <input_file_ref idref="fl-12d"/>
      </object_component>
      <object_component id="oc-58">
         <name>.debug_pubnames</name>
         <load_address>0x5d7</load_address>
         <run_address>0x5d7</run_address>
         <size>0x28</size>
         <input_file_ref idref="fl-12e"/>
      </object_component>
      <object_component id="oc-84">
         <name>.debug_pubnames</name>
         <load_address>0x5ff</load_address>
         <run_address>0x5ff</run_address>
         <size>0x43</size>
         <input_file_ref idref="fl-12e"/>
      </object_component>
      <object_component id="oc-39">
         <name>.debug_pubnames</name>
         <load_address>0x642</load_address>
         <run_address>0x642</run_address>
         <size>0x21</size>
         <input_file_ref idref="fl-12f"/>
      </object_component>
      <object_component id="oc-33">
         <name>.debug_pubnames</name>
         <load_address>0x663</load_address>
         <run_address>0x663</run_address>
         <size>0x25</size>
         <input_file_ref idref="fl-130"/>
      </object_component>
      <object_component id="oc-4a">
         <name>.debug_pubnames</name>
         <load_address>0x688</load_address>
         <run_address>0x688</run_address>
         <size>0x1e</size>
         <input_file_ref idref="fl-131"/>
      </object_component>
      <object_component id="oc-64">
         <name>.debug_pubnames</name>
         <load_address>0x6a6</load_address>
         <run_address>0x6a6</run_address>
         <size>0x1d</size>
         <input_file_ref idref="fl-132"/>
      </object_component>
      <object_component id="oc-19">
         <name>.debug_frame</name>
         <load_address>0x0</load_address>
         <run_address>0x0</run_address>
         <size>0x404</size>
         <input_file_ref idref="fl-4"/>
      </object_component>
      <object_component id="oc-41">
         <name>.debug_frame</name>
         <load_address>0x404</load_address>
         <run_address>0x404</run_address>
         <size>0xb3</size>
         <input_file_ref idref="fl-12b"/>
      </object_component>
      <object_component id="oc-2f">
         <name>.debug_frame</name>
         <load_address>0x4b7</load_address>
         <run_address>0x4b7</run_address>
         <size>0x7f</size>
         <input_file_ref idref="fl-12c"/>
      </object_component>
      <object_component id="oc-86">
         <name>.debug_frame</name>
         <load_address>0x536</load_address>
         <run_address>0x536</run_address>
         <size>0xa1</size>
         <input_file_ref idref="fl-12e"/>
      </object_component>
      <object_component id="oc-3b">
         <name>.debug_frame</name>
         <load_address>0x5d7</load_address>
         <run_address>0x5d7</run_address>
         <size>0x7f</size>
         <input_file_ref idref="fl-12f"/>
      </object_component>
      <object_component id="oc-35">
         <name>.debug_frame</name>
         <load_address>0x656</load_address>
         <run_address>0x656</run_address>
         <size>0x8a</size>
         <input_file_ref idref="fl-130"/>
      </object_component>
      <object_component id="oc-4c">
         <name>.debug_frame</name>
         <load_address>0x6e0</load_address>
         <run_address>0x6e0</run_address>
         <size>0x8e</size>
         <input_file_ref idref="fl-131"/>
      </object_component>
      <object_component id="oc-29">
         <name>.debug_str</name>
         <load_address>0x0</load_address>
         <run_address>0x0</run_address>
         <size>0xf5</size>
         <input_file_ref idref="fl-4"/>
      </object_component>
      <object_component id="oc-80">
         <name>.debug_str</name>
         <load_address>0xf5</load_address>
         <run_address>0xf5</run_address>
         <size>0xb9</size>
         <input_file_ref idref="fl-12f"/>
      </object_component>
      <object_component id="oc-6e">
         <name>.debug_str</name>
         <load_address>0x1ae</load_address>
         <run_address>0x1ae</run_address>
         <size>0xc5</size>
         <input_file_ref idref="fl-130"/>
      </object_component>
      <object_component id="oc-73">
         <name>.debug_str</name>
         <load_address>0x273</load_address>
         <run_address>0x273</run_address>
         <size>0x14f</size>
         <input_file_ref idref="fl-130"/>
      </object_component>
      <object_component id="oc-9b">
         <name>.debug_str</name>
         <load_address>0x3c2</load_address>
         <run_address>0x3c2</run_address>
         <size>0xba</size>
         <input_file_ref idref="fl-131"/>
      </object_component>
      <object_component id="oc-96">
         <name>.debug_str</name>
         <load_address>0x47c</load_address>
         <run_address>0x47c</run_address>
         <size>0xf8</size>
         <input_file_ref idref="fl-131"/>
      </object_component>
      <object_component id="oc-26">
         <name>.debug_pubtypes</name>
         <load_address>0x0</load_address>
         <run_address>0x0</run_address>
         <size>0xed</size>
         <input_file_ref idref="fl-4"/>
      </object_component>
      <object_component id="oc-5e">
         <name>.debug_pubtypes</name>
         <load_address>0xed</load_address>
         <run_address>0xed</run_address>
         <size>0x1f</size>
         <input_file_ref idref="fl-12b"/>
      </object_component>
      <object_component id="oc-8a">
         <name>.debug_pubtypes</name>
         <load_address>0x10c</load_address>
         <run_address>0x10c</run_address>
         <size>0x1f</size>
         <input_file_ref idref="fl-12e"/>
      </object_component>
      <object_component id="oc-7d">
         <name>.debug_pubtypes</name>
         <load_address>0x12b</load_address>
         <run_address>0x12b</run_address>
         <size>0x1b</size>
         <input_file_ref idref="fl-12f"/>
      </object_component>
      <object_component id="oc-6b">
         <name>.debug_pubtypes</name>
         <load_address>0x146</load_address>
         <run_address>0x146</run_address>
         <size>0x32</size>
         <input_file_ref idref="fl-130"/>
      </object_component>
      <object_component id="oc-70">
         <name>.debug_pubtypes</name>
         <load_address>0x178</load_address>
         <run_address>0x178</run_address>
         <size>0x50</size>
         <input_file_ref idref="fl-130"/>
      </object_component>
      <object_component id="oc-98">
         <name>.debug_pubtypes</name>
         <load_address>0x1c8</load_address>
         <run_address>0x1c8</run_address>
         <size>0x23</size>
         <input_file_ref idref="fl-131"/>
      </object_component>
      <object_component id="oc-93">
         <name>.debug_pubtypes</name>
         <load_address>0x1eb</load_address>
         <run_address>0x1eb</run_address>
         <size>0x1d</size>
         <input_file_ref idref="fl-131"/>
      </object_component>
   </object_component_list>
   <logical_group_list>
      <logical_group id="lg-4" display="no" color="cyan">
         <name>.intvecs</name>
         <load_address>0x0</load_address>
         <run_address>0x0</run_address>
         <size>0x144</size>
         <contents>
            <object_component_ref idref="oc-10"/>
         </contents>
      </logical_group>
      <logical_group id="lg-5" display="no" color="cyan">
         <name>.text</name>
         <load_address>0x144</load_address>
         <run_address>0x144</run_address>
         <size>0x440</size>
         <contents>
            <object_component_ref idref="oc-4f"/>
            <object_component_ref idref="oc-61"/>
            <object_component_ref idref="oc-14"/>
            <object_component_ref idref="oc-74"/>
            <object_component_ref idref="oc-30"/>
            <object_component_ref idref="oc-1d"/>
            <object_component_ref idref="oc-47"/>
            <object_component_ref idref="oc-3c"/>
            <object_component_ref idref="oc-36"/>
            <object_component_ref idref="oc-81"/>
            <object_component_ref idref="oc-2a"/>
         </contents>
      </logical_group>
      <logical_group id="lg-6" display="no" color="cyan">
         <name>.const</name>
         <run_address>0x0</run_address>
         <size>0x0</size>
         <contents>
         </contents>
      </logical_group>
      <logical_group id="lg-7" display="no" color="cyan">
         <name>.cinit</name>
         <run_address>0x0</run_address>
         <size>0x0</size>
         <contents>
         </contents>
      </logical_group>
      <logical_group id="lg-8" display="no" color="cyan">
         <name>.pinit</name>
         <run_address>0x0</run_address>
         <size>0x0</size>
         <contents>
         </contents>
      </logical_group>
      <logical_group id="lg-9" display="no" color="cyan">
         <name>.flashMailbox</name>
         <run_address>0x0</run_address>
         <size>0x0</size>
         <contents>
         </contents>
      </logical_group>
      <logical_group id="lg-a" display="no" color="cyan">
         <name>.vtable</name>
         <run_address>0x0</run_address>
         <size>0x0</size>
         <contents>
         </contents>
      </logical_group>
      <logical_group id="lg-d" display="no" color="cyan">
         <name>.sysmem</name>
         <run_address>0x0</run_address>
         <size>0x0</size>
         <contents>
         </contents>
      </logical_group>
      <logical_group id="lg-e" display="no" color="cyan">
         <name>.stack</name>
         <run_address>0x20010000</run_address>
         <size>0x0</size>
         <contents>
            <object_component_ref idref="oc-13"/>
            <object_component_ref idref="oc-c2"/>
         </contents>
      </logical_group>
      <logical_group id="lg-a1" display="no" color="cyan">
         <name>.TI.noinit</name>
         <run_address>0x0</run_address>
         <size>0x0</size>
         <contents>
         </contents>
      </logical_group>
      <logical_group id="lg-c" display="no" color="cyan">
         <name>.bss</name>
         <run_address>0x0</run_address>
         <size>0x0</size>
         <contents>
         </contents>
      </logical_group>
      <logical_group id="lg-a0" display="no" color="cyan">
         <name>BSS_GROUP</name>
         <run_address>0x0</run_address>
         <size>0x0</size>
         <contents>
            <logical_group_ref idref="lg-a1"/>
            <logical_group_ref idref="lg-c"/>
         </contents>
      </logical_group>
      <logical_group id="lg-a3" display="no" color="cyan">
         <name>.TI.persistent</name>
         <run_address>0x20000000</run_address>
         <size>0x0</size>
         <contents>
         </contents>
      </logical_group>
      <logical_group id="lg-b" display="no" color="cyan">
         <name>.data</name>
         <load_address>0x20000000</load_address>
         <run_address>0x20000000</run_address>
         <size>0x14</size>
         <contents>
            <object_component_ref idref="oc-56"/>
            <object_component_ref idref="oc-59"/>
            <object_component_ref idref="oc-42"/>
         </contents>
      </logical_group>
      <logical_group id="lg-a2" display="no" color="cyan">
         <name>DATA_GROUP</name>
         <load_address>0x20000000</load_address>
         <run_address>0x20000000</run_address>
         <size>0x14</size>
         <contents>
            <logical_group_ref idref="lg-a3"/>
            <logical_group_ref idref="lg-b"/>
         </contents>
      </logical_group>
      <logical_group id="lg-b1" display="never" color="cyan">
         <name>.debug_info</name>
         <load_address>0x0</load_address>
         <run_address>0x0</run_address>
         <size>0x34c2</size>
         <contents>
            <object_component_ref idref="oc-50"/>
            <object_component_ref idref="oc-75"/>
            <object_component_ref idref="oc-1c"/>
            <object_component_ref idref="oc-11"/>
            <object_component_ref idref="oc-15"/>
            <object_component_ref idref="oc-25"/>
            <object_component_ref idref="oc-1e"/>
            <object_component_ref idref="oc-5d"/>
            <object_component_ref idref="oc-5a"/>
            <object_component_ref idref="oc-3d"/>
            <object_component_ref idref="oc-2b"/>
            <object_component_ref idref="oc-43"/>
            <object_component_ref idref="oc-89"/>
            <object_component_ref idref="oc-57"/>
            <object_component_ref idref="oc-82"/>
            <object_component_ref idref="oc-55"/>
            <object_component_ref idref="oc-37"/>
            <object_component_ref idref="oc-7c"/>
            <object_component_ref idref="oc-4e"/>
            <object_component_ref idref="oc-31"/>
            <object_component_ref idref="oc-6a"/>
            <object_component_ref idref="oc-6f"/>
            <object_component_ref idref="oc-67"/>
            <object_component_ref idref="oc-48"/>
            <object_component_ref idref="oc-97"/>
            <object_component_ref idref="oc-92"/>
            <object_component_ref idref="oc-62"/>
            <object_component_ref idref="oc-c3"/>
         </contents>
      </logical_group>
      <logical_group id="lg-b3" display="never" color="cyan">
         <name>.debug_line</name>
         <load_address>0x0</load_address>
         <run_address>0x0</run_address>
         <size>0xdb9</size>
         <contents>
            <object_component_ref idref="oc-53"/>
            <object_component_ref idref="oc-78"/>
            <object_component_ref idref="oc-24"/>
            <object_component_ref idref="oc-1b"/>
            <object_component_ref idref="oc-18"/>
            <object_component_ref idref="oc-28"/>
            <object_component_ref idref="oc-21"/>
            <object_component_ref idref="oc-8e"/>
            <object_component_ref idref="oc-8c"/>
            <object_component_ref idref="oc-40"/>
            <object_component_ref idref="oc-2e"/>
            <object_component_ref idref="oc-60"/>
            <object_component_ref idref="oc-9f"/>
            <object_component_ref idref="oc-88"/>
            <object_component_ref idref="oc-85"/>
            <object_component_ref idref="oc-7b"/>
            <object_component_ref idref="oc-3a"/>
            <object_component_ref idref="oc-7f"/>
            <object_component_ref idref="oc-69"/>
            <object_component_ref idref="oc-34"/>
            <object_component_ref idref="oc-6d"/>
            <object_component_ref idref="oc-72"/>
            <object_component_ref idref="oc-91"/>
            <object_component_ref idref="oc-4b"/>
            <object_component_ref idref="oc-9a"/>
            <object_component_ref idref="oc-95"/>
            <object_component_ref idref="oc-65"/>
         </contents>
      </logical_group>
      <logical_group id="lg-b5" display="never" color="cyan">
         <name>.debug_abbrev</name>
         <load_address>0x0</load_address>
         <run_address>0x0</run_address>
         <size>0x989</size>
         <contents>
            <object_component_ref idref="oc-79"/>
            <object_component_ref idref="oc-9c"/>
            <object_component_ref idref="oc-23"/>
            <object_component_ref idref="oc-1a"/>
            <object_component_ref idref="oc-22"/>
            <object_component_ref idref="oc-27"/>
            <object_component_ref idref="oc-45"/>
            <object_component_ref idref="oc-8d"/>
            <object_component_ref idref="oc-8b"/>
            <object_component_ref idref="oc-5c"/>
            <object_component_ref idref="oc-46"/>
            <object_component_ref idref="oc-5f"/>
            <object_component_ref idref="oc-9e"/>
            <object_component_ref idref="oc-87"/>
            <object_component_ref idref="oc-9d"/>
            <object_component_ref idref="oc-7a"/>
            <object_component_ref idref="oc-54"/>
            <object_component_ref idref="oc-7e"/>
            <object_component_ref idref="oc-68"/>
            <object_component_ref idref="oc-4d"/>
            <object_component_ref idref="oc-6c"/>
            <object_component_ref idref="oc-71"/>
            <object_component_ref idref="oc-90"/>
            <object_component_ref idref="oc-66"/>
            <object_component_ref idref="oc-99"/>
            <object_component_ref idref="oc-94"/>
            <object_component_ref idref="oc-8f"/>
            <object_component_ref idref="oc-c4"/>
         </contents>
      </logical_group>
      <logical_group id="lg-b7" display="never" color="cyan">
         <name>.debug_aranges</name>
         <load_address>0x0</load_address>
         <run_address>0x0</run_address>
         <size>0x338</size>
         <contents>
            <object_component_ref idref="oc-51"/>
            <object_component_ref idref="oc-76"/>
            <object_component_ref idref="oc-16"/>
            <object_component_ref idref="oc-1f"/>
            <object_component_ref idref="oc-3e"/>
            <object_component_ref idref="oc-2c"/>
            <object_component_ref idref="oc-83"/>
            <object_component_ref idref="oc-38"/>
            <object_component_ref idref="oc-32"/>
            <object_component_ref idref="oc-49"/>
            <object_component_ref idref="oc-63"/>
         </contents>
      </logical_group>
      <logical_group id="lg-b9" display="never" color="cyan">
         <name>.debug_pubnames</name>
         <load_address>0x0</load_address>
         <run_address>0x0</run_address>
         <size>0x6c3</size>
         <contents>
            <object_component_ref idref="oc-52"/>
            <object_component_ref idref="oc-77"/>
            <object_component_ref idref="oc-12"/>
            <object_component_ref idref="oc-17"/>
            <object_component_ref idref="oc-20"/>
            <object_component_ref idref="oc-5b"/>
            <object_component_ref idref="oc-3f"/>
            <object_component_ref idref="oc-2d"/>
            <object_component_ref idref="oc-44"/>
            <object_component_ref idref="oc-58"/>
            <object_component_ref idref="oc-84"/>
            <object_component_ref idref="oc-39"/>
            <object_component_ref idref="oc-33"/>
            <object_component_ref idref="oc-4a"/>
            <object_component_ref idref="oc-64"/>
         </contents>
      </logical_group>
      <logical_group id="lg-bb" display="never" color="cyan">
         <name>.debug_frame</name>
         <load_address>0x0</load_address>
         <run_address>0x0</run_address>
         <size>0x76e</size>
         <contents>
            <object_component_ref idref="oc-19"/>
            <object_component_ref idref="oc-41"/>
            <object_component_ref idref="oc-2f"/>
            <object_component_ref idref="oc-86"/>
            <object_component_ref idref="oc-3b"/>
            <object_component_ref idref="oc-35"/>
            <object_component_ref idref="oc-4c"/>
         </contents>
      </logical_group>
      <logical_group id="lg-bd" display="never" color="cyan">
         <name>.debug_str</name>
         <load_address>0x0</load_address>
         <run_address>0x0</run_address>
         <size>0x574</size>
         <contents>
            <object_component_ref idref="oc-29"/>
            <object_component_ref idref="oc-80"/>
            <object_component_ref idref="oc-6e"/>
            <object_component_ref idref="oc-73"/>
            <object_component_ref idref="oc-9b"/>
            <object_component_ref idref="oc-96"/>
         </contents>
      </logical_group>
      <logical_group id="lg-bf" display="never" color="cyan">
         <name>.debug_pubtypes</name>
         <load_address>0x0</load_address>
         <run_address>0x0</run_address>
         <size>0x208</size>
         <contents>
            <object_component_ref idref="oc-26"/>
            <object_component_ref idref="oc-5e"/>
            <object_component_ref idref="oc-8a"/>
            <object_component_ref idref="oc-7d"/>
            <object_component_ref idref="oc-6b"/>
            <object_component_ref idref="oc-70"/>
            <object_component_ref idref="oc-98"/>
            <object_component_ref idref="oc-93"/>
         </contents>
      </logical_group>
      <load_segment id="lg-c7" display="no" color="cyan">
         <name>SEGMENT_0</name>
         <load_address>0x0</load_address>
         <run_address>0x0</run_address>
         <size>0x584</size>
         <flags>0x5</flags>
         <contents>
            <logical_group_ref idref="lg-4"/>
            <logical_group_ref idref="lg-5"/>
         </contents>
      </load_segment>
      <load_segment id="lg-c8" display="no" color="cyan">
         <name>SEGMENT_1</name>
         <load_address>0x20000000</load_address>
         <run_address>0x20000000</run_address>
         <size>0x14</size>
         <flags>0x6</flags>
         <contents>
            <logical_group_ref idref="lg-b"/>
         </contents>
      </load_segment>
   </logical_group_list>
   <placement_map>
      <memory_area display="yes" color="green">
         <name>MAIN</name>
         <page_id>0x0</page_id>
         <origin>0x0</origin>
         <length>0x40000</length>
         <used_space>0x584</used_space>
         <unused_space>0x3fa7c</unused_space>
         <attributes>RX</attributes>
         <usage_details>
            <allocated_space>
               <start_address>0x0</start_address>
               <size>0x144</size>
               <logical_group_ref idref="lg-4"/>
            </allocated_space>
            <allocated_space>
               <start_address>0x144</start_address>
               <size>0x440</size>
               <logical_group_ref idref="lg-5"/>
            </allocated_space>
            <available_space>
               <start_address>0x584</start_address>
               <size>0x3fa7c</size>
            </available_space>
         </usage_details>
      </memory_area>
      <memory_area display="yes" color="green">
         <name>INFO</name>
         <page_id>0x0</page_id>
         <origin>0x200000</origin>
         <length>0x4000</length>
         <used_space>0x0</used_space>
         <unused_space>0x4000</unused_space>
         <attributes>RX</attributes>
         <usage_details>
         </usage_details>
      </memory_area>
      <memory_area display="yes" color="green">
         <name>SRAM_CODE</name>
         <page_id>0x0</page_id>
         <origin>0x1000000</origin>
         <length>0x10000</length>
         <used_space>0x0</used_space>
         <unused_space>0x10000</unused_space>
         <attributes>RWX</attributes>
         <usage_details>
         </usage_details>
      </memory_area>
      <memory_area display="yes" color="green">
         <name>SRAM_DATA</name>
         <page_id>0x0</page_id>
         <origin>0x20000000</origin>
         <length>0x10000</length>
         <used_space>0x14</used_space>
         <unused_space>0xffec</unused_space>
         <attributes>RW</attributes>
         <usage_details>
            <allocated_space>
               <start_address>0x20000000</start_address>
               <size>0x14</size>
               <logical_group_ref idref="lg-a2"/>
            </allocated_space>
            <available_space>
               <start_address>0x20000014</start_address>
               <size>0xffec</size>
            </available_space>
            <allocated_space>
               <start_address>0x20010000</start_address>
               <size>0x0</size>
               <logical_group_ref idref="lg-e"/>
            </allocated_space>
         </usage_details>
      </memory_area>
   </placement_map>
   <symbol_table>
      <symbol id="sm-1">
         <name>WDTCTL_SYM</name>
         <value>0x4000480c</value>
      </symbol>
      <symbol id="sm-2">
         <name>binit</name>
         <value>0xffffffff</value>
      </symbol>
      <symbol id="sm-3">
         <name>__binit__</name>
         <value>0xffffffff</value>
      </symbol>
      <symbol id="sm-4">
         <name>__STACK_SIZE</name>
         <value>0x0</value>
      </symbol>
      <symbol id="sm-5">
         <name>__STACK_END</name>
         <value>0x20010000</value>
      </symbol>
      <symbol id="sm-6">
         <name>__c_args__</name>
         <value>0xffffffff</value>
      </symbol>
      <symbol id="sm-7">
         <name>__TI_static_base__</name>
         <value>0x0</value>
      </symbol>
      <symbol id="sm-3b">
         <name>main</name>
         <value>0x1d9</value>
         <object_component_ref idref="oc-4f"/>
      </symbol>
      <symbol id="sm-4f">
         <name>SysTick_Wait</name>
         <value>0x3cb</value>
         <object_component_ref idref="oc-74"/>
      </symbol>
      <symbol id="sm-50">
         <name>SysTick_Wait10ms</name>
         <value>0x3f1</value>
         <object_component_ref idref="oc-74"/>
      </symbol>
      <symbol id="sm-51">
         <name>SysTick_Init</name>
         <value>0x3a1</value>
         <object_component_ref idref="oc-74"/>
      </symbol>
      <symbol id="sm-d6">
         <name>T32_INT2_IRQHandler</name>
         <value>0x34d</value>
         <object_component_ref idref="oc-14"/>
      </symbol>
      <symbol id="sm-d7">
         <name>PendSV_Handler</name>
         <value>0x315</value>
         <object_component_ref idref="oc-14"/>
      </symbol>
      <symbol id="sm-d8">
         <name>SysTick_Handler</name>
         <value>0x317</value>
         <object_component_ref idref="oc-14"/>
      </symbol>
      <symbol id="sm-d9">
         <name>EUSCIA3_IRQHandler</name>
         <value>0x33f</value>
         <object_component_ref idref="oc-14"/>
      </symbol>
      <symbol id="sm-da">
         <name>SVC_Handler</name>
         <value>0x311</value>
         <object_component_ref idref="oc-14"/>
      </symbol>
      <symbol id="sm-db">
         <name>EUSCIB1_IRQHandler</name>
         <value>0x343</value>
         <object_component_ref idref="oc-14"/>
      </symbol>
      <symbol id="sm-dc">
         <name>PORT4_IRQHandler</name>
         <value>0x365</value>
         <object_component_ref idref="oc-14"/>
      </symbol>
      <symbol id="sm-dd">
         <name>AES256_IRQHandler</name>
         <value>0x351</value>
         <object_component_ref idref="oc-14"/>
      </symbol>
      <symbol id="sm-de">
         <name>FPU_IRQHandler</name>
         <value>0x321</value>
         <object_component_ref idref="oc-14"/>
      </symbol>
      <symbol id="sm-df">
         <name>EUSCIB2_IRQHandler</name>
         <value>0x345</value>
         <object_component_ref idref="oc-14"/>
      </symbol>
      <symbol id="sm-e0">
         <name>PORT1_IRQHandler</name>
         <value>0x35f</value>
         <object_component_ref idref="oc-14"/>
      </symbol>
      <symbol id="sm-e1">
         <name>RTC_C_IRQHandler</name>
         <value>0x353</value>
         <object_component_ref idref="oc-14"/>
      </symbol>
      <symbol id="sm-e2">
         <name>TA2_0_IRQHandler</name>
         <value>0x331</value>
         <object_component_ref idref="oc-14"/>
      </symbol>
      <symbol id="sm-e3">
         <name>TA3_N_IRQHandler</name>
         <value>0x337</value>
         <object_component_ref idref="oc-14"/>
      </symbol>
      <symbol id="sm-e4">
         <name>DMA_INT3_IRQHandler</name>
         <value>0x357</value>
         <object_component_ref idref="oc-14"/>
      </symbol>
      <symbol id="sm-e5">
         <name>PORT2_IRQHandler</name>
         <value>0x361</value>
         <object_component_ref idref="oc-14"/>
      </symbol>
      <symbol id="sm-e6">
         <name>StartCritical</name>
         <value>0x377</value>
         <object_component_ref idref="oc-14"/>
      </symbol>
      <symbol id="sm-e7">
         <name>TA0_0_IRQHandler</name>
         <value>0x329</value>
         <object_component_ref idref="oc-14"/>
      </symbol>
      <symbol id="sm-e8">
         <name>PSS_IRQHandler</name>
         <value>0x319</value>
         <object_component_ref idref="oc-14"/>
      </symbol>
      <symbol id="sm-e9">
         <name>TA1_N_IRQHandler</name>
         <value>0x32f</value>
         <object_component_ref idref="oc-14"/>
      </symbol>
      <symbol id="sm-ea">
         <name>EUSCIA1_IRQHandler</name>
         <value>0x33b</value>
         <object_component_ref idref="oc-14"/>
      </symbol>
      <symbol id="sm-eb">
         <name>EUSCIA2_IRQHandler</name>
         <value>0x33d</value>
         <object_component_ref idref="oc-14"/>
      </symbol>
      <symbol id="sm-ec">
         <name>COMP_E0_IRQHandler</name>
         <value>0x325</value>
         <object_component_ref idref="oc-14"/>
      </symbol>
      <symbol id="sm-ed">
         <name>WDT_A_IRQHandler</name>
         <value>0x31f</value>
         <object_component_ref idref="oc-14"/>
      </symbol>
      <symbol id="sm-ee">
         <name>EUSCIB0_IRQHandler</name>
         <value>0x341</value>
         <object_component_ref idref="oc-14"/>
      </symbol>
      <symbol id="sm-ef">
         <name>FLCTL_IRQHandler</name>
         <value>0x323</value>
         <object_component_ref idref="oc-14"/>
      </symbol>
      <symbol id="sm-f0">
         <name>EndCritical</name>
         <value>0x381</value>
         <object_component_ref idref="oc-14"/>
      </symbol>
      <symbol id="sm-f1">
         <name>DMA_INT1_IRQHandler</name>
         <value>0x35b</value>
         <object_component_ref idref="oc-14"/>
      </symbol>
      <symbol id="sm-f2">
         <name>PCM_IRQHandler</name>
         <value>0x31d</value>
         <object_component_ref idref="oc-14"/>
      </symbol>
      <symbol id="sm-f3">
         <name>ADC14_IRQHandler</name>
         <value>0x349</value>
         <object_component_ref idref="oc-14"/>
      </symbol>
      <symbol id="sm-f4">
         <name>T32_INTC_IRQHandler</name>
         <value>0x34f</value>
         <object_component_ref idref="oc-14"/>
      </symbol>
      <symbol id="sm-f5">
         <name>DMA_INT2_IRQHandler</name>
         <value>0x359</value>
         <object_component_ref idref="oc-14"/>
      </symbol>
      <symbol id="sm-f6">
         <name>TA3_0_IRQHandler</name>
         <value>0x335</value>
         <object_component_ref idref="oc-14"/>
      </symbol>
      <symbol id="sm-f7">
         <name>EUSCIA0_IRQHandler</name>
         <value>0x339</value>
         <object_component_ref idref="oc-14"/>
      </symbol>
      <symbol id="sm-f8">
         <name>DMA_ERR_IRQHandler</name>
         <value>0x355</value>
         <object_component_ref idref="oc-14"/>
      </symbol>
      <symbol id="sm-f9">
         <name>DisableInterrupts</name>
         <value>0x36b</value>
         <object_component_ref idref="oc-14"/>
      </symbol>
      <symbol id="sm-fa">
         <name>PORT5_IRQHandler</name>
         <value>0x367</value>
         <object_component_ref idref="oc-14"/>
      </symbol>
      <symbol id="sm-fb">
         <name>TA1_0_IRQHandler</name>
         <value>0x32d</value>
         <object_component_ref idref="oc-14"/>
      </symbol>
      <symbol id="sm-fc">
         <name>TA2_N_IRQHandler</name>
         <value>0x333</value>
         <object_component_ref idref="oc-14"/>
      </symbol>
      <symbol id="sm-fd">
         <name>COMP_E1_IRQHandler</name>
         <value>0x327</value>
         <object_component_ref idref="oc-14"/>
      </symbol>
      <symbol id="sm-fe">
         <name>EUSCIB3_IRQHandler</name>
         <value>0x347</value>
         <object_component_ref idref="oc-14"/>
      </symbol>
      <symbol id="sm-ff">
         <name>WaitForInterrupt</name>
         <value>0x389</value>
         <object_component_ref idref="oc-14"/>
      </symbol>
      <symbol id="sm-100">
         <name>interruptVectors</name>
         <value>0x0</value>
         <object_component_ref idref="oc-10"/>
      </symbol>
      <symbol id="sm-101">
         <name>EnableInterrupts</name>
         <value>0x371</value>
         <object_component_ref idref="oc-14"/>
      </symbol>
      <symbol id="sm-102">
         <name>PORT6_IRQHandler</name>
         <value>0x369</value>
         <object_component_ref idref="oc-14"/>
      </symbol>
      <symbol id="sm-103">
         <name>TA0_N_IRQHandler</name>
         <value>0x32b</value>
         <object_component_ref idref="oc-14"/>
      </symbol>
      <symbol id="sm-104">
         <name>T32_INT1_IRQHandler</name>
         <value>0x34b</value>
         <object_component_ref idref="oc-14"/>
      </symbol>
      <symbol id="sm-105">
         <name>DebugMon_Handler</name>
         <value>0x313</value>
         <object_component_ref idref="oc-14"/>
      </symbol>
      <symbol id="sm-106">
         <name>DMA_INT0_IRQHandler</name>
         <value>0x35d</value>
         <object_component_ref idref="oc-14"/>
      </symbol>
      <symbol id="sm-107">
         <name>PORT3_IRQHandler</name>
         <value>0x363</value>
         <object_component_ref idref="oc-14"/>
      </symbol>
      <symbol id="sm-108">
         <name>CS_IRQHandler</name>
         <value>0x31b</value>
         <object_component_ref idref="oc-14"/>
      </symbol>
      <symbol id="sm-11b">
         <name>_c_int00</name>
         <value>0x475</value>
         <object_component_ref idref="oc-1d"/>
      </symbol>
      <symbol id="sm-11c">
         <name>__stack</name>
         <value>0x20010000</value>
         <object_component_ref idref="oc-13"/>
      </symbol>
      <symbol id="sm-13b">
         <name>C$$EXIT</name>
         <value>0x511</value>
         <object_component_ref idref="oc-3c"/>
      </symbol>
      <symbol id="sm-13c">
         <name>abort</name>
         <value>0x515</value>
         <object_component_ref idref="oc-3c"/>
      </symbol>
      <symbol id="sm-13d">
         <name>exit</name>
         <value>0x51d</value>
         <object_component_ref idref="oc-3c"/>
      </symbol>
      <symbol id="sm-13e">
         <name>__TI_dtors_ptr</name>
         <value>0x2000000c</value>
         <object_component_ref idref="oc-59"/>
      </symbol>
      <symbol id="sm-13f">
         <name>__TI_cleanup_ptr</name>
         <value>0x20000008</value>
         <object_component_ref idref="oc-59"/>
      </symbol>
      <symbol id="sm-149">
         <name>_system_pre_init</name>
         <value>0x581</value>
         <object_component_ref idref="oc-2a"/>
      </symbol>
      <symbol id="sm-151">
         <name>main_func_sp</name>
         <value>0x20000010</value>
         <object_component_ref idref="oc-42"/>
      </symbol>
      <symbol id="sm-16a">
         <name>_nop</name>
         <value>0x57b</value>
         <object_component_ref idref="oc-81"/>
      </symbol>
      <symbol id="sm-16b">
         <name>_lock</name>
         <value>0x20000000</value>
         <object_component_ref idref="oc-56"/>
      </symbol>
      <symbol id="sm-16c">
         <name>_unlock</name>
         <value>0x20000004</value>
         <object_component_ref idref="oc-56"/>
      </symbol>
      <symbol id="sm-16d">
         <name>_register_lock</name>
         <value>0x573</value>
         <object_component_ref idref="oc-81"/>
      </symbol>
      <symbol id="sm-16e">
         <name>_register_unlock</name>
         <value>0x56d</value>
         <object_component_ref idref="oc-81"/>
      </symbol>
      <symbol id="sm-183">
         <name>_args_main</name>
         <value>0x555</value>
         <object_component_ref idref="oc-36"/>
      </symbol>
      <symbol id="sm-1a9">
         <name>__TI_auto_init</name>
         <value>0x409</value>
         <object_component_ref idref="oc-30"/>
      </symbol>
      <symbol id="sm-1c8">
         <name>copy_in</name>
         <value>0x4c5</value>
         <object_component_ref idref="oc-47"/>
      </symbol>
      <symbol id="sm-1e3">
         <name>memcpy</name>
         <value>0x257</value>
         <object_component_ref idref="oc-61"/>
      </symbol>
      <symbol id="sm-1e4">
         <name>__aeabi_memcpy</name>
         <value>0x257</value>
         <object_component_ref idref="oc-61"/>
      </symbol>
      <symbol id="sm-1e5">
         <name>__aeabi_memcpy8</name>
         <value>0x257</value>
         <object_component_ref idref="oc-61"/>
      </symbol>
      <symbol id="sm-1e6">
         <name>__aeabi_memcpy4</name>
         <value>0x257</value>
         <object_component_ref idref="oc-61"/>
      </symbol>
      <symbol id="sm-1e7">
         <name>__TI_Handler_Table_Base</name>
         <value>0x0</value>
      </symbol>
      <symbol id="sm-1e8">
         <name>__TI_Handler_Table_Limit</name>
         <value>0x0</value>
      </symbol>
      <symbol id="sm-1e9">
         <name>__TI_CINIT_Limit</name>
         <value>0x0</value>
      </symbol>
      <symbol id="sm-1ea">
         <name>__TI_CINIT_Base</name>
         <value>0x0</value>
      </symbol>
      <symbol id="sm-1eb">
         <name>SHT$$INIT_ARRAY$$Limit</name>
         <value>0x0</value>
      </symbol>
      <symbol id="sm-1ec">
         <name>SHT$$INIT_ARRAY$$Base</name>
         <value>0x0</value>
      </symbol>
   </symbol_table>
   <title>Link successful</title>
</link_info>
