<?xml version="1.0"?>
<link_info>
   <banner>TI ARM Linker PC v5.2.4</banner>
   <copyright>Copyright (c) 1996-2015 Texas Instruments Incorporated</copyright>
   <link_time>0x575f20af</link_time>
   <link_errors>0x0</link_errors>
   <output_file>MealyEngineControl_MSP432asm.out</output_file>
   <entry_point>
      <name>_c_int00</name>
      <address>0x40d</address>
   </entry_point>
   <input_file_list>
      <input_file id="fl-2">
         <path>.\</path>
         <kind>object</kind>
         <file>EngineControl.obj</file>
         <name>EngineControl.obj</name>
      </input_file>
      <input_file id="fl-3">
         <path>.\</path>
         <kind>object</kind>
         <file>SysTick.obj</file>
         <name>SysTick.obj</name>
      </input_file>
      <input_file id="fl-4">
         <path>.\</path>
         <kind>object</kind>
         <file>msp432_startup_ccs.obj</file>
         <name>msp432_startup_ccs.obj</name>
      </input_file>
      <input_file id="fl-12a">
         <path>C:\ti\ccsv6\tools\compiler\ti-cgt-arm_5.2.4\lib\</path>
         <kind>archive</kind>
         <file>rtsv7M4_T_le_v4SPD16_eabi.lib</file>
         <name>boot.obj</name>
      </input_file>
      <input_file id="fl-12b">
         <path>C:\ti\ccsv6\tools\compiler\ti-cgt-arm_5.2.4\lib\</path>
         <kind>archive</kind>
         <file>rtsv7M4_T_le_v4SPD16_eabi.lib</file>
         <name>exit.obj</name>
      </input_file>
      <input_file id="fl-12c">
         <path>C:\ti\ccsv6\tools\compiler\ti-cgt-arm_5.2.4\lib\</path>
         <kind>archive</kind>
         <file>rtsv7M4_T_le_v4SPD16_eabi.lib</file>
         <name>pre_init.obj</name>
      </input_file>
      <input_file id="fl-12d">
         <path>C:\ti\ccsv6\tools\compiler\ti-cgt-arm_5.2.4\lib\</path>
         <kind>archive</kind>
         <file>rtsv7M4_T_le_v4SPD16_eabi.lib</file>
         <name>stkdepth_vars.obj</name>
      </input_file>
      <input_file id="fl-12e">
         <path>C:\ti\ccsv6\tools\compiler\ti-cgt-arm_5.2.4\lib\</path>
         <kind>archive</kind>
         <file>rtsv7M4_T_le_v4SPD16_eabi.lib</file>
         <name>_lock.obj</name>
      </input_file>
      <input_file id="fl-12f">
         <path>C:\ti\ccsv6\tools\compiler\ti-cgt-arm_5.2.4\lib\</path>
         <kind>archive</kind>
         <file>rtsv7M4_T_le_v4SPD16_eabi.lib</file>
         <name>args_main.obj</name>
      </input_file>
      <input_file id="fl-130">
         <path>C:\ti\ccsv6\tools\compiler\ti-cgt-arm_5.2.4\lib\</path>
         <kind>archive</kind>
         <file>rtsv7M4_T_le_v4SPD16_eabi.lib</file>
         <name>autoinit.obj</name>
      </input_file>
      <input_file id="fl-131">
         <path>C:\ti\ccsv6\tools\compiler\ti-cgt-arm_5.2.4\lib\</path>
         <kind>archive</kind>
         <file>rtsv7M4_T_le_v4SPD16_eabi.lib</file>
         <name>cpy_tbl.obj</name>
      </input_file>
      <input_file id="fl-132">
         <path>C:\ti\ccsv6\tools\compiler\ti-cgt-arm_5.2.4\lib\</path>
         <kind>archive</kind>
         <file>rtsv7M4_T_le_v4SPD16_eabi.lib</file>
         <name>memcpy_t2.obj</name>
      </input_file>
   </input_file_list>
   <object_component_list>
      <object_component id="oc-10">
         <name>.intvecs</name>
         <load_address>0x0</load_address>
         <run_address>0x0</run_address>
         <size>0x144</size>
         <input_file_ref idref="fl-4"/>
      </object_component>
      <object_component id="oc-4f">
         <name>.text</name>
         <load_address>0x144</load_address>
         <run_address>0x144</run_address>
         <size>0xaa</size>
         <input_file_ref idref="fl-2"/>
      </object_component>
      <object_component id="oc-61">
         <name>.text</name>
         <load_address>0x1ee</load_address>
         <run_address>0x1ee</run_address>
         <size>0x9c</size>
         <input_file_ref idref="fl-132"/>
      </object_component>
      <object_component id="oc-14">
         <name>.text</name>
         <load_address>0x28c</load_address>
         <run_address>0x28c</run_address>
         <size>0x9a</size>
         <input_file_ref idref="fl-4"/>
      </object_component>
      <object_component id="oc-74">
         <name>.text</name>
         <load_address>0x328</load_address>
         <run_address>0x328</run_address>
         <size>0x78</size>
         <input_file_ref idref="fl-3"/>
      </object_component>
      <object_component id="oc-30">
         <name>.text</name>
         <load_address>0x3a0</load_address>
         <run_address>0x3a0</run_address>
         <size>0x6c</size>
         <input_file_ref idref="fl-130"/>
      </object_component>
      <object_component id="oc-1d">
         <name>.text</name>
         <load_address>0x40c</load_address>
         <run_address>0x40c</run_address>
         <size>0x50</size>
         <input_file_ref idref="fl-12a"/>
      </object_component>
      <object_component id="oc-47">
         <name>.text</name>
         <load_address>0x45c</load_address>
         <run_address>0x45c</run_address>
         <size>0x4c</size>
         <input_file_ref idref="fl-131"/>
      </object_component>
      <object_component id="oc-3c">
         <name>.text</name>
         <load_address>0x4a8</load_address>
         <run_address>0x4a8</run_address>
         <size>0x44</size>
         <input_file_ref idref="fl-12b"/>
      </object_component>
      <object_component id="oc-36">
         <name>.text</name>
         <load_address>0x4ec</load_address>
         <run_address>0x4ec</run_address>
         <size>0x18</size>
         <input_file_ref idref="fl-12f"/>
      </object_component>
      <object_component id="oc-81">
         <name>.text</name>
         <load_address>0x504</load_address>
         <run_address>0x504</run_address>
         <size>0x14</size>
         <input_file_ref idref="fl-12e"/>
      </object_component>
      <object_component id="oc-2a">
         <name>.text</name>
         <load_address>0x518</load_address>
         <run_address>0x518</run_address>
         <size>0x4</size>
         <input_file_ref idref="fl-12c"/>
      </object_component>
      <object_component id="oc-13">
         <name>.stack</name>
         <uninitialized>true</uninitialized>
         <run_address>0x20010000</run_address>
         <size>0x0</size>
         <input_file_ref idref="fl-12a"/>
      </object_component>
      <object_component id="oc-c2">
         <name>.stack</name>
         <uninitialized>true</uninitialized>
         <run_address>0x20010000</run_address>
         <size>0x0</size>
      </object_component>
      <object_component id="oc-56">
         <name>.data</name>
         <load_address>0x20000000</load_address>
         <run_address>0x20000000</run_address>
         <size>0x8</size>
         <input_file_ref idref="fl-12e"/>
      </object_component>
      <object_component id="oc-59">
         <name>.data</name>
         <load_address>0x20000008</load_address>
         <run_address>0x20000008</run_address>
         <size>0x8</size>
         <input_file_ref idref="fl-12b"/>
      </object_component>
      <object_component id="oc-42">
         <name>.data</name>
         <load_address>0x20000010</load_address>
         <run_address>0x20000010</run_address>
         <size>0x4</size>
         <input_file_ref idref="fl-12d"/>
      </object_component>
      <object_component id="oc-50">
         <name>.debug_info</name>
         <load_address>0x0</load_address>
         <run_address>0x0</run_address>
         <size>0x112</size>
         <input_file_ref idref="fl-2"/>
      </object_component>
      <object_component id="oc-75">
         <name>.debug_info</name>
         <load_address>0x112</load_address>
         <run_address>0x112</run_address>
         <size>0x17e</size>
         <input_file_ref idref="fl-3"/>
      </object_component>
      <object_component id="oc-1c">
         <name>.debug_info</name>
         <load_address>0x290</load_address>
         <run_address>0x290</run_address>
         <size>0x111</size>
         <input_file_ref idref="fl-4"/>
      </object_component>
      <object_component id="oc-11">
         <name>.debug_info</name>
         <load_address>0x3a1</load_address>
         <run_address>0x3a1</run_address>
         <size>0xfe</size>
         <input_file_ref idref="fl-4"/>
      </object_component>
      <object_component id="oc-15">
         <name>.debug_info</name>
         <load_address>0x49f</load_address>
         <run_address>0x49f</run_address>
         <size>0x16aa</size>
         <input_file_ref idref="fl-4"/>
      </object_component>
      <object_component id="oc-25">
         <name>.debug_info</name>
         <load_address>0x1b49</load_address>
         <run_address>0x1b49</run_address>
         <size>0x84</size>
         <input_file_ref idref="fl-4"/>
      </object_component>
      <object_component id="oc-1e">
         <name>.debug_info</name>
         <load_address>0x1bcd</load_address>
         <run_address>0x1bcd</run_address>
         <size>0x136</size>
         <input_file_ref idref="fl-12a"/>
      </object_component>
      <object_component id="oc-5d">
         <name>.debug_info</name>
         <load_address>0x1d03</load_address>
         <run_address>0x1d03</run_address>
         <size>0x174</size>
         <input_file_ref idref="fl-12b"/>
      </object_component>
      <object_component id="oc-5a">
         <name>.debug_info</name>
         <load_address>0x1e77</load_address>
         <run_address>0x1e77</run_address>
         <size>0x119</size>
         <input_file_ref idref="fl-12b"/>
      </object_component>
      <object_component id="oc-3d">
         <name>.debug_info</name>
         <load_address>0x1f90</load_address>
         <run_address>0x1f90</run_address>
         <size>0x1f0</size>
         <input_file_ref idref="fl-12b"/>
      </object_component>
      <object_component id="oc-2b">
         <name>.debug_info</name>
         <load_address>0x2180</load_address>
         <run_address>0x2180</run_address>
         <size>0x12b</size>
         <input_file_ref idref="fl-12c"/>
      </object_component>
      <object_component id="oc-43">
         <name>.debug_info</name>
         <load_address>0x22ab</load_address>
         <run_address>0x22ab</run_address>
         <size>0xec</size>
         <input_file_ref idref="fl-12d"/>
      </object_component>
      <object_component id="oc-89">
         <name>.debug_info</name>
         <load_address>0x2397</load_address>
         <run_address>0x2397</run_address>
         <size>0x107</size>
         <input_file_ref idref="fl-12e"/>
      </object_component>
      <object_component id="oc-57">
         <name>.debug_info</name>
         <load_address>0x249e</load_address>
         <run_address>0x249e</run_address>
         <size>0xf6</size>
         <input_file_ref idref="fl-12e"/>
      </object_component>
      <object_component id="oc-82">
         <name>.debug_info</name>
         <load_address>0x2594</load_address>
         <run_address>0x2594</run_address>
         <size>0x202</size>
         <input_file_ref idref="fl-12e"/>
      </object_component>
      <object_component id="oc-55">
         <name>.debug_info</name>
         <load_address>0x2796</load_address>
         <run_address>0x2796</run_address>
         <size>0x149</size>
         <input_file_ref idref="fl-12f"/>
      </object_component>
      <object_component id="oc-37">
         <name>.debug_info</name>
         <load_address>0x28df</load_address>
         <run_address>0x28df</run_address>
         <size>0x14a</size>
         <input_file_ref idref="fl-12f"/>
      </object_component>
      <object_component id="oc-7c">
         <name>.debug_info</name>
         <load_address>0x2a29</load_address>
         <run_address>0x2a29</run_address>
         <size>0x5e</size>
         <input_file_ref idref="fl-12f"/>
      </object_component>
      <object_component id="oc-4e">
         <name>.debug_info</name>
         <load_address>0x2a87</load_address>
         <run_address>0x2a87</run_address>
         <size>0x2a0</size>
         <input_file_ref idref="fl-130"/>
      </object_component>
      <object_component id="oc-31">
         <name>.debug_info</name>
         <load_address>0x2d27</load_address>
         <run_address>0x2d27</run_address>
         <size>0x15a</size>
         <input_file_ref idref="fl-130"/>
      </object_component>
      <object_component id="oc-6a">
         <name>.debug_info</name>
         <load_address>0x2e81</load_address>
         <run_address>0x2e81</run_address>
         <size>0x39</size>
         <input_file_ref idref="fl-130"/>
      </object_component>
      <object_component id="oc-6f">
         <name>.debug_info</name>
         <load_address>0x2eba</load_address>
         <run_address>0x2eba</run_address>
         <size>0xcd</size>
         <input_file_ref idref="fl-130"/>
      </object_component>
      <object_component id="oc-67">
         <name>.debug_info</name>
         <load_address>0x2f87</load_address>
         <run_address>0x2f87</run_address>
         <size>0x1c3</size>
         <input_file_ref idref="fl-131"/>
      </object_component>
      <object_component id="oc-48">
         <name>.debug_info</name>
         <load_address>0x314a</load_address>
         <run_address>0x314a</run_address>
         <size>0x166</size>
         <input_file_ref idref="fl-131"/>
      </object_component>
      <object_component id="oc-97">
         <name>.debug_info</name>
         <load_address>0x32b0</load_address>
         <run_address>0x32b0</run_address>
         <size>0x2c</size>
         <input_file_ref idref="fl-131"/>
      </object_component>
      <object_component id="oc-92">
         <name>.debug_info</name>
         <load_address>0x32dc</load_address>
         <run_address>0x32dc</run_address>
         <size>0x2c</size>
         <input_file_ref idref="fl-131"/>
      </object_component>
      <object_component id="oc-62">
         <name>.debug_info</name>
         <load_address>0x3308</load_address>
         <run_address>0x3308</run_address>
         <size>0xf8</size>
         <input_file_ref idref="fl-132"/>
      </object_component>
      <object_component id="oc-c3">
         <name>.debug_info</name>
         <load_address>0x3400</load_address>
         <run_address>0x3400</run_address>
         <size>0xb6</size>
      </object_component>
      <object_component id="oc-53">
         <name>.debug_line</name>
         <load_address>0x0</load_address>
         <run_address>0x0</run_address>
         <size>0x62</size>
         <input_file_ref idref="fl-2"/>
      </object_component>
      <object_component id="oc-78">
         <name>.debug_line</name>
         <load_address>0x62</load_address>
         <run_address>0x62</run_address>
         <size>0x7a</size>
         <input_file_ref idref="fl-3"/>
      </object_component>
      <object_component id="oc-24">
         <name>.debug_line</name>
         <load_address>0xdc</load_address>
         <run_address>0xdc</run_address>
         <size>0x3b</size>
         <input_file_ref idref="fl-4"/>
      </object_component>
      <object_component id="oc-1b">
         <name>.debug_line</name>
         <load_address>0x117</load_address>
         <run_address>0x117</run_address>
         <size>0x3b</size>
         <input_file_ref idref="fl-4"/>
      </object_component>
      <object_component id="oc-18">
         <name>.debug_line</name>
         <load_address>0x152</load_address>
         <run_address>0x152</run_address>
         <size>0x55a</size>
         <input_file_ref idref="fl-4"/>
      </object_component>
      <object_component id="oc-28">
         <name>.debug_line</name>
         <load_address>0x6ac</load_address>
         <run_address>0x6ac</run_address>
         <size>0x20</size>
         <input_file_ref idref="fl-4"/>
      </object_component>
      <object_component id="oc-21">
         <name>.debug_line</name>
         <load_address>0x6cc</load_address>
         <run_address>0x6cc</run_address>
         <size>0x52</size>
         <input_file_ref idref="fl-12a"/>
      </object_component>
      <object_component id="oc-8e">
         <name>.debug_line</name>
         <load_address>0x71e</load_address>
         <run_address>0x71e</run_address>
         <size>0x71</size>
         <input_file_ref idref="fl-12b"/>
      </object_component>
      <object_component id="oc-8c">
         <name>.debug_line</name>
         <load_address>0x78f</load_address>
         <run_address>0x78f</run_address>
         <size>0x2a</size>
         <input_file_ref idref="fl-12b"/>
      </object_component>
      <object_component id="oc-40">
         <name>.debug_line</name>
         <load_address>0x7b9</load_address>
         <run_address>0x7b9</run_address>
         <size>0x7a</size>
         <input_file_ref idref="fl-12b"/>
      </object_component>
      <object_component id="oc-2e">
         <name>.debug_line</name>
         <load_address>0x833</load_address>
         <run_address>0x833</run_address>
         <size>0x40</size>
         <input_file_ref idref="fl-12c"/>
      </object_component>
      <object_component id="oc-60">
         <name>.debug_line</name>
         <load_address>0x873</load_address>
         <run_address>0x873</run_address>
         <size>0x33</size>
         <input_file_ref idref="fl-12d"/>
      </object_component>
      <object_component id="oc-9f">
         <name>.debug_line</name>
         <load_address>0x8a6</load_address>
         <run_address>0x8a6</run_address>
         <size>0x20</size>
         <input_file_ref idref="fl-12e"/>
      </object_component>
      <object_component id="oc-88">
         <name>.debug_line</name>
         <load_address>0x8c6</load_address>
         <run_address>0x8c6</run_address>
         <size>0x2b</size>
         <input_file_ref idref="fl-12e"/>
      </object_component>
      <object_component id="oc-85">
         <name>.debug_line</name>
         <load_address>0x8f1</load_address>
         <run_address>0x8f1</run_address>
         <size>0x68</size>
         <input_file_ref idref="fl-12e"/>
      </object_component>
      <object_component id="oc-7b">
         <name>.debug_line</name>
         <load_address>0x959</load_address>
         <run_address>0x959</run_address>
         <size>0x2b</size>
         <input_file_ref idref="fl-12f"/>
      </object_component>
      <object_component id="oc-3a">
         <name>.debug_line</name>
         <load_address>0x984</load_address>
         <run_address>0x984</run_address>
         <size>0x50</size>
         <input_file_ref idref="fl-12f"/>
      </object_component>
      <object_component id="oc-7f">
         <name>.debug_line</name>
         <load_address>0x9d4</load_address>
         <run_address>0x9d4</run_address>
         <size>0x2b</size>
         <input_file_ref idref="fl-12f"/>
      </object_component>
      <object_component id="oc-69">
         <name>.debug_line</name>
         <load_address>0x9ff</load_address>
         <run_address>0x9ff</run_address>
         <size>0x81</size>
         <input_file_ref idref="fl-130"/>
      </object_component>
      <object_component id="oc-34">
         <name>.debug_line</name>
         <load_address>0xa80</load_address>
         <run_address>0xa80</run_address>
         <size>0x79</size>
         <input_file_ref idref="fl-130"/>
      </object_component>
      <object_component id="oc-6d">
         <name>.debug_line</name>
         <load_address>0xaf9</load_address>
         <run_address>0xaf9</run_address>
         <size>0x2e</size>
         <input_file_ref idref="fl-130"/>
      </object_component>
      <object_component id="oc-72">
         <name>.debug_line</name>
         <load_address>0xb27</load_address>
         <run_address>0xb27</run_address>
         <size>0x73</size>
         <input_file_ref idref="fl-130"/>
      </object_component>
      <object_component id="oc-91">
         <name>.debug_line</name>
         <load_address>0xb9a</load_address>
         <run_address>0xb9a</run_address>
         <size>0x80</size>
         <input_file_ref idref="fl-131"/>
      </object_component>
      <object_component id="oc-4b">
         <name>.debug_line</name>
         <load_address>0xc1a</load_address>
         <run_address>0xc1a</run_address>
         <size>0x68</size>
         <input_file_ref idref="fl-131"/>
      </object_component>
      <object_component id="oc-9a">
         <name>.debug_line</name>
         <load_address>0xc82</load_address>
         <run_address>0xc82</run_address>
         <size>0x2e</size>
         <input_file_ref idref="fl-131"/>
      </object_component>
      <object_component id="oc-95">
         <name>.debug_line</name>
         <load_address>0xcb0</load_address>
         <run_address>0xcb0</run_address>
         <size>0x72</size>
         <input_file_ref idref="fl-131"/>
      </object_component>
      <object_component id="oc-65">
         <name>.debug_line</name>
         <load_address>0xd22</load_address>
         <run_address>0xd22</run_address>
         <size>0x88</size>
         <input_file_ref idref="fl-132"/>
      </object_component>
      <object_component id="oc-79">
         <name>.debug_abbrev</name>
         <load_address>0x0</load_address>
         <run_address>0x0</run_address>
         <size>0x3b</size>
         <input_file_ref idref="fl-2"/>
      </object_component>
      <object_component id="oc-9c">
         <name>.debug_abbrev</name>
         <load_address>0x3b</load_address>
         <run_address>0x3b</run_address>
         <size>0x49</size>
         <input_file_ref idref="fl-3"/>
      </object_component>
      <object_component id="oc-23">
         <name>.debug_abbrev</name>
         <load_address>0x84</load_address>
         <run_address>0x84</run_address>
         <size>0x5d</size>
         <input_file_ref idref="fl-4"/>
      </object_component>
      <object_component id="oc-1a">
         <name>.debug_abbrev</name>
         <load_address>0xe1</load_address>
         <run_address>0xe1</run_address>
         <size>0x29</size>
         <input_file_ref idref="fl-4"/>
      </object_component>
      <object_component id="oc-22">
         <name>.debug_abbrev</name>
         <load_address>0x10a</load_address>
         <run_address>0x10a</run_address>
         <size>0xf8</size>
         <input_file_ref idref="fl-4"/>
      </object_component>
      <object_component id="oc-27">
         <name>.debug_abbrev</name>
         <load_address>0x202</load_address>
         <run_address>0x202</run_address>
         <size>0x1f</size>
         <input_file_ref idref="fl-4"/>
      </object_component>
      <object_component id="oc-45">
         <name>.debug_abbrev</name>
         <load_address>0x221</load_address>
         <run_address>0x221</run_address>
         <size>0x3e</size>
         <input_file_ref idref="fl-12a"/>
      </object_component>
      <object_component id="oc-8d">
         <name>.debug_abbrev</name>
         <load_address>0x25f</load_address>
         <run_address>0x25f</run_address>
         <size>0x6b</size>
         <input_file_ref idref="fl-12b"/>
      </object_component>
      <object_component id="oc-8b">
         <name>.debug_abbrev</name>
         <load_address>0x2ca</load_address>
         <run_address>0x2ca</run_address>
         <size>0x29</size>
         <input_file_ref idref="fl-12b"/>
      </object_component>
      <object_component id="oc-5c">
         <name>.debug_abbrev</name>
         <load_address>0x2f3</load_address>
         <run_address>0x2f3</run_address>
         <size>0xba</size>
         <input_file_ref idref="fl-12b"/>
      </object_component>
      <object_component id="oc-46">
         <name>.debug_abbrev</name>
         <load_address>0x3ad</load_address>
         <run_address>0x3ad</run_address>
         <size>0x55</size>
         <input_file_ref idref="fl-12c"/>
      </object_component>
      <object_component id="oc-5f">
         <name>.debug_abbrev</name>
         <load_address>0x402</load_address>
         <run_address>0x402</run_address>
         <size>0x27</size>
         <input_file_ref idref="fl-12d"/>
      </object_component>
      <object_component id="oc-9e">
         <name>.debug_abbrev</name>
         <load_address>0x429</load_address>
         <run_address>0x429</run_address>
         <size>0x45</size>
         <input_file_ref idref="fl-12e"/>
      </object_component>
      <object_component id="oc-87">
         <name>.debug_abbrev</name>
         <load_address>0x46e</load_address>
         <run_address>0x46e</run_address>
         <size>0x29</size>
         <input_file_ref idref="fl-12e"/>
      </object_component>
      <object_component id="oc-9d">
         <name>.debug_abbrev</name>
         <load_address>0x497</load_address>
         <run_address>0x497</run_address>
         <size>0x6f</size>
         <input_file_ref idref="fl-12e"/>
      </object_component>
      <object_component id="oc-7a">
         <name>.debug_abbrev</name>
         <load_address>0x506</load_address>
         <run_address>0x506</run_address>
         <size>0x8e</size>
         <input_file_ref idref="fl-12f"/>
      </object_component>
      <object_component id="oc-54">
         <name>.debug_abbrev</name>
         <load_address>0x594</load_address>
         <run_address>0x594</run_address>
         <size>0x68</size>
         <input_file_ref idref="fl-12f"/>
      </object_component>
      <object_component id="oc-7e">
         <name>.debug_abbrev</name>
         <load_address>0x5fc</load_address>
         <run_address>0x5fc</run_address>
         <size>0x49</size>
         <input_file_ref idref="fl-12f"/>
      </object_component>
      <object_component id="oc-68">
         <name>.debug_abbrev</name>
         <load_address>0x645</load_address>
         <run_address>0x645</run_address>
         <size>0x9a</size>
         <input_file_ref idref="fl-130"/>
      </object_component>
      <object_component id="oc-4d">
         <name>.debug_abbrev</name>
         <load_address>0x6df</load_address>
         <run_address>0x6df</run_address>
         <size>0x7e</size>
         <input_file_ref idref="fl-130"/>
      </object_component>
      <object_component id="oc-6c">
         <name>.debug_abbrev</name>
         <load_address>0x75d</load_address>
         <run_address>0x75d</run_address>
         <size>0x24</size>
         <input_file_ref idref="fl-130"/>
      </object_component>
      <object_component id="oc-71">
         <name>.debug_abbrev</name>
         <load_address>0x781</load_address>
         <run_address>0x781</run_address>
         <size>0x4b</size>
         <input_file_ref idref="fl-130"/>
      </object_component>
      <object_component id="oc-90">
         <name>.debug_abbrev</name>
         <load_address>0x7cc</load_address>
         <run_address>0x7cc</run_address>
         <size>0x9c</size>
         <input_file_ref idref="fl-131"/>
      </object_component>
      <object_component id="oc-66">
         <name>.debug_abbrev</name>
         <load_address>0x868</load_address>
         <run_address>0x868</run_address>
         <size>0x8c</size>
         <input_file_ref idref="fl-131"/>
      </object_component>
      <object_component id="oc-99">
         <name>.debug_abbrev</name>
         <load_address>0x8f4</load_address>
         <run_address>0x8f4</run_address>
         <size>0x24</size>
         <input_file_ref idref="fl-131"/>
      </object_component>
      <object_component id="oc-94">
         <name>.debug_abbrev</name>
         <load_address>0x918</load_address>
         <run_address>0x918</run_address>
         <size>0x24</size>
         <input_file_ref idref="fl-131"/>
      </object_component>
      <object_component id="oc-8f">
         <name>.debug_abbrev</name>
         <load_address>0x93c</load_address>
         <run_address>0x93c</run_address>
         <size>0x3e</size>
         <input_file_ref idref="fl-132"/>
      </object_component>
      <object_component id="oc-c4">
         <name>.debug_abbrev</name>
         <load_address>0x97a</load_address>
         <run_address>0x97a</run_address>
         <size>0xf</size>
      </object_component>
      <object_component id="oc-51">
         <name>.debug_aranges</name>
         <load_address>0x0</load_address>
         <run_address>0x0</run_address>
         <size>0x20</size>
         <input_file_ref idref="fl-2"/>
      </object_component>
      <object_component id="oc-76">
         <name>.debug_aranges</name>
         <load_address>0x20</load_address>
         <run_address>0x20</run_address>
         <size>0x30</size>
         <input_file_ref idref="fl-3"/>
      </object_component>
      <object_component id="oc-16">
         <name>.debug_aranges</name>
         <load_address>0x50</load_address>
         <run_address>0x50</run_address>
         <size>0x1c8</size>
         <input_file_ref idref="fl-4"/>
      </object_component>
      <object_component id="oc-1f">
         <name>.debug_aranges</name>
         <load_address>0x218</load_address>
         <run_address>0x218</run_address>
         <size>0x20</size>
         <input_file_ref idref="fl-12a"/>
      </object_component>
      <object_component id="oc-3e">
         <name>.debug_aranges</name>
         <load_address>0x238</load_address>
         <run_address>0x238</run_address>
         <size>0x30</size>
         <input_file_ref idref="fl-12b"/>
      </object_component>
      <object_component id="oc-2c">
         <name>.debug_aranges</name>
         <load_address>0x268</load_address>
         <run_address>0x268</run_address>
         <size>0x20</size>
         <input_file_ref idref="fl-12c"/>
      </object_component>
      <object_component id="oc-83">
         <name>.debug_aranges</name>
         <load_address>0x288</load_address>
         <run_address>0x288</run_address>
         <size>0x30</size>
         <input_file_ref idref="fl-12e"/>
      </object_component>
      <object_component id="oc-38">
         <name>.debug_aranges</name>
         <load_address>0x2b8</load_address>
         <run_address>0x2b8</run_address>
         <size>0x20</size>
         <input_file_ref idref="fl-12f"/>
      </object_component>
      <object_component id="oc-32">
         <name>.debug_aranges</name>
         <load_address>0x2d8</load_address>
         <run_address>0x2d8</run_address>
         <size>0x20</size>
         <input_file_ref idref="fl-130"/>
      </object_component>
      <object_component id="oc-49">
         <name>.debug_aranges</name>
         <load_address>0x2f8</load_address>
         <run_address>0x2f8</run_address>
         <size>0x20</size>
         <input_file_ref idref="fl-131"/>
      </object_component>
      <object_component id="oc-63">
         <name>.debug_aranges</name>
         <load_address>0x318</load_address>
         <run_address>0x318</run_address>
         <size>0x20</size>
         <input_file_ref idref="fl-132"/>
      </object_component>
      <object_component id="oc-52">
         <name>.debug_pubnames</name>
         <load_address>0x0</load_address>
         <run_address>0x0</run_address>
         <size>0x1b</size>
         <input_file_ref idref="fl-2"/>
      </object_component>
      <object_component id="oc-77">
         <name>.debug_pubnames</name>
         <load_address>0x1b</load_address>
         <run_address>0x1b</run_address>
         <size>0x49</size>
         <input_file_ref idref="fl-3"/>
      </object_component>
      <object_component id="oc-12">
         <name>.debug_pubnames</name>
         <load_address>0x64</load_address>
         <run_address>0x64</run_address>
         <size>0x27</size>
         <input_file_ref idref="fl-4"/>
      </object_component>
      <object_component id="oc-17">
         <name>.debug_pubnames</name>
         <load_address>0x8b</load_address>
         <run_address>0x8b</run_address>
         <size>0x474</size>
         <input_file_ref idref="fl-4"/>
      </object_component>
      <object_component id="oc-20">
         <name>.debug_pubnames</name>
         <load_address>0x4ff</load_address>
         <run_address>0x4ff</run_address>
         <size>0x1f</size>
         <input_file_ref idref="fl-12a"/>
      </object_component>
      <object_component id="oc-5b">
         <name>.debug_pubnames</name>
         <load_address>0x51e</load_address>
         <run_address>0x51e</run_address>
         <size>0x3a</size>
         <input_file_ref idref="fl-12b"/>
      </object_component>
      <object_component id="oc-3f">
         <name>.debug_pubnames</name>
         <load_address>0x558</load_address>
         <run_address>0x558</run_address>
         <size>0x35</size>
         <input_file_ref idref="fl-12b"/>
      </object_component>
      <object_component id="oc-2d">
         <name>.debug_pubnames</name>
         <load_address>0x58d</load_address>
         <run_address>0x58d</run_address>
         <size>0x27</size>
         <input_file_ref idref="fl-12c"/>
      </object_component>
      <object_component id="oc-44">
         <name>.debug_pubnames</name>
         <load_address>0x5b4</load_address>
         <run_address>0x5b4</run_address>
         <size>0x23</size>
         <input_file_ref idref="fl-12d"/>
      </object_component>
      <object_component id="oc-58">
         <name>.debug_pubnames</name>
         <load_address>0x5d7</load_address>
         <run_address>0x5d7</run_address>
         <size>0x28</size>
         <input_file_ref idref="fl-12e"/>
      </object_component>
      <object_component id="oc-84">
         <name>.debug_pubnames</name>
         <load_address>0x5ff</load_address>
         <run_address>0x5ff</run_address>
         <size>0x43</size>
         <input_file_ref idref="fl-12e"/>
      </object_component>
      <object_component id="oc-39">
         <name>.debug_pubnames</name>
         <load_address>0x642</load_address>
         <run_address>0x642</run_address>
         <size>0x21</size>
         <input_file_ref idref="fl-12f"/>
      </object_component>
      <object_component id="oc-33">
         <name>.debug_pubnames</name>
         <load_address>0x663</load_address>
         <run_address>0x663</run_address>
         <size>0x25</size>
         <input_file_ref idref="fl-130"/>
      </object_component>
      <object_component id="oc-4a">
         <name>.debug_pubnames</name>
         <load_address>0x688</load_address>
         <run_address>0x688</run_address>
         <size>0x1e</size>
         <input_file_ref idref="fl-131"/>
      </object_component>
      <object_component id="oc-64">
         <name>.debug_pubnames</name>
         <load_address>0x6a6</load_address>
         <run_address>0x6a6</run_address>
         <size>0x1d</size>
         <input_file_ref idref="fl-132"/>
      </object_component>
      <object_component id="oc-19">
         <name>.debug_frame</name>
         <load_address>0x0</load_address>
         <run_address>0x0</run_address>
         <size>0x404</size>
         <input_file_ref idref="fl-4"/>
      </object_component>
      <object_component id="oc-41">
         <name>.debug_frame</name>
         <load_address>0x404</load_address>
         <run_address>0x404</run_address>
         <size>0xb3</size>
         <input_file_ref idref="fl-12b"/>
      </object_component>
      <object_component id="oc-2f">
         <name>.debug_frame</name>
         <load_address>0x4b7</load_address>
         <run_address>0x4b7</run_address>
         <size>0x7f</size>
         <input_file_ref idref="fl-12c"/>
      </object_component>
      <object_component id="oc-86">
         <name>.debug_frame</name>
         <load_address>0x536</load_address>
         <run_address>0x536</run_address>
         <size>0xa1</size>
         <input_file_ref idref="fl-12e"/>
      </object_component>
      <object_component id="oc-3b">
         <name>.debug_frame</name>
         <load_address>0x5d7</load_address>
         <run_address>0x5d7</run_address>
         <size>0x7f</size>
         <input_file_ref idref="fl-12f"/>
      </object_component>
      <object_component id="oc-35">
         <name>.debug_frame</name>
         <load_address>0x656</load_address>
         <run_address>0x656</run_address>
         <size>0x8a</size>
         <input_file_ref idref="fl-130"/>
      </object_component>
      <object_component id="oc-4c">
         <name>.debug_frame</name>
         <load_address>0x6e0</load_address>
         <run_address>0x6e0</run_address>
         <size>0x8e</size>
         <input_file_ref idref="fl-131"/>
      </object_component>
      <object_component id="oc-29">
         <name>.debug_str</name>
         <load_address>0x0</load_address>
         <run_address>0x0</run_address>
         <size>0xf5</size>
         <input_file_ref idref="fl-4"/>
      </object_component>
      <object_component id="oc-80">
         <name>.debug_str</name>
         <load_address>0xf5</load_address>
         <run_address>0xf5</run_address>
         <size>0xb9</size>
         <input_file_ref idref="fl-12f"/>
      </object_component>
      <object_component id="oc-6e">
         <name>.debug_str</name>
         <load_address>0x1ae</load_address>
         <run_address>0x1ae</run_address>
         <size>0xc5</size>
         <input_file_ref idref="fl-130"/>
      </object_component>
      <object_component id="oc-73">
         <name>.debug_str</name>
         <load_address>0x273</load_address>
         <run_address>0x273</run_address>
         <size>0x14f</size>
         <input_file_ref idref="fl-130"/>
      </object_component>
      <object_component id="oc-9b">
         <name>.debug_str</name>
         <load_address>0x3c2</load_address>
         <run_address>0x3c2</run_address>
         <size>0xba</size>
         <input_file_ref idref="fl-131"/>
      </object_component>
      <object_component id="oc-96">
         <name>.debug_str</name>
         <load_address>0x47c</load_address>
         <run_address>0x47c</run_address>
         <size>0xf8</size>
         <input_file_ref idref="fl-131"/>
      </object_component>
      <object_component id="oc-26">
         <name>.debug_pubtypes</name>
         <load_address>0x0</load_address>
         <run_address>0x0</run_address>
         <size>0xed</size>
         <input_file_ref idref="fl-4"/>
      </object_component>
      <object_component id="oc-5e">
         <name>.debug_pubtypes</name>
         <load_address>0xed</load_address>
         <run_address>0xed</run_address>
         <size>0x1f</size>
         <input_file_ref idref="fl-12b"/>
      </object_component>
      <object_component id="oc-8a">
         <name>.debug_pubtypes</name>
         <load_address>0x10c</load_address>
         <run_address>0x10c</run_address>
         <size>0x1f</size>
         <input_file_ref idref="fl-12e"/>
      </object_component>
      <object_component id="oc-7d">
         <name>.debug_pubtypes</name>
         <load_address>0x12b</load_address>
         <run_address>0x12b</run_address>
         <size>0x1b</size>
         <input_file_ref idref="fl-12f"/>
      </object_component>
      <object_component id="oc-6b">
         <name>.debug_pubtypes</name>
         <load_address>0x146</load_address>
         <run_address>0x146</run_address>
         <size>0x32</size>
         <input_file_ref idref="fl-130"/>
      </object_component>
      <object_component id="oc-70">
         <name>.debug_pubtypes</name>
         <load_address>0x178</load_address>
         <run_address>0x178</run_address>
         <size>0x50</size>
         <input_file_ref idref="fl-130"/>
      </object_component>
      <object_component id="oc-98">
         <name>.debug_pubtypes</name>
         <load_address>0x1c8</load_address>
         <run_address>0x1c8</run_address>
         <size>0x23</size>
         <input_file_ref idref="fl-131"/>
      </object_component>
      <object_component id="oc-93">
         <name>.debug_pubtypes</name>
         <load_address>0x1eb</load_address>
         <run_address>0x1eb</run_address>
         <size>0x1d</size>
         <input_file_ref idref="fl-131"/>
      </object_component>
   </object_component_list>
   <logical_group_list>
      <logical_group id="lg-4" display="no" color="cyan">
         <name>.intvecs</name>
         <load_address>0x0</load_address>
         <run_address>0x0</run_address>
         <size>0x144</size>
         <contents>
            <object_component_ref idref="oc-10"/>
         </contents>
      </logical_group>
      <logical_group id="lg-5" display="no" color="cyan">
         <name>.text</name>
         <load_address>0x144</load_address>
         <run_address>0x144</run_address>
         <size>0x3d8</size>
         <contents>
            <object_component_ref idref="oc-4f"/>
            <object_component_ref idref="oc-61"/>
            <object_component_ref idref="oc-14"/>
            <object_component_ref idref="oc-74"/>
            <object_component_ref idref="oc-30"/>
            <object_component_ref idref="oc-1d"/>
            <object_component_ref idref="oc-47"/>
            <object_component_ref idref="oc-3c"/>
            <object_component_ref idref="oc-36"/>
            <object_component_ref idref="oc-81"/>
            <object_component_ref idref="oc-2a"/>
         </contents>
      </logical_group>
      <logical_group id="lg-6" display="no" color="cyan">
         <name>.const</name>
         <run_address>0x0</run_address>
         <size>0x0</size>
         <contents>
         </contents>
      </logical_group>
      <logical_group id="lg-7" display="no" color="cyan">
         <name>.cinit</name>
         <run_address>0x0</run_address>
         <size>0x0</size>
         <contents>
         </contents>
      </logical_group>
      <logical_group id="lg-8" display="no" color="cyan">
         <name>.pinit</name>
         <run_address>0x0</run_address>
         <size>0x0</size>
         <contents>
         </contents>
      </logical_group>
      <logical_group id="lg-9" display="no" color="cyan">
         <name>.flashMailbox</name>
         <run_address>0x0</run_address>
         <size>0x0</size>
         <contents>
         </contents>
      </logical_group>
      <logical_group id="lg-a" display="no" color="cyan">
         <name>.vtable</name>
         <run_address>0x0</run_address>
         <size>0x0</size>
         <contents>
         </contents>
      </logical_group>
      <logical_group id="lg-d" display="no" color="cyan">
         <name>.sysmem</name>
         <run_address>0x0</run_address>
         <size>0x0</size>
         <contents>
         </contents>
      </logical_group>
      <logical_group id="lg-e" display="no" color="cyan">
         <name>.stack</name>
         <run_address>0x20010000</run_address>
         <size>0x0</size>
         <contents>
            <object_component_ref idref="oc-13"/>
            <object_component_ref idref="oc-c2"/>
         </contents>
      </logical_group>
      <logical_group id="lg-a1" display="no" color="cyan">
         <name>.TI.noinit</name>
         <run_address>0x0</run_address>
         <size>0x0</size>
         <contents>
         </contents>
      </logical_group>
      <logical_group id="lg-c" display="no" color="cyan">
         <name>.bss</name>
         <run_address>0x0</run_address>
         <size>0x0</size>
         <contents>
         </contents>
      </logical_group>
      <logical_group id="lg-a0" display="no" color="cyan">
         <name>BSS_GROUP</name>
         <run_address>0x0</run_address>
         <size>0x0</size>
         <contents>
            <logical_group_ref idref="lg-a1"/>
            <logical_group_ref idref="lg-c"/>
         </contents>
      </logical_group>
      <logical_group id="lg-a3" display="no" color="cyan">
         <name>.TI.persistent</name>
         <run_address>0x20000000</run_address>
         <size>0x0</size>
         <contents>
         </contents>
      </logical_group>
      <logical_group id="lg-b" display="no" color="cyan">
         <name>.data</name>
         <load_address>0x20000000</load_address>
         <run_address>0x20000000</run_address>
         <size>0x14</size>
         <contents>
            <object_component_ref idref="oc-56"/>
            <object_component_ref idref="oc-59"/>
            <object_component_ref idref="oc-42"/>
         </contents>
      </logical_group>
      <logical_group id="lg-a2" display="no" color="cyan">
         <name>DATA_GROUP</name>
         <load_address>0x20000000</load_address>
         <run_address>0x20000000</run_address>
         <size>0x14</size>
         <contents>
            <logical_group_ref idref="lg-a3"/>
            <logical_group_ref idref="lg-b"/>
         </contents>
      </logical_group>
      <logical_group id="lg-b1" display="never" color="cyan">
         <name>.debug_info</name>
         <load_address>0x0</load_address>
         <run_address>0x0</run_address>
         <size>0x34b6</size>
         <contents>
            <object_component_ref idref="oc-50"/>
            <object_component_ref idref="oc-75"/>
            <object_component_ref idref="oc-1c"/>
            <object_component_ref idref="oc-11"/>
            <object_component_ref idref="oc-15"/>
            <object_component_ref idref="oc-25"/>
            <object_component_ref idref="oc-1e"/>
            <object_component_ref idref="oc-5d"/>
            <object_component_ref idref="oc-5a"/>
            <object_component_ref idref="oc-3d"/>
            <object_component_ref idref="oc-2b"/>
            <object_component_ref idref="oc-43"/>
            <object_component_ref idref="oc-89"/>
            <object_component_ref idref="oc-57"/>
            <object_component_ref idref="oc-82"/>
            <object_component_ref idref="oc-55"/>
            <object_component_ref idref="oc-37"/>
            <object_component_ref idref="oc-7c"/>
            <object_component_ref idref="oc-4e"/>
            <object_component_ref idref="oc-31"/>
            <object_component_ref idref="oc-6a"/>
            <object_component_ref idref="oc-6f"/>
            <object_component_ref idref="oc-67"/>
            <object_component_ref idref="oc-48"/>
            <object_component_ref idref="oc-97"/>
            <object_component_ref idref="oc-92"/>
            <object_component_ref idref="oc-62"/>
            <object_component_ref idref="oc-c3"/>
         </contents>
      </logical_group>
      <logical_group id="lg-b3" display="never" color="cyan">
         <name>.debug_line</name>
         <load_address>0x0</load_address>
         <run_address>0x0</run_address>
         <size>0xdaa</size>
         <contents>
            <object_component_ref idref="oc-53"/>
            <object_component_ref idref="oc-78"/>
            <object_component_ref idref="oc-24"/>
            <object_component_ref idref="oc-1b"/>
            <object_component_ref idref="oc-18"/>
            <object_component_ref idref="oc-28"/>
            <object_component_ref idref="oc-21"/>
            <object_component_ref idref="oc-8e"/>
            <object_component_ref idref="oc-8c"/>
            <object_component_ref idref="oc-40"/>
            <object_component_ref idref="oc-2e"/>
            <object_component_ref idref="oc-60"/>
            <object_component_ref idref="oc-9f"/>
            <object_component_ref idref="oc-88"/>
            <object_component_ref idref="oc-85"/>
            <object_component_ref idref="oc-7b"/>
            <object_component_ref idref="oc-3a"/>
            <object_component_ref idref="oc-7f"/>
            <object_component_ref idref="oc-69"/>
            <object_component_ref idref="oc-34"/>
            <object_component_ref idref="oc-6d"/>
            <object_component_ref idref="oc-72"/>
            <object_component_ref idref="oc-91"/>
            <object_component_ref idref="oc-4b"/>
            <object_component_ref idref="oc-9a"/>
            <object_component_ref idref="oc-95"/>
            <object_component_ref idref="oc-65"/>
         </contents>
      </logical_group>
      <logical_group id="lg-b5" display="never" color="cyan">
         <name>.debug_abbrev</name>
         <load_address>0x0</load_address>
         <run_address>0x0</run_address>
         <size>0x989</size>
         <contents>
            <object_component_ref idref="oc-79"/>
            <object_component_ref idref="oc-9c"/>
            <object_component_ref idref="oc-23"/>
            <object_component_ref idref="oc-1a"/>
            <object_component_ref idref="oc-22"/>
            <object_component_ref idref="oc-27"/>
            <object_component_ref idref="oc-45"/>
            <object_component_ref idref="oc-8d"/>
            <object_component_ref idref="oc-8b"/>
            <object_component_ref idref="oc-5c"/>
            <object_component_ref idref="oc-46"/>
            <object_component_ref idref="oc-5f"/>
            <object_component_ref idref="oc-9e"/>
            <object_component_ref idref="oc-87"/>
            <object_component_ref idref="oc-9d"/>
            <object_component_ref idref="oc-7a"/>
            <object_component_ref idref="oc-54"/>
            <object_component_ref idref="oc-7e"/>
            <object_component_ref idref="oc-68"/>
            <object_component_ref idref="oc-4d"/>
            <object_component_ref idref="oc-6c"/>
            <object_component_ref idref="oc-71"/>
            <object_component_ref idref="oc-90"/>
            <object_component_ref idref="oc-66"/>
            <object_component_ref idref="oc-99"/>
            <object_component_ref idref="oc-94"/>
            <object_component_ref idref="oc-8f"/>
            <object_component_ref idref="oc-c4"/>
         </contents>
      </logical_group>
      <logical_group id="lg-b7" display="never" color="cyan">
         <name>.debug_aranges</name>
         <load_address>0x0</load_address>
         <run_address>0x0</run_address>
         <size>0x338</size>
         <contents>
            <object_component_ref idref="oc-51"/>
            <object_component_ref idref="oc-76"/>
            <object_component_ref idref="oc-16"/>
            <object_component_ref idref="oc-1f"/>
            <object_component_ref idref="oc-3e"/>
            <object_component_ref idref="oc-2c"/>
            <object_component_ref idref="oc-83"/>
            <object_component_ref idref="oc-38"/>
            <object_component_ref idref="oc-32"/>
            <object_component_ref idref="oc-49"/>
            <object_component_ref idref="oc-63"/>
         </contents>
      </logical_group>
      <logical_group id="lg-b9" display="never" color="cyan">
         <name>.debug_pubnames</name>
         <load_address>0x0</load_address>
         <run_address>0x0</run_address>
         <size>0x6c3</size>
         <contents>
            <object_component_ref idref="oc-52"/>
            <object_component_ref idref="oc-77"/>
            <object_component_ref idref="oc-12"/>
            <object_component_ref idref="oc-17"/>
            <object_component_ref idref="oc-20"/>
            <object_component_ref idref="oc-5b"/>
            <object_component_ref idref="oc-3f"/>
            <object_component_ref idref="oc-2d"/>
            <object_component_ref idref="oc-44"/>
            <object_component_ref idref="oc-58"/>
            <object_component_ref idref="oc-84"/>
            <object_component_ref idref="oc-39"/>
            <object_component_ref idref="oc-33"/>
            <object_component_ref idref="oc-4a"/>
            <object_component_ref idref="oc-64"/>
         </contents>
      </logical_group>
      <logical_group id="lg-bb" display="never" color="cyan">
         <name>.debug_frame</name>
         <load_address>0x0</load_address>
         <run_address>0x0</run_address>
         <size>0x76e</size>
         <contents>
            <object_component_ref idref="oc-19"/>
            <object_component_ref idref="oc-41"/>
            <object_component_ref idref="oc-2f"/>
            <object_component_ref idref="oc-86"/>
            <object_component_ref idref="oc-3b"/>
            <object_component_ref idref="oc-35"/>
            <object_component_ref idref="oc-4c"/>
         </contents>
      </logical_group>
      <logical_group id="lg-bd" display="never" color="cyan">
         <name>.debug_str</name>
         <load_address>0x0</load_address>
         <run_address>0x0</run_address>
         <size>0x574</size>
         <contents>
            <object_component_ref idref="oc-29"/>
            <object_component_ref idref="oc-80"/>
            <object_component_ref idref="oc-6e"/>
            <object_component_ref idref="oc-73"/>
            <object_component_ref idref="oc-9b"/>
            <object_component_ref idref="oc-96"/>
         </contents>
      </logical_group>
      <logical_group id="lg-bf" display="never" color="cyan">
         <name>.debug_pubtypes</name>
         <load_address>0x0</load_address>
         <run_address>0x0</run_address>
         <size>0x208</size>
         <contents>
            <object_component_ref idref="oc-26"/>
            <object_component_ref idref="oc-5e"/>
            <object_component_ref idref="oc-8a"/>
            <object_component_ref idref="oc-7d"/>
            <object_component_ref idref="oc-6b"/>
            <object_component_ref idref="oc-70"/>
            <object_component_ref idref="oc-98"/>
            <object_component_ref idref="oc-93"/>
         </contents>
      </logical_group>
      <load_segment id="lg-c7" display="no" color="cyan">
         <name>SEGMENT_0</name>
         <load_address>0x0</load_address>
         <run_address>0x0</run_address>
         <size>0x51c</size>
         <flags>0x5</flags>
         <contents>
            <logical_group_ref idref="lg-4"/>
            <logical_group_ref idref="lg-5"/>
         </contents>
      </load_segment>
      <load_segment id="lg-c8" display="no" color="cyan">
         <name>SEGMENT_1</name>
         <load_address>0x20000000</load_address>
         <run_address>0x20000000</run_address>
         <size>0x14</size>
         <flags>0x6</flags>
         <contents>
            <logical_group_ref idref="lg-b"/>
         </contents>
      </load_segment>
   </logical_group_list>
   <placement_map>
      <memory_area display="yes" color="green">
         <name>MAIN</name>
         <page_id>0x0</page_id>
         <origin>0x0</origin>
         <length>0x40000</length>
         <used_space>0x51c</used_space>
         <unused_space>0x3fae4</unused_space>
         <attributes>RX</attributes>
         <usage_details>
            <allocated_space>
               <start_address>0x0</start_address>
               <size>0x144</size>
               <logical_group_ref idref="lg-4"/>
            </allocated_space>
            <allocated_space>
               <start_address>0x144</start_address>
               <size>0x3d8</size>
               <logical_group_ref idref="lg-5"/>
            </allocated_space>
            <available_space>
               <start_address>0x51c</start_address>
               <size>0x3fae4</size>
            </available_space>
         </usage_details>
      </memory_area>
      <memory_area display="yes" color="green">
         <name>INFO</name>
         <page_id>0x0</page_id>
         <origin>0x200000</origin>
         <length>0x4000</length>
         <used_space>0x0</used_space>
         <unused_space>0x4000</unused_space>
         <attributes>RX</attributes>
         <usage_details>
         </usage_details>
      </memory_area>
      <memory_area display="yes" color="green">
         <name>SRAM_CODE</name>
         <page_id>0x0</page_id>
         <origin>0x1000000</origin>
         <length>0x10000</length>
         <used_space>0x0</used_space>
         <unused_space>0x10000</unused_space>
         <attributes>RWX</attributes>
         <usage_details>
         </usage_details>
      </memory_area>
      <memory_area display="yes" color="green">
         <name>SRAM_DATA</name>
         <page_id>0x0</page_id>
         <origin>0x20000000</origin>
         <length>0x10000</length>
         <used_space>0x14</used_space>
         <unused_space>0xffec</unused_space>
         <attributes>RW</attributes>
         <usage_details>
            <allocated_space>
               <start_address>0x20000000</start_address>
               <size>0x14</size>
               <logical_group_ref idref="lg-a2"/>
            </allocated_space>
            <available_space>
               <start_address>0x20000014</start_address>
               <size>0xffec</size>
            </available_space>
            <allocated_space>
               <start_address>0x20010000</start_address>
               <size>0x0</size>
               <logical_group_ref idref="lg-e"/>
            </allocated_space>
         </usage_details>
      </memory_area>
   </placement_map>
   <symbol_table>
      <symbol id="sm-1">
         <name>WDTCTL_SYM</name>
         <value>0x4000480c</value>
      </symbol>
      <symbol id="sm-2">
         <name>binit</name>
         <value>0xffffffff</value>
      </symbol>
      <symbol id="sm-3">
         <name>__binit__</name>
         <value>0xffffffff</value>
      </symbol>
      <symbol id="sm-4">
         <name>__STACK_SIZE</name>
         <value>0x0</value>
      </symbol>
      <symbol id="sm-5">
         <name>__STACK_END</name>
         <value>0x20010000</value>
      </symbol>
      <symbol id="sm-6">
         <name>__c_args__</name>
         <value>0xffffffff</value>
      </symbol>
      <symbol id="sm-7">
         <name>__TI_static_base__</name>
         <value>0x0</value>
      </symbol>
      <symbol id="sm-33">
         <name>main</name>
         <value>0x189</value>
         <object_component_ref idref="oc-4f"/>
      </symbol>
      <symbol id="sm-47">
         <name>SysTick_Wait</name>
         <value>0x363</value>
         <object_component_ref idref="oc-74"/>
      </symbol>
      <symbol id="sm-48">
         <name>SysTick_Wait10ms</name>
         <value>0x389</value>
         <object_component_ref idref="oc-74"/>
      </symbol>
      <symbol id="sm-49">
         <name>SysTick_Init</name>
         <value>0x339</value>
         <object_component_ref idref="oc-74"/>
      </symbol>
      <symbol id="sm-ce">
         <name>T32_INT2_IRQHandler</name>
         <value>0x2e5</value>
         <object_component_ref idref="oc-14"/>
      </symbol>
      <symbol id="sm-cf">
         <name>PendSV_Handler</name>
         <value>0x2ad</value>
         <object_component_ref idref="oc-14"/>
      </symbol>
      <symbol id="sm-d0">
         <name>SysTick_Handler</name>
         <value>0x2af</value>
         <object_component_ref idref="oc-14"/>
      </symbol>
      <symbol id="sm-d1">
         <name>EUSCIA3_IRQHandler</name>
         <value>0x2d7</value>
         <object_component_ref idref="oc-14"/>
      </symbol>
      <symbol id="sm-d2">
         <name>SVC_Handler</name>
         <value>0x2a9</value>
         <object_component_ref idref="oc-14"/>
      </symbol>
      <symbol id="sm-d3">
         <name>EUSCIB1_IRQHandler</name>
         <value>0x2db</value>
         <object_component_ref idref="oc-14"/>
      </symbol>
      <symbol id="sm-d4">
         <name>PORT4_IRQHandler</name>
         <value>0x2fd</value>
         <object_component_ref idref="oc-14"/>
      </symbol>
      <symbol id="sm-d5">
         <name>AES256_IRQHandler</name>
         <value>0x2e9</value>
         <object_component_ref idref="oc-14"/>
      </symbol>
      <symbol id="sm-d6">
         <name>FPU_IRQHandler</name>
         <value>0x2b9</value>
         <object_component_ref idref="oc-14"/>
      </symbol>
      <symbol id="sm-d7">
         <name>EUSCIB2_IRQHandler</name>
         <value>0x2dd</value>
         <object_component_ref idref="oc-14"/>
      </symbol>
      <symbol id="sm-d8">
         <name>PORT1_IRQHandler</name>
         <value>0x2f7</value>
         <object_component_ref idref="oc-14"/>
      </symbol>
      <symbol id="sm-d9">
         <name>RTC_C_IRQHandler</name>
         <value>0x2eb</value>
         <object_component_ref idref="oc-14"/>
      </symbol>
      <symbol id="sm-da">
         <name>TA2_0_IRQHandler</name>
         <value>0x2c9</value>
         <object_component_ref idref="oc-14"/>
      </symbol>
      <symbol id="sm-db">
         <name>TA3_N_IRQHandler</name>
         <value>0x2cf</value>
         <object_component_ref idref="oc-14"/>
      </symbol>
      <symbol id="sm-dc">
         <name>DMA_INT3_IRQHandler</name>
         <value>0x2ef</value>
         <object_component_ref idref="oc-14"/>
      </symbol>
      <symbol id="sm-dd">
         <name>PORT2_IRQHandler</name>
         <value>0x2f9</value>
         <object_component_ref idref="oc-14"/>
      </symbol>
      <symbol id="sm-de">
         <name>StartCritical</name>
         <value>0x30f</value>
         <object_component_ref idref="oc-14"/>
      </symbol>
      <symbol id="sm-df">
         <name>TA0_0_IRQHandler</name>
         <value>0x2c1</value>
         <object_component_ref idref="oc-14"/>
      </symbol>
      <symbol id="sm-e0">
         <name>PSS_IRQHandler</name>
         <value>0x2b1</value>
         <object_component_ref idref="oc-14"/>
      </symbol>
      <symbol id="sm-e1">
         <name>TA1_N_IRQHandler</name>
         <value>0x2c7</value>
         <object_component_ref idref="oc-14"/>
      </symbol>
      <symbol id="sm-e2">
         <name>EUSCIA1_IRQHandler</name>
         <value>0x2d3</value>
         <object_component_ref idref="oc-14"/>
      </symbol>
      <symbol id="sm-e3">
         <name>EUSCIA2_IRQHandler</name>
         <value>0x2d5</value>
         <object_component_ref idref="oc-14"/>
      </symbol>
      <symbol id="sm-e4">
         <name>COMP_E0_IRQHandler</name>
         <value>0x2bd</value>
         <object_component_ref idref="oc-14"/>
      </symbol>
      <symbol id="sm-e5">
         <name>WDT_A_IRQHandler</name>
         <value>0x2b7</value>
         <object_component_ref idref="oc-14"/>
      </symbol>
      <symbol id="sm-e6">
         <name>EUSCIB0_IRQHandler</name>
         <value>0x2d9</value>
         <object_component_ref idref="oc-14"/>
      </symbol>
      <symbol id="sm-e7">
         <name>FLCTL_IRQHandler</name>
         <value>0x2bb</value>
         <object_component_ref idref="oc-14"/>
      </symbol>
      <symbol id="sm-e8">
         <name>EndCritical</name>
         <value>0x319</value>
         <object_component_ref idref="oc-14"/>
      </symbol>
      <symbol id="sm-e9">
         <name>DMA_INT1_IRQHandler</name>
         <value>0x2f3</value>
         <object_component_ref idref="oc-14"/>
      </symbol>
      <symbol id="sm-ea">
         <name>PCM_IRQHandler</name>
         <value>0x2b5</value>
         <object_component_ref idref="oc-14"/>
      </symbol>
      <symbol id="sm-eb">
         <name>ADC14_IRQHandler</name>
         <value>0x2e1</value>
         <object_component_ref idref="oc-14"/>
      </symbol>
      <symbol id="sm-ec">
         <name>T32_INTC_IRQHandler</name>
         <value>0x2e7</value>
         <object_component_ref idref="oc-14"/>
      </symbol>
      <symbol id="sm-ed">
         <name>DMA_INT2_IRQHandler</name>
         <value>0x2f1</value>
         <object_component_ref idref="oc-14"/>
      </symbol>
      <symbol id="sm-ee">
         <name>TA3_0_IRQHandler</name>
         <value>0x2cd</value>
         <object_component_ref idref="oc-14"/>
      </symbol>
      <symbol id="sm-ef">
         <name>EUSCIA0_IRQHandler</name>
         <value>0x2d1</value>
         <object_component_ref idref="oc-14"/>
      </symbol>
      <symbol id="sm-f0">
         <name>DMA_ERR_IRQHandler</name>
         <value>0x2ed</value>
         <object_component_ref idref="oc-14"/>
      </symbol>
      <symbol id="sm-f1">
         <name>DisableInterrupts</name>
         <value>0x303</value>
         <object_component_ref idref="oc-14"/>
      </symbol>
      <symbol id="sm-f2">
         <name>PORT5_IRQHandler</name>
         <value>0x2ff</value>
         <object_component_ref idref="oc-14"/>
      </symbol>
      <symbol id="sm-f3">
         <name>TA1_0_IRQHandler</name>
         <value>0x2c5</value>
         <object_component_ref idref="oc-14"/>
      </symbol>
      <symbol id="sm-f4">
         <name>TA2_N_IRQHandler</name>
         <value>0x2cb</value>
         <object_component_ref idref="oc-14"/>
      </symbol>
      <symbol id="sm-f5">
         <name>COMP_E1_IRQHandler</name>
         <value>0x2bf</value>
         <object_component_ref idref="oc-14"/>
      </symbol>
      <symbol id="sm-f6">
         <name>EUSCIB3_IRQHandler</name>
         <value>0x2df</value>
         <object_component_ref idref="oc-14"/>
      </symbol>
      <symbol id="sm-f7">
         <name>WaitForInterrupt</name>
         <value>0x321</value>
         <object_component_ref idref="oc-14"/>
      </symbol>
      <symbol id="sm-f8">
         <name>interruptVectors</name>
         <value>0x0</value>
         <object_component_ref idref="oc-10"/>
      </symbol>
      <symbol id="sm-f9">
         <name>EnableInterrupts</name>
         <value>0x309</value>
         <object_component_ref idref="oc-14"/>
      </symbol>
      <symbol id="sm-fa">
         <name>PORT6_IRQHandler</name>
         <value>0x301</value>
         <object_component_ref idref="oc-14"/>
      </symbol>
      <symbol id="sm-fb">
         <name>TA0_N_IRQHandler</name>
         <value>0x2c3</value>
         <object_component_ref idref="oc-14"/>
      </symbol>
      <symbol id="sm-fc">
         <name>T32_INT1_IRQHandler</name>
         <value>0x2e3</value>
         <object_component_ref idref="oc-14"/>
      </symbol>
      <symbol id="sm-fd">
         <name>DebugMon_Handler</name>
         <value>0x2ab</value>
         <object_component_ref idref="oc-14"/>
      </symbol>
      <symbol id="sm-fe">
         <name>DMA_INT0_IRQHandler</name>
         <value>0x2f5</value>
         <object_component_ref idref="oc-14"/>
      </symbol>
      <symbol id="sm-ff">
         <name>PORT3_IRQHandler</name>
         <value>0x2fb</value>
         <object_component_ref idref="oc-14"/>
      </symbol>
      <symbol id="sm-100">
         <name>CS_IRQHandler</name>
         <value>0x2b3</value>
         <object_component_ref idref="oc-14"/>
      </symbol>
      <symbol id="sm-113">
         <name>_c_int00</name>
         <value>0x40d</value>
         <object_component_ref idref="oc-1d"/>
      </symbol>
      <symbol id="sm-114">
         <name>__stack</name>
         <value>0x20010000</value>
         <object_component_ref idref="oc-13"/>
      </symbol>
      <symbol id="sm-133">
         <name>C$$EXIT</name>
         <value>0x4a9</value>
         <object_component_ref idref="oc-3c"/>
      </symbol>
      <symbol id="sm-134">
         <name>abort</name>
         <value>0x4ad</value>
         <object_component_ref idref="oc-3c"/>
      </symbol>
      <symbol id="sm-135">
         <name>exit</name>
         <value>0x4b5</value>
         <object_component_ref idref="oc-3c"/>
      </symbol>
      <symbol id="sm-136">
         <name>__TI_dtors_ptr</name>
         <value>0x2000000c</value>
         <object_component_ref idref="oc-59"/>
      </symbol>
      <symbol id="sm-137">
         <name>__TI_cleanup_ptr</name>
         <value>0x20000008</value>
         <object_component_ref idref="oc-59"/>
      </symbol>
      <symbol id="sm-141">
         <name>_system_pre_init</name>
         <value>0x519</value>
         <object_component_ref idref="oc-2a"/>
      </symbol>
      <symbol id="sm-149">
         <name>main_func_sp</name>
         <value>0x20000010</value>
         <object_component_ref idref="oc-42"/>
      </symbol>
      <symbol id="sm-162">
         <name>_nop</name>
         <value>0x513</value>
         <object_component_ref idref="oc-81"/>
      </symbol>
      <symbol id="sm-163">
         <name>_lock</name>
         <value>0x20000000</value>
         <object_component_ref idref="oc-56"/>
      </symbol>
      <symbol id="sm-164">
         <name>_unlock</name>
         <value>0x20000004</value>
         <object_component_ref idref="oc-56"/>
      </symbol>
      <symbol id="sm-165">
         <name>_register_lock</name>
         <value>0x50b</value>
         <object_component_ref idref="oc-81"/>
      </symbol>
      <symbol id="sm-166">
         <name>_register_unlock</name>
         <value>0x505</value>
         <object_component_ref idref="oc-81"/>
      </symbol>
      <symbol id="sm-17b">
         <name>_args_main</name>
         <value>0x4ed</value>
         <object_component_ref idref="oc-36"/>
      </symbol>
      <symbol id="sm-1a1">
         <name>__TI_auto_init</name>
         <value>0x3a1</value>
         <object_component_ref idref="oc-30"/>
      </symbol>
      <symbol id="sm-1c0">
         <name>copy_in</name>
         <value>0x45d</value>
         <object_component_ref idref="oc-47"/>
      </symbol>
      <symbol id="sm-1db">
         <name>memcpy</name>
         <value>0x1ef</value>
         <object_component_ref idref="oc-61"/>
      </symbol>
      <symbol id="sm-1dc">
         <name>__aeabi_memcpy</name>
         <value>0x1ef</value>
         <object_component_ref idref="oc-61"/>
      </symbol>
      <symbol id="sm-1dd">
         <name>__aeabi_memcpy8</name>
         <value>0x1ef</value>
         <object_component_ref idref="oc-61"/>
      </symbol>
      <symbol id="sm-1de">
         <name>__aeabi_memcpy4</name>
         <value>0x1ef</value>
         <object_component_ref idref="oc-61"/>
      </symbol>
      <symbol id="sm-1df">
         <name>__TI_Handler_Table_Base</name>
         <value>0x0</value>
      </symbol>
      <symbol id="sm-1e0">
         <name>__TI_Handler_Table_Limit</name>
         <value>0x0</value>
      </symbol>
      <symbol id="sm-1e1">
         <name>__TI_CINIT_Limit</name>
         <value>0x0</value>
      </symbol>
      <symbol id="sm-1e2">
         <name>__TI_CINIT_Base</name>
         <value>0x0</value>
      </symbol>
      <symbol id="sm-1e3">
         <name>SHT$$INIT_ARRAY$$Limit</name>
         <value>0x0</value>
      </symbol>
      <symbol id="sm-1e4">
         <name>SHT$$INIT_ARRAY$$Base</name>
         <value>0x0</value>
      </symbol>
   </symbol_table>
   <title>Link successful</title>
</link_info>
