<?xml version="1.0"?>
<link_info>
   <banner>TI ARM Linker PC v5.2.4</banner>
   <copyright>Copyright (c) 1996-2015 Texas Instruments Incorporated</copyright>
   <link_time>0x575f206e</link_time>
   <link_errors>0x0</link_errors>
   <output_file>EdgeInterrupt_MSP432.out</output_file>
   <entry_point>
      <name>_c_int00</name>
      <address>0x591</address>
   </entry_point>
   <input_file_list>
      <input_file id="fl-2">
         <path>.\</path>
         <kind>object</kind>
         <file>EdgeInterrupt.obj</file>
         <name>EdgeInterrupt.obj</name>
      </input_file>
      <input_file id="fl-3">
         <path>.\</path>
         <kind>object</kind>
         <file>msp432_startup_ccs.obj</file>
         <name>msp432_startup_ccs.obj</name>
      </input_file>
      <input_file id="fl-129">
         <path>C:\ti\ccsv6\tools\compiler\ti-cgt-arm_5.2.4\lib\</path>
         <kind>archive</kind>
         <file>rtsv7M4_T_le_v4SPD16_eabi.lib</file>
         <name>boot.obj</name>
      </input_file>
      <input_file id="fl-12a">
         <path>C:\ti\ccsv6\tools\compiler\ti-cgt-arm_5.2.4\lib\</path>
         <kind>archive</kind>
         <file>rtsv7M4_T_le_v4SPD16_eabi.lib</file>
         <name>copy_decompress_none.obj</name>
      </input_file>
      <input_file id="fl-12b">
         <path>C:\ti\ccsv6\tools\compiler\ti-cgt-arm_5.2.4\lib\</path>
         <kind>archive</kind>
         <file>rtsv7M4_T_le_v4SPD16_eabi.lib</file>
         <name>copy_decompress_rle.obj</name>
      </input_file>
      <input_file id="fl-12c">
         <path>C:\ti\ccsv6\tools\compiler\ti-cgt-arm_5.2.4\lib\</path>
         <kind>archive</kind>
         <file>rtsv7M4_T_le_v4SPD16_eabi.lib</file>
         <name>copy_zero_init.obj</name>
      </input_file>
      <input_file id="fl-12d">
         <path>C:\ti\ccsv6\tools\compiler\ti-cgt-arm_5.2.4\lib\</path>
         <kind>archive</kind>
         <file>rtsv7M4_T_le_v4SPD16_eabi.lib</file>
         <name>exit.obj</name>
      </input_file>
      <input_file id="fl-12e">
         <path>C:\ti\ccsv6\tools\compiler\ti-cgt-arm_5.2.4\lib\</path>
         <kind>archive</kind>
         <file>rtsv7M4_T_le_v4SPD16_eabi.lib</file>
         <name>memcpy_t2.obj</name>
      </input_file>
      <input_file id="fl-12f">
         <path>C:\ti\ccsv6\tools\compiler\ti-cgt-arm_5.2.4\lib\</path>
         <kind>archive</kind>
         <file>rtsv7M4_T_le_v4SPD16_eabi.lib</file>
         <name>memset_t2.obj</name>
      </input_file>
      <input_file id="fl-130">
         <path>C:\ti\ccsv6\tools\compiler\ti-cgt-arm_5.2.4\lib\</path>
         <kind>archive</kind>
         <file>rtsv7M4_T_le_v4SPD16_eabi.lib</file>
         <name>pre_init.obj</name>
      </input_file>
      <input_file id="fl-131">
         <path>C:\ti\ccsv6\tools\compiler\ti-cgt-arm_5.2.4\lib\</path>
         <kind>archive</kind>
         <file>rtsv7M4_T_le_v4SPD16_eabi.lib</file>
         <name>stkdepth_vars.obj</name>
      </input_file>
      <input_file id="fl-132">
         <path>C:\ti\ccsv6\tools\compiler\ti-cgt-arm_5.2.4\lib\</path>
         <kind>archive</kind>
         <file>rtsv7M4_T_le_v4SPD16_eabi.lib</file>
         <name>_lock.obj</name>
      </input_file>
      <input_file id="fl-133">
         <path>C:\ti\ccsv6\tools\compiler\ti-cgt-arm_5.2.4\lib\</path>
         <kind>archive</kind>
         <file>rtsv7M4_T_le_v4SPD16_eabi.lib</file>
         <name>args_main.obj</name>
      </input_file>
      <input_file id="fl-134">
         <path>C:\ti\ccsv6\tools\compiler\ti-cgt-arm_5.2.4\lib\</path>
         <kind>archive</kind>
         <file>rtsv7M4_T_le_v4SPD16_eabi.lib</file>
         <name>autoinit.obj</name>
      </input_file>
      <input_file id="fl-135">
         <path>C:\ti\ccsv6\tools\compiler\ti-cgt-arm_5.2.4\lib\</path>
         <kind>archive</kind>
         <file>rtsv7M4_T_le_v4SPD16_eabi.lib</file>
         <name>cpy_tbl.obj</name>
      </input_file>
   </input_file_list>
   <object_component_list>
      <object_component id="oc-10">
         <name>.intvecs</name>
         <load_address>0x0</load_address>
         <run_address>0x0</run_address>
         <size>0x144</size>
         <input_file_ref idref="fl-3"/>
      </object_component>
      <object_component id="oc-31">
         <name>.text</name>
         <load_address>0x144</load_address>
         <run_address>0x144</run_address>
         <size>0x1c4</size>
         <input_file_ref idref="fl-2"/>
      </object_component>
      <object_component id="oc-3a">
         <name>.text</name>
         <load_address>0x308</load_address>
         <run_address>0x308</run_address>
         <size>0x9c</size>
         <input_file_ref idref="fl-12e"/>
      </object_component>
      <object_component id="oc-2b">
         <name>.text</name>
         <load_address>0x3a4</load_address>
         <run_address>0x3a4</run_address>
         <size>0x9a</size>
         <input_file_ref idref="fl-3"/>
      </object_component>
      <object_component id="oc-53">
         <name>.text</name>
         <load_address>0x43e</load_address>
         <run_address>0x43e</run_address>
         <size>0x7a</size>
         <input_file_ref idref="fl-12f"/>
      </object_component>
      <object_component id="oc-65">
         <name>.text</name>
         <load_address>0x4b8</load_address>
         <run_address>0x4b8</run_address>
         <size>0x6c</size>
         <input_file_ref idref="fl-134"/>
      </object_component>
      <object_component id="oc-46">
         <name>.text</name>
         <load_address>0x524</load_address>
         <run_address>0x524</run_address>
         <size>0x6a</size>
         <input_file_ref idref="fl-12b"/>
      </object_component>
      <object_component id="oc-25">
         <name>.text</name>
         <load_address>0x590</load_address>
         <run_address>0x590</run_address>
         <size>0x50</size>
         <input_file_ref idref="fl-129"/>
      </object_component>
      <object_component id="oc-a0">
         <name>.text</name>
         <load_address>0x5e0</load_address>
         <run_address>0x5e0</run_address>
         <size>0x4c</size>
         <input_file_ref idref="fl-135"/>
      </object_component>
      <object_component id="oc-71">
         <name>.text</name>
         <load_address>0x62c</load_address>
         <run_address>0x62c</run_address>
         <size>0x44</size>
         <input_file_ref idref="fl-12d"/>
      </object_component>
      <object_component id="oc-6b">
         <name>.text</name>
         <load_address>0x670</load_address>
         <run_address>0x670</run_address>
         <size>0x18</size>
         <input_file_ref idref="fl-133"/>
      </object_component>
      <object_component id="oc-cd">
         <name>.text</name>
         <load_address>0x688</load_address>
         <run_address>0x688</run_address>
         <size>0x14</size>
         <input_file_ref idref="fl-132"/>
      </object_component>
      <object_component id="oc-13">
         <name>.text:decompress:none</name>
         <load_address>0x69c</load_address>
         <run_address>0x69c</run_address>
         <size>0xe</size>
         <input_file_ref idref="fl-12a"/>
      </object_component>
      <object_component id="oc-19">
         <name>.text:decompress:rle24</name>
         <load_address>0x6aa</load_address>
         <run_address>0x6aa</run_address>
         <size>0x6</size>
         <input_file_ref idref="fl-12b"/>
      </object_component>
      <object_component id="oc-5f">
         <name>.text</name>
         <load_address>0x6b0</load_address>
         <run_address>0x6b0</run_address>
         <size>0x4</size>
         <input_file_ref idref="fl-130"/>
      </object_component>
      <object_component id="oc-10f">
         <name>.cinit..data.load</name>
         <load_address>0x6b8</load_address>
         <run_address>0x6b8</run_address>
         <size>0xf</size>
      </object_component>
      <object_component id="oc-10d">
         <name>__TI_handler_table</name>
         <load_address>0x6c8</load_address>
         <run_address>0x6c8</run_address>
         <size>0x8</size>
      </object_component>
      <object_component id="oc-10e">
         <name>__TI_cinit_table</name>
         <load_address>0x6d0</load_address>
         <run_address>0x6d0</run_address>
         <size>0x8</size>
      </object_component>
      <object_component id="oc-2a">
         <name>.stack</name>
         <uninitialized>true</uninitialized>
         <run_address>0x2000fe00</run_address>
         <size>0x0</size>
         <input_file_ref idref="fl-129"/>
      </object_component>
      <object_component id="oc-110">
         <name>.stack</name>
         <uninitialized>true</uninitialized>
         <run_address>0x2000fe00</run_address>
         <size>0x0</size>
      </object_component>
      <object_component id="oc-7c">
         <name>.data</name>
         <load_address>0x20000010</load_address>
         <run_address>0x20000010</run_address>
         <size>0x4</size>
         <input_file_ref idref="fl-2"/>
      </object_component>
      <object_component id="oc-ad">
         <name>.data</name>
         <load_address>0x20000008</load_address>
         <run_address>0x20000008</run_address>
         <size>0x8</size>
         <input_file_ref idref="fl-12d"/>
      </object_component>
      <object_component id="oc-77">
         <name>.data</name>
         <load_address>0x20000014</load_address>
         <run_address>0x20000014</run_address>
         <size>0x4</size>
         <input_file_ref idref="fl-131"/>
      </object_component>
      <object_component id="oc-aa">
         <name>.data</name>
         <load_address>0x20000000</load_address>
         <run_address>0x20000000</run_address>
         <size>0x8</size>
         <input_file_ref idref="fl-132"/>
      </object_component>
      <object_component id="oc-b7">
         <name>.debug_info</name>
         <load_address>0x0</load_address>
         <run_address>0x0</run_address>
         <size>0x379</size>
         <input_file_ref idref="fl-2"/>
      </object_component>
      <object_component id="oc-7d">
         <name>.debug_info</name>
         <load_address>0x379</load_address>
         <run_address>0x379</run_address>
         <size>0xe9</size>
         <input_file_ref idref="fl-2"/>
      </object_component>
      <object_component id="oc-32">
         <name>.debug_info</name>
         <load_address>0x462</load_address>
         <run_address>0x462</run_address>
         <size>0x33e</size>
         <input_file_ref idref="fl-2"/>
      </object_component>
      <object_component id="oc-dd">
         <name>.debug_info</name>
         <load_address>0x7a0</load_address>
         <run_address>0x7a0</run_address>
         <size>0x103e</size>
         <input_file_ref idref="fl-2"/>
      </object_component>
      <object_component id="oc-85">
         <name>.debug_info</name>
         <load_address>0x17de</load_address>
         <run_address>0x17de</run_address>
         <size>0x84</size>
         <input_file_ref idref="fl-2"/>
      </object_component>
      <object_component id="oc-80">
         <name>.debug_info</name>
         <load_address>0x1862</load_address>
         <run_address>0x1862</run_address>
         <size>0x18b</size>
         <input_file_ref idref="fl-2"/>
      </object_component>
      <object_component id="oc-39">
         <name>.debug_info</name>
         <load_address>0x19ed</load_address>
         <run_address>0x19ed</run_address>
         <size>0x109</size>
         <input_file_ref idref="fl-3"/>
      </object_component>
      <object_component id="oc-11">
         <name>.debug_info</name>
         <load_address>0x1af6</load_address>
         <run_address>0x1af6</run_address>
         <size>0xf6</size>
         <input_file_ref idref="fl-3"/>
      </object_component>
      <object_component id="oc-2c">
         <name>.debug_info</name>
         <load_address>0x1bec</load_address>
         <run_address>0x1bec</run_address>
         <size>0x16a2</size>
         <input_file_ref idref="fl-3"/>
      </object_component>
      <object_component id="oc-26">
         <name>.debug_info</name>
         <load_address>0x328e</load_address>
         <run_address>0x328e</run_address>
         <size>0x136</size>
         <input_file_ref idref="fl-129"/>
      </object_component>
      <object_component id="oc-45">
         <name>.debug_info</name>
         <load_address>0x33c4</load_address>
         <run_address>0x33c4</run_address>
         <size>0x123</size>
         <input_file_ref idref="fl-12a"/>
      </object_component>
      <object_component id="oc-16">
         <name>.debug_info</name>
         <load_address>0x34e7</load_address>
         <run_address>0x34e7</run_address>
         <size>0x1c2</size>
         <input_file_ref idref="fl-12a"/>
      </object_component>
      <object_component id="oc-40">
         <name>.debug_info</name>
         <load_address>0x36a9</load_address>
         <run_address>0x36a9</run_address>
         <size>0x46</size>
         <input_file_ref idref="fl-12a"/>
      </object_component>
      <object_component id="oc-8d">
         <name>.debug_info</name>
         <load_address>0x36ef</load_address>
         <run_address>0x36ef</run_address>
         <size>0x2c</size>
         <input_file_ref idref="fl-12a"/>
      </object_component>
      <object_component id="oc-4d">
         <name>.debug_info</name>
         <load_address>0x371b</load_address>
         <run_address>0x371b</run_address>
         <size>0x117</size>
         <input_file_ref idref="fl-12b"/>
      </object_component>
      <object_component id="oc-47">
         <name>.debug_info</name>
         <load_address>0x3832</load_address>
         <run_address>0x3832</run_address>
         <size>0x22a</size>
         <input_file_ref idref="fl-12b"/>
      </object_component>
      <object_component id="oc-1b">
         <name>.debug_info</name>
         <load_address>0x3a5c</load_address>
         <run_address>0x3a5c</run_address>
         <size>0x194</size>
         <input_file_ref idref="fl-12b"/>
      </object_component>
      <object_component id="oc-4e">
         <name>.debug_info</name>
         <load_address>0x3bf0</load_address>
         <run_address>0x3bf0</run_address>
         <size>0x39</size>
         <input_file_ref idref="fl-12b"/>
      </object_component>
      <object_component id="oc-97">
         <name>.debug_info</name>
         <load_address>0x3c29</load_address>
         <run_address>0x3c29</run_address>
         <size>0x2c</size>
         <input_file_ref idref="fl-12b"/>
      </object_component>
      <object_component id="oc-b1">
         <name>.debug_info</name>
         <load_address>0x3c55</load_address>
         <run_address>0x3c55</run_address>
         <size>0x174</size>
         <input_file_ref idref="fl-12d"/>
      </object_component>
      <object_component id="oc-ae">
         <name>.debug_info</name>
         <load_address>0x3dc9</load_address>
         <run_address>0x3dc9</run_address>
         <size>0x119</size>
         <input_file_ref idref="fl-12d"/>
      </object_component>
      <object_component id="oc-74">
         <name>.debug_info</name>
         <load_address>0x3ee2</load_address>
         <run_address>0x3ee2</run_address>
         <size>0x1f0</size>
         <input_file_ref idref="fl-12d"/>
      </object_component>
      <object_component id="oc-3c">
         <name>.debug_info</name>
         <load_address>0x40d2</load_address>
         <run_address>0x40d2</run_address>
         <size>0xf8</size>
         <input_file_ref idref="fl-12e"/>
      </object_component>
      <object_component id="oc-55">
         <name>.debug_info</name>
         <load_address>0x41ca</load_address>
         <run_address>0x41ca</run_address>
         <size>0x126</size>
         <input_file_ref idref="fl-12f"/>
      </object_component>
      <object_component id="oc-60">
         <name>.debug_info</name>
         <load_address>0x42f0</load_address>
         <run_address>0x42f0</run_address>
         <size>0x12b</size>
         <input_file_ref idref="fl-130"/>
      </object_component>
      <object_component id="oc-78">
         <name>.debug_info</name>
         <load_address>0x441b</load_address>
         <run_address>0x441b</run_address>
         <size>0xec</size>
         <input_file_ref idref="fl-131"/>
      </object_component>
      <object_component id="oc-d5">
         <name>.debug_info</name>
         <load_address>0x4507</load_address>
         <run_address>0x4507</run_address>
         <size>0x107</size>
         <input_file_ref idref="fl-132"/>
      </object_component>
      <object_component id="oc-ab">
         <name>.debug_info</name>
         <load_address>0x460e</load_address>
         <run_address>0x460e</run_address>
         <size>0xf6</size>
         <input_file_ref idref="fl-132"/>
      </object_component>
      <object_component id="oc-ce">
         <name>.debug_info</name>
         <load_address>0x4704</load_address>
         <run_address>0x4704</run_address>
         <size>0x202</size>
         <input_file_ref idref="fl-132"/>
      </object_component>
      <object_component id="oc-a9">
         <name>.debug_info</name>
         <load_address>0x4906</load_address>
         <run_address>0x4906</run_address>
         <size>0x149</size>
         <input_file_ref idref="fl-133"/>
      </object_component>
      <object_component id="oc-6c">
         <name>.debug_info</name>
         <load_address>0x4a4f</load_address>
         <run_address>0x4a4f</run_address>
         <size>0x14a</size>
         <input_file_ref idref="fl-133"/>
      </object_component>
      <object_component id="oc-c8">
         <name>.debug_info</name>
         <load_address>0x4b99</load_address>
         <run_address>0x4b99</run_address>
         <size>0x5e</size>
         <input_file_ref idref="fl-133"/>
      </object_component>
      <object_component id="oc-a7">
         <name>.debug_info</name>
         <load_address>0x4bf7</load_address>
         <run_address>0x4bf7</run_address>
         <size>0x2a0</size>
         <input_file_ref idref="fl-134"/>
      </object_component>
      <object_component id="oc-67">
         <name>.debug_info</name>
         <load_address>0x4e97</load_address>
         <run_address>0x4e97</run_address>
         <size>0x15a</size>
         <input_file_ref idref="fl-134"/>
      </object_component>
      <object_component id="oc-bc">
         <name>.debug_info</name>
         <load_address>0x4ff1</load_address>
         <run_address>0x4ff1</run_address>
         <size>0x39</size>
         <input_file_ref idref="fl-134"/>
      </object_component>
      <object_component id="oc-c1">
         <name>.debug_info</name>
         <load_address>0x502a</load_address>
         <run_address>0x502a</run_address>
         <size>0xcd</size>
         <input_file_ref idref="fl-134"/>
      </object_component>
      <object_component id="oc-b9">
         <name>.debug_info</name>
         <load_address>0x50f7</load_address>
         <run_address>0x50f7</run_address>
         <size>0x1c3</size>
         <input_file_ref idref="fl-135"/>
      </object_component>
      <object_component id="oc-a1">
         <name>.debug_info</name>
         <load_address>0x52ba</load_address>
         <run_address>0x52ba</run_address>
         <size>0x166</size>
         <input_file_ref idref="fl-135"/>
      </object_component>
      <object_component id="oc-e4">
         <name>.debug_info</name>
         <load_address>0x5420</load_address>
         <run_address>0x5420</run_address>
         <size>0x2c</size>
         <input_file_ref idref="fl-135"/>
      </object_component>
      <object_component id="oc-111">
         <name>.debug_info</name>
         <load_address>0x544c</load_address>
         <run_address>0x544c</run_address>
         <size>0xae</size>
      </object_component>
      <object_component id="oc-dc">
         <name>.debug_line</name>
         <load_address>0x0</load_address>
         <run_address>0x0</run_address>
         <size>0x36</size>
         <input_file_ref idref="fl-2"/>
      </object_component>
      <object_component id="oc-b6">
         <name>.debug_line</name>
         <load_address>0x36</load_address>
         <run_address>0x36</run_address>
         <size>0x36</size>
         <input_file_ref idref="fl-2"/>
      </object_component>
      <object_component id="oc-35">
         <name>.debug_line</name>
         <load_address>0x6c</load_address>
         <run_address>0x6c</run_address>
         <size>0xee</size>
         <input_file_ref idref="fl-2"/>
      </object_component>
      <object_component id="oc-e0">
         <name>.debug_line</name>
         <load_address>0x15a</load_address>
         <run_address>0x15a</run_address>
         <size>0x55</size>
         <input_file_ref idref="fl-2"/>
      </object_component>
      <object_component id="oc-88">
         <name>.debug_line</name>
         <load_address>0x1af</load_address>
         <run_address>0x1af</run_address>
         <size>0x20</size>
         <input_file_ref idref="fl-2"/>
      </object_component>
      <object_component id="oc-83">
         <name>.debug_line</name>
         <load_address>0x1cf</load_address>
         <run_address>0x1cf</run_address>
         <size>0x60</size>
         <input_file_ref idref="fl-2"/>
      </object_component>
      <object_component id="oc-8b">
         <name>.debug_line</name>
         <load_address>0x22f</load_address>
         <run_address>0x22f</run_address>
         <size>0x3b</size>
         <input_file_ref idref="fl-3"/>
      </object_component>
      <object_component id="oc-38">
         <name>.debug_line</name>
         <load_address>0x26a</load_address>
         <run_address>0x26a</run_address>
         <size>0x3b</size>
         <input_file_ref idref="fl-3"/>
      </object_component>
      <object_component id="oc-2f">
         <name>.debug_line</name>
         <load_address>0x2a5</load_address>
         <run_address>0x2a5</run_address>
         <size>0x55a</size>
         <input_file_ref idref="fl-3"/>
      </object_component>
      <object_component id="oc-29">
         <name>.debug_line</name>
         <load_address>0x7ff</load_address>
         <run_address>0x7ff</run_address>
         <size>0x52</size>
         <input_file_ref idref="fl-129"/>
      </object_component>
      <object_component id="oc-93">
         <name>.debug_line</name>
         <load_address>0x851</load_address>
         <run_address>0x851</run_address>
         <size>0x72</size>
         <input_file_ref idref="fl-12a"/>
      </object_component>
      <object_component id="oc-14">
         <name>.debug_line</name>
         <load_address>0x8c3</load_address>
         <run_address>0x8c3</run_address>
         <size>0x55</size>
         <input_file_ref idref="fl-12a"/>
      </object_component>
      <object_component id="oc-43">
         <name>.debug_line</name>
         <load_address>0x918</load_address>
         <run_address>0x918</run_address>
         <size>0x3a</size>
         <input_file_ref idref="fl-12a"/>
      </object_component>
      <object_component id="oc-90">
         <name>.debug_line</name>
         <load_address>0x952</load_address>
         <run_address>0x952</run_address>
         <size>0x72</size>
         <input_file_ref idref="fl-12a"/>
      </object_component>
      <object_component id="oc-96">
         <name>.debug_line</name>
         <load_address>0x9c4</load_address>
         <run_address>0x9c4</run_address>
         <size>0x72</size>
         <input_file_ref idref="fl-12b"/>
      </object_component>
      <object_component id="oc-4a">
         <name>.debug_line</name>
         <load_address>0xa36</load_address>
         <run_address>0xa36</run_address>
         <size>0x98</size>
         <input_file_ref idref="fl-12b"/>
      </object_component>
      <object_component id="oc-1e">
         <name>.debug_line</name>
         <load_address>0xace</load_address>
         <run_address>0xace</run_address>
         <size>0x4b</size>
         <input_file_ref idref="fl-12b"/>
      </object_component>
      <object_component id="oc-51">
         <name>.debug_line</name>
         <load_address>0xb19</load_address>
         <run_address>0xb19</run_address>
         <size>0x39</size>
         <input_file_ref idref="fl-12b"/>
      </object_component>
      <object_component id="oc-9a">
         <name>.debug_line</name>
         <load_address>0xb52</load_address>
         <run_address>0xb52</run_address>
         <size>0x72</size>
         <input_file_ref idref="fl-12b"/>
      </object_component>
      <object_component id="oc-da">
         <name>.debug_line</name>
         <load_address>0xbc4</load_address>
         <run_address>0xbc4</run_address>
         <size>0x71</size>
         <input_file_ref idref="fl-12d"/>
      </object_component>
      <object_component id="oc-d8">
         <name>.debug_line</name>
         <load_address>0xc35</load_address>
         <run_address>0xc35</run_address>
         <size>0x2a</size>
         <input_file_ref idref="fl-12d"/>
      </object_component>
      <object_component id="oc-73">
         <name>.debug_line</name>
         <load_address>0xc5f</load_address>
         <run_address>0xc5f</run_address>
         <size>0x7a</size>
         <input_file_ref idref="fl-12d"/>
      </object_component>
      <object_component id="oc-3b">
         <name>.debug_line</name>
         <load_address>0xcd9</load_address>
         <run_address>0xcd9</run_address>
         <size>0x88</size>
         <input_file_ref idref="fl-12e"/>
      </object_component>
      <object_component id="oc-57">
         <name>.debug_line</name>
         <load_address>0xd61</load_address>
         <run_address>0xd61</run_address>
         <size>0x79</size>
         <input_file_ref idref="fl-12f"/>
      </object_component>
      <object_component id="oc-63">
         <name>.debug_line</name>
         <load_address>0xdda</load_address>
         <run_address>0xdda</run_address>
         <size>0x40</size>
         <input_file_ref idref="fl-130"/>
      </object_component>
      <object_component id="oc-b4">
         <name>.debug_line</name>
         <load_address>0xe1a</load_address>
         <run_address>0xe1a</run_address>
         <size>0x33</size>
         <input_file_ref idref="fl-131"/>
      </object_component>
      <object_component id="oc-eb">
         <name>.debug_line</name>
         <load_address>0xe4d</load_address>
         <run_address>0xe4d</run_address>
         <size>0x20</size>
         <input_file_ref idref="fl-132"/>
      </object_component>
      <object_component id="oc-d4">
         <name>.debug_line</name>
         <load_address>0xe6d</load_address>
         <run_address>0xe6d</run_address>
         <size>0x2b</size>
         <input_file_ref idref="fl-132"/>
      </object_component>
      <object_component id="oc-d1">
         <name>.debug_line</name>
         <load_address>0xe98</load_address>
         <run_address>0xe98</run_address>
         <size>0x68</size>
         <input_file_ref idref="fl-132"/>
      </object_component>
      <object_component id="oc-c7">
         <name>.debug_line</name>
         <load_address>0xf00</load_address>
         <run_address>0xf00</run_address>
         <size>0x2b</size>
         <input_file_ref idref="fl-133"/>
      </object_component>
      <object_component id="oc-6f">
         <name>.debug_line</name>
         <load_address>0xf2b</load_address>
         <run_address>0xf2b</run_address>
         <size>0x50</size>
         <input_file_ref idref="fl-133"/>
      </object_component>
      <object_component id="oc-cb">
         <name>.debug_line</name>
         <load_address>0xf7b</load_address>
         <run_address>0xf7b</run_address>
         <size>0x2b</size>
         <input_file_ref idref="fl-133"/>
      </object_component>
      <object_component id="oc-bb">
         <name>.debug_line</name>
         <load_address>0xfa6</load_address>
         <run_address>0xfa6</run_address>
         <size>0x81</size>
         <input_file_ref idref="fl-134"/>
      </object_component>
      <object_component id="oc-66">
         <name>.debug_line</name>
         <load_address>0x1027</load_address>
         <run_address>0x1027</run_address>
         <size>0x79</size>
         <input_file_ref idref="fl-134"/>
      </object_component>
      <object_component id="oc-bf">
         <name>.debug_line</name>
         <load_address>0x10a0</load_address>
         <run_address>0x10a0</run_address>
         <size>0x2e</size>
         <input_file_ref idref="fl-134"/>
      </object_component>
      <object_component id="oc-c4">
         <name>.debug_line</name>
         <load_address>0x10ce</load_address>
         <run_address>0x10ce</run_address>
         <size>0x73</size>
         <input_file_ref idref="fl-134"/>
      </object_component>
      <object_component id="oc-e3">
         <name>.debug_line</name>
         <load_address>0x1141</load_address>
         <run_address>0x1141</run_address>
         <size>0x80</size>
         <input_file_ref idref="fl-135"/>
      </object_component>
      <object_component id="oc-a4">
         <name>.debug_line</name>
         <load_address>0x11c1</load_address>
         <run_address>0x11c1</run_address>
         <size>0x68</size>
         <input_file_ref idref="fl-135"/>
      </object_component>
      <object_component id="oc-e7">
         <name>.debug_line</name>
         <load_address>0x1229</load_address>
         <run_address>0x1229</run_address>
         <size>0x2e</size>
         <input_file_ref idref="fl-135"/>
      </object_component>
      <object_component id="oc-36">
         <name>.debug_frame</name>
         <load_address>0x0</load_address>
         <run_address>0x0</run_address>
         <size>0xd7</size>
         <input_file_ref idref="fl-2"/>
      </object_component>
      <object_component id="oc-30">
         <name>.debug_frame</name>
         <load_address>0xd7</load_address>
         <run_address>0xd7</run_address>
         <size>0x404</size>
         <input_file_ref idref="fl-3"/>
      </object_component>
      <object_component id="oc-15">
         <name>.debug_frame</name>
         <load_address>0x4db</load_address>
         <run_address>0x4db</run_address>
         <size>0x7f</size>
         <input_file_ref idref="fl-12a"/>
      </object_component>
      <object_component id="oc-4b">
         <name>.debug_frame</name>
         <load_address>0x55a</load_address>
         <run_address>0x55a</run_address>
         <size>0x8e</size>
         <input_file_ref idref="fl-12b"/>
      </object_component>
      <object_component id="oc-1a">
         <name>.debug_frame</name>
         <load_address>0x5e8</load_address>
         <run_address>0x5e8</run_address>
         <size>0x7f</size>
         <input_file_ref idref="fl-12b"/>
      </object_component>
      <object_component id="oc-72">
         <name>.debug_frame</name>
         <load_address>0x667</load_address>
         <run_address>0x667</run_address>
         <size>0xb3</size>
         <input_file_ref idref="fl-12d"/>
      </object_component>
      <object_component id="oc-64">
         <name>.debug_frame</name>
         <load_address>0x71a</load_address>
         <run_address>0x71a</run_address>
         <size>0x7f</size>
         <input_file_ref idref="fl-130"/>
      </object_component>
      <object_component id="oc-d2">
         <name>.debug_frame</name>
         <load_address>0x799</load_address>
         <run_address>0x799</run_address>
         <size>0xa1</size>
         <input_file_ref idref="fl-132"/>
      </object_component>
      <object_component id="oc-70">
         <name>.debug_frame</name>
         <load_address>0x83a</load_address>
         <run_address>0x83a</run_address>
         <size>0x7f</size>
         <input_file_ref idref="fl-133"/>
      </object_component>
      <object_component id="oc-6a">
         <name>.debug_frame</name>
         <load_address>0x8b9</load_address>
         <run_address>0x8b9</run_address>
         <size>0x8a</size>
         <input_file_ref idref="fl-134"/>
      </object_component>
      <object_component id="oc-a5">
         <name>.debug_frame</name>
         <load_address>0x943</load_address>
         <run_address>0x943</run_address>
         <size>0x8e</size>
         <input_file_ref idref="fl-135"/>
      </object_component>
      <object_component id="oc-db">
         <name>.debug_abbrev</name>
         <load_address>0x0</load_address>
         <run_address>0x0</run_address>
         <size>0x7a</size>
         <input_file_ref idref="fl-2"/>
      </object_component>
      <object_component id="oc-b5">
         <name>.debug_abbrev</name>
         <load_address>0x7a</load_address>
         <run_address>0x7a</run_address>
         <size>0x29</size>
         <input_file_ref idref="fl-2"/>
      </object_component>
      <object_component id="oc-7f">
         <name>.debug_abbrev</name>
         <load_address>0xa3</load_address>
         <run_address>0xa3</run_address>
         <size>0x9b</size>
         <input_file_ref idref="fl-2"/>
      </object_component>
      <object_component id="oc-df">
         <name>.debug_abbrev</name>
         <load_address>0x13e</load_address>
         <run_address>0x13e</run_address>
         <size>0x97</size>
         <input_file_ref idref="fl-2"/>
      </object_component>
      <object_component id="oc-87">
         <name>.debug_abbrev</name>
         <load_address>0x1d5</load_address>
         <run_address>0x1d5</run_address>
         <size>0x1f</size>
         <input_file_ref idref="fl-2"/>
      </object_component>
      <object_component id="oc-82">
         <name>.debug_abbrev</name>
         <load_address>0x1f4</load_address>
         <run_address>0x1f4</run_address>
         <size>0x35</size>
         <input_file_ref idref="fl-2"/>
      </object_component>
      <object_component id="oc-8a">
         <name>.debug_abbrev</name>
         <load_address>0x229</load_address>
         <run_address>0x229</run_address>
         <size>0x5d</size>
         <input_file_ref idref="fl-3"/>
      </object_component>
      <object_component id="oc-37">
         <name>.debug_abbrev</name>
         <load_address>0x286</load_address>
         <run_address>0x286</run_address>
         <size>0x29</size>
         <input_file_ref idref="fl-3"/>
      </object_component>
      <object_component id="oc-7b">
         <name>.debug_abbrev</name>
         <load_address>0x2af</load_address>
         <run_address>0x2af</run_address>
         <size>0xf8</size>
         <input_file_ref idref="fl-3"/>
      </object_component>
      <object_component id="oc-7a">
         <name>.debug_abbrev</name>
         <load_address>0x3a7</load_address>
         <run_address>0x3a7</run_address>
         <size>0x3e</size>
         <input_file_ref idref="fl-129"/>
      </object_component>
      <object_component id="oc-92">
         <name>.debug_abbrev</name>
         <load_address>0x3e5</load_address>
         <run_address>0x3e5</run_address>
         <size>0x52</size>
         <input_file_ref idref="fl-12a"/>
      </object_component>
      <object_component id="oc-3f">
         <name>.debug_abbrev</name>
         <load_address>0x437</load_address>
         <run_address>0x437</run_address>
         <size>0x74</size>
         <input_file_ref idref="fl-12a"/>
      </object_component>
      <object_component id="oc-42">
         <name>.debug_abbrev</name>
         <load_address>0x4ab</load_address>
         <run_address>0x4ab</run_address>
         <size>0x24</size>
         <input_file_ref idref="fl-12a"/>
      </object_component>
      <object_component id="oc-8f">
         <name>.debug_abbrev</name>
         <load_address>0x4cf</load_address>
         <run_address>0x4cf</run_address>
         <size>0x24</size>
         <input_file_ref idref="fl-12a"/>
      </object_component>
      <object_component id="oc-95">
         <name>.debug_abbrev</name>
         <load_address>0x4f3</load_address>
         <run_address>0x4f3</run_address>
         <size>0x52</size>
         <input_file_ref idref="fl-12b"/>
      </object_component>
      <object_component id="oc-94">
         <name>.debug_abbrev</name>
         <load_address>0x545</load_address>
         <run_address>0x545</run_address>
         <size>0x7b</size>
         <input_file_ref idref="fl-12b"/>
      </object_component>
      <object_component id="oc-4c">
         <name>.debug_abbrev</name>
         <load_address>0x5c0</load_address>
         <run_address>0x5c0</run_address>
         <size>0x66</size>
         <input_file_ref idref="fl-12b"/>
      </object_component>
      <object_component id="oc-50">
         <name>.debug_abbrev</name>
         <load_address>0x626</load_address>
         <run_address>0x626</run_address>
         <size>0x24</size>
         <input_file_ref idref="fl-12b"/>
      </object_component>
      <object_component id="oc-99">
         <name>.debug_abbrev</name>
         <load_address>0x64a</load_address>
         <run_address>0x64a</run_address>
         <size>0x24</size>
         <input_file_ref idref="fl-12b"/>
      </object_component>
      <object_component id="oc-d9">
         <name>.debug_abbrev</name>
         <load_address>0x66e</load_address>
         <run_address>0x66e</run_address>
         <size>0x6b</size>
         <input_file_ref idref="fl-12d"/>
      </object_component>
      <object_component id="oc-d7">
         <name>.debug_abbrev</name>
         <load_address>0x6d9</load_address>
         <run_address>0x6d9</run_address>
         <size>0x29</size>
         <input_file_ref idref="fl-12d"/>
      </object_component>
      <object_component id="oc-b0">
         <name>.debug_abbrev</name>
         <load_address>0x702</load_address>
         <run_address>0x702</run_address>
         <size>0xba</size>
         <input_file_ref idref="fl-12d"/>
      </object_component>
      <object_component id="oc-8c">
         <name>.debug_abbrev</name>
         <load_address>0x7bc</load_address>
         <run_address>0x7bc</run_address>
         <size>0x3e</size>
         <input_file_ref idref="fl-12e"/>
      </object_component>
      <object_component id="oc-9c">
         <name>.debug_abbrev</name>
         <load_address>0x7fa</load_address>
         <run_address>0x7fa</run_address>
         <size>0x4f</size>
         <input_file_ref idref="fl-12f"/>
      </object_component>
      <object_component id="oc-9f">
         <name>.debug_abbrev</name>
         <load_address>0x849</load_address>
         <run_address>0x849</run_address>
         <size>0x55</size>
         <input_file_ref idref="fl-130"/>
      </object_component>
      <object_component id="oc-b3">
         <name>.debug_abbrev</name>
         <load_address>0x89e</load_address>
         <run_address>0x89e</run_address>
         <size>0x27</size>
         <input_file_ref idref="fl-131"/>
      </object_component>
      <object_component id="oc-ea">
         <name>.debug_abbrev</name>
         <load_address>0x8c5</load_address>
         <run_address>0x8c5</run_address>
         <size>0x45</size>
         <input_file_ref idref="fl-132"/>
      </object_component>
      <object_component id="oc-d3">
         <name>.debug_abbrev</name>
         <load_address>0x90a</load_address>
         <run_address>0x90a</run_address>
         <size>0x29</size>
         <input_file_ref idref="fl-132"/>
      </object_component>
      <object_component id="oc-e9">
         <name>.debug_abbrev</name>
         <load_address>0x933</load_address>
         <run_address>0x933</run_address>
         <size>0x6f</size>
         <input_file_ref idref="fl-132"/>
      </object_component>
      <object_component id="oc-c6">
         <name>.debug_abbrev</name>
         <load_address>0x9a2</load_address>
         <run_address>0x9a2</run_address>
         <size>0x8e</size>
         <input_file_ref idref="fl-133"/>
      </object_component>
      <object_component id="oc-a8">
         <name>.debug_abbrev</name>
         <load_address>0xa30</load_address>
         <run_address>0xa30</run_address>
         <size>0x68</size>
         <input_file_ref idref="fl-133"/>
      </object_component>
      <object_component id="oc-ca">
         <name>.debug_abbrev</name>
         <load_address>0xa98</load_address>
         <run_address>0xa98</run_address>
         <size>0x49</size>
         <input_file_ref idref="fl-133"/>
      </object_component>
      <object_component id="oc-ba">
         <name>.debug_abbrev</name>
         <load_address>0xae1</load_address>
         <run_address>0xae1</run_address>
         <size>0x9a</size>
         <input_file_ref idref="fl-134"/>
      </object_component>
      <object_component id="oc-a6">
         <name>.debug_abbrev</name>
         <load_address>0xb7b</load_address>
         <run_address>0xb7b</run_address>
         <size>0x7e</size>
         <input_file_ref idref="fl-134"/>
      </object_component>
      <object_component id="oc-be">
         <name>.debug_abbrev</name>
         <load_address>0xbf9</load_address>
         <run_address>0xbf9</run_address>
         <size>0x24</size>
         <input_file_ref idref="fl-134"/>
      </object_component>
      <object_component id="oc-c3">
         <name>.debug_abbrev</name>
         <load_address>0xc1d</load_address>
         <run_address>0xc1d</run_address>
         <size>0x4b</size>
         <input_file_ref idref="fl-134"/>
      </object_component>
      <object_component id="oc-e2">
         <name>.debug_abbrev</name>
         <load_address>0xc68</load_address>
         <run_address>0xc68</run_address>
         <size>0x9c</size>
         <input_file_ref idref="fl-135"/>
      </object_component>
      <object_component id="oc-b8">
         <name>.debug_abbrev</name>
         <load_address>0xd04</load_address>
         <run_address>0xd04</run_address>
         <size>0x8c</size>
         <input_file_ref idref="fl-135"/>
      </object_component>
      <object_component id="oc-e6">
         <name>.debug_abbrev</name>
         <load_address>0xd90</load_address>
         <run_address>0xd90</run_address>
         <size>0x24</size>
         <input_file_ref idref="fl-135"/>
      </object_component>
      <object_component id="oc-112">
         <name>.debug_abbrev</name>
         <load_address>0xdb4</load_address>
         <run_address>0xdb4</run_address>
         <size>0xf</size>
      </object_component>
      <object_component id="oc-e1">
         <name>.debug_str</name>
         <load_address>0x0</load_address>
         <run_address>0x0</run_address>
         <size>0x478</size>
         <input_file_ref idref="fl-2"/>
      </object_component>
      <object_component id="oc-89">
         <name>.debug_str</name>
         <load_address>0x478</load_address>
         <run_address>0x478</run_address>
         <size>0xf5</size>
         <input_file_ref idref="fl-2"/>
      </object_component>
      <object_component id="oc-84">
         <name>.debug_str</name>
         <load_address>0x56d</load_address>
         <run_address>0x56d</run_address>
         <size>0x21c</size>
         <input_file_ref idref="fl-2"/>
      </object_component>
      <object_component id="oc-44">
         <name>.debug_str</name>
         <load_address>0x789</load_address>
         <run_address>0x789</run_address>
         <size>0xe3</size>
         <input_file_ref idref="fl-12a"/>
      </object_component>
      <object_component id="oc-91">
         <name>.debug_str</name>
         <load_address>0x86c</load_address>
         <run_address>0x86c</run_address>
         <size>0xf8</size>
         <input_file_ref idref="fl-12a"/>
      </object_component>
      <object_component id="oc-52">
         <name>.debug_str</name>
         <load_address>0x964</load_address>
         <run_address>0x964</run_address>
         <size>0xd5</size>
         <input_file_ref idref="fl-12b"/>
      </object_component>
      <object_component id="oc-9b">
         <name>.debug_str</name>
         <load_address>0xa39</load_address>
         <run_address>0xa39</run_address>
         <size>0xf8</size>
         <input_file_ref idref="fl-12b"/>
      </object_component>
      <object_component id="oc-cc">
         <name>.debug_str</name>
         <load_address>0xb31</load_address>
         <run_address>0xb31</run_address>
         <size>0xb9</size>
         <input_file_ref idref="fl-133"/>
      </object_component>
      <object_component id="oc-c0">
         <name>.debug_str</name>
         <load_address>0xbea</load_address>
         <run_address>0xbea</run_address>
         <size>0xc5</size>
         <input_file_ref idref="fl-134"/>
      </object_component>
      <object_component id="oc-c5">
         <name>.debug_str</name>
         <load_address>0xcaf</load_address>
         <run_address>0xcaf</run_address>
         <size>0x14f</size>
         <input_file_ref idref="fl-134"/>
      </object_component>
      <object_component id="oc-e8">
         <name>.debug_str</name>
         <load_address>0xdfe</load_address>
         <run_address>0xdfe</run_address>
         <size>0xba</size>
         <input_file_ref idref="fl-135"/>
      </object_component>
      <object_component id="oc-33">
         <name>.debug_aranges</name>
         <load_address>0x0</load_address>
         <run_address>0x0</run_address>
         <size>0x40</size>
         <input_file_ref idref="fl-2"/>
      </object_component>
      <object_component id="oc-2d">
         <name>.debug_aranges</name>
         <load_address>0x40</load_address>
         <run_address>0x40</run_address>
         <size>0x1c8</size>
         <input_file_ref idref="fl-3"/>
      </object_component>
      <object_component id="oc-28">
         <name>.debug_aranges</name>
         <load_address>0x208</load_address>
         <run_address>0x208</run_address>
         <size>0x20</size>
         <input_file_ref idref="fl-129"/>
      </object_component>
      <object_component id="oc-17">
         <name>.debug_aranges</name>
         <load_address>0x228</load_address>
         <run_address>0x228</run_address>
         <size>0x20</size>
         <input_file_ref idref="fl-12a"/>
      </object_component>
      <object_component id="oc-48">
         <name>.debug_aranges</name>
         <load_address>0x248</load_address>
         <run_address>0x248</run_address>
         <size>0x20</size>
         <input_file_ref idref="fl-12b"/>
      </object_component>
      <object_component id="oc-1c">
         <name>.debug_aranges</name>
         <load_address>0x268</load_address>
         <run_address>0x268</run_address>
         <size>0x20</size>
         <input_file_ref idref="fl-12b"/>
      </object_component>
      <object_component id="oc-75">
         <name>.debug_aranges</name>
         <load_address>0x288</load_address>
         <run_address>0x288</run_address>
         <size>0x30</size>
         <input_file_ref idref="fl-12d"/>
      </object_component>
      <object_component id="oc-3d">
         <name>.debug_aranges</name>
         <load_address>0x2b8</load_address>
         <run_address>0x2b8</run_address>
         <size>0x20</size>
         <input_file_ref idref="fl-12e"/>
      </object_component>
      <object_component id="oc-54">
         <name>.debug_aranges</name>
         <load_address>0x2d8</load_address>
         <run_address>0x2d8</run_address>
         <size>0x28</size>
         <input_file_ref idref="fl-12f"/>
      </object_component>
      <object_component id="oc-61">
         <name>.debug_aranges</name>
         <load_address>0x300</load_address>
         <run_address>0x300</run_address>
         <size>0x20</size>
         <input_file_ref idref="fl-130"/>
      </object_component>
      <object_component id="oc-cf">
         <name>.debug_aranges</name>
         <load_address>0x320</load_address>
         <run_address>0x320</run_address>
         <size>0x30</size>
         <input_file_ref idref="fl-132"/>
      </object_component>
      <object_component id="oc-6d">
         <name>.debug_aranges</name>
         <load_address>0x350</load_address>
         <run_address>0x350</run_address>
         <size>0x20</size>
         <input_file_ref idref="fl-133"/>
      </object_component>
      <object_component id="oc-68">
         <name>.debug_aranges</name>
         <load_address>0x370</load_address>
         <run_address>0x370</run_address>
         <size>0x20</size>
         <input_file_ref idref="fl-134"/>
      </object_component>
      <object_component id="oc-a2">
         <name>.debug_aranges</name>
         <load_address>0x390</load_address>
         <run_address>0x390</run_address>
         <size>0x20</size>
         <input_file_ref idref="fl-135"/>
      </object_component>
      <object_component id="oc-7e">
         <name>.debug_pubnames</name>
         <load_address>0x0</load_address>
         <run_address>0x0</run_address>
         <size>0x23</size>
         <input_file_ref idref="fl-2"/>
      </object_component>
      <object_component id="oc-34">
         <name>.debug_pubnames</name>
         <load_address>0x23</load_address>
         <run_address>0x23</run_address>
         <size>0x81</size>
         <input_file_ref idref="fl-2"/>
      </object_component>
      <object_component id="oc-12">
         <name>.debug_pubnames</name>
         <load_address>0xa4</load_address>
         <run_address>0xa4</run_address>
         <size>0x27</size>
         <input_file_ref idref="fl-3"/>
      </object_component>
      <object_component id="oc-2e">
         <name>.debug_pubnames</name>
         <load_address>0xcb</load_address>
         <run_address>0xcb</run_address>
         <size>0x474</size>
         <input_file_ref idref="fl-3"/>
      </object_component>
      <object_component id="oc-27">
         <name>.debug_pubnames</name>
         <load_address>0x53f</load_address>
         <run_address>0x53f</run_address>
         <size>0x1f</size>
         <input_file_ref idref="fl-129"/>
      </object_component>
      <object_component id="oc-18">
         <name>.debug_pubnames</name>
         <load_address>0x55e</load_address>
         <run_address>0x55e</run_address>
         <size>0x2b</size>
         <input_file_ref idref="fl-12a"/>
      </object_component>
      <object_component id="oc-49">
         <name>.debug_pubnames</name>
         <load_address>0x589</load_address>
         <run_address>0x589</run_address>
         <size>0x2f</size>
         <input_file_ref idref="fl-12b"/>
      </object_component>
      <object_component id="oc-1d">
         <name>.debug_pubnames</name>
         <load_address>0x5b8</load_address>
         <run_address>0x5b8</run_address>
         <size>0x2c</size>
         <input_file_ref idref="fl-12b"/>
      </object_component>
      <object_component id="oc-af">
         <name>.debug_pubnames</name>
         <load_address>0x5e4</load_address>
         <run_address>0x5e4</run_address>
         <size>0x3a</size>
         <input_file_ref idref="fl-12d"/>
      </object_component>
      <object_component id="oc-76">
         <name>.debug_pubnames</name>
         <load_address>0x61e</load_address>
         <run_address>0x61e</run_address>
         <size>0x35</size>
         <input_file_ref idref="fl-12d"/>
      </object_component>
      <object_component id="oc-3e">
         <name>.debug_pubnames</name>
         <load_address>0x653</load_address>
         <run_address>0x653</run_address>
         <size>0x1d</size>
         <input_file_ref idref="fl-12e"/>
      </object_component>
      <object_component id="oc-56">
         <name>.debug_pubnames</name>
         <load_address>0x670</load_address>
         <run_address>0x670</run_address>
         <size>0x37</size>
         <input_file_ref idref="fl-12f"/>
      </object_component>
      <object_component id="oc-62">
         <name>.debug_pubnames</name>
         <load_address>0x6a7</load_address>
         <run_address>0x6a7</run_address>
         <size>0x27</size>
         <input_file_ref idref="fl-130"/>
      </object_component>
      <object_component id="oc-79">
         <name>.debug_pubnames</name>
         <load_address>0x6ce</load_address>
         <run_address>0x6ce</run_address>
         <size>0x23</size>
         <input_file_ref idref="fl-131"/>
      </object_component>
      <object_component id="oc-ac">
         <name>.debug_pubnames</name>
         <load_address>0x6f1</load_address>
         <run_address>0x6f1</run_address>
         <size>0x28</size>
         <input_file_ref idref="fl-132"/>
      </object_component>
      <object_component id="oc-d0">
         <name>.debug_pubnames</name>
         <load_address>0x719</load_address>
         <run_address>0x719</run_address>
         <size>0x43</size>
         <input_file_ref idref="fl-132"/>
      </object_component>
      <object_component id="oc-6e">
         <name>.debug_pubnames</name>
         <load_address>0x75c</load_address>
         <run_address>0x75c</run_address>
         <size>0x21</size>
         <input_file_ref idref="fl-133"/>
      </object_component>
      <object_component id="oc-69">
         <name>.debug_pubnames</name>
         <load_address>0x77d</load_address>
         <run_address>0x77d</run_address>
         <size>0x25</size>
         <input_file_ref idref="fl-134"/>
      </object_component>
      <object_component id="oc-a3">
         <name>.debug_pubnames</name>
         <load_address>0x7a2</load_address>
         <run_address>0x7a2</run_address>
         <size>0x1e</size>
         <input_file_ref idref="fl-135"/>
      </object_component>
      <object_component id="oc-de">
         <name>.debug_pubtypes</name>
         <load_address>0x0</load_address>
         <run_address>0x0</run_address>
         <size>0xdd</size>
         <input_file_ref idref="fl-2"/>
      </object_component>
      <object_component id="oc-86">
         <name>.debug_pubtypes</name>
         <load_address>0xdd</load_address>
         <run_address>0xdd</run_address>
         <size>0xed</size>
         <input_file_ref idref="fl-2"/>
      </object_component>
      <object_component id="oc-81">
         <name>.debug_pubtypes</name>
         <load_address>0x1ca</load_address>
         <run_address>0x1ca</run_address>
         <size>0x1c6</size>
         <input_file_ref idref="fl-2"/>
      </object_component>
      <object_component id="oc-41">
         <name>.debug_pubtypes</name>
         <load_address>0x390</load_address>
         <run_address>0x390</run_address>
         <size>0x48</size>
         <input_file_ref idref="fl-12a"/>
      </object_component>
      <object_component id="oc-8e">
         <name>.debug_pubtypes</name>
         <load_address>0x3d8</load_address>
         <run_address>0x3d8</run_address>
         <size>0x1d</size>
         <input_file_ref idref="fl-12a"/>
      </object_component>
      <object_component id="oc-4f">
         <name>.debug_pubtypes</name>
         <load_address>0x3f5</load_address>
         <run_address>0x3f5</run_address>
         <size>0x37</size>
         <input_file_ref idref="fl-12b"/>
      </object_component>
      <object_component id="oc-98">
         <name>.debug_pubtypes</name>
         <load_address>0x42c</load_address>
         <run_address>0x42c</run_address>
         <size>0x1d</size>
         <input_file_ref idref="fl-12b"/>
      </object_component>
      <object_component id="oc-b2">
         <name>.debug_pubtypes</name>
         <load_address>0x449</load_address>
         <run_address>0x449</run_address>
         <size>0x1f</size>
         <input_file_ref idref="fl-12d"/>
      </object_component>
      <object_component id="oc-d6">
         <name>.debug_pubtypes</name>
         <load_address>0x468</load_address>
         <run_address>0x468</run_address>
         <size>0x1f</size>
         <input_file_ref idref="fl-132"/>
      </object_component>
      <object_component id="oc-c9">
         <name>.debug_pubtypes</name>
         <load_address>0x487</load_address>
         <run_address>0x487</run_address>
         <size>0x1b</size>
         <input_file_ref idref="fl-133"/>
      </object_component>
      <object_component id="oc-bd">
         <name>.debug_pubtypes</name>
         <load_address>0x4a2</load_address>
         <run_address>0x4a2</run_address>
         <size>0x32</size>
         <input_file_ref idref="fl-134"/>
      </object_component>
      <object_component id="oc-c2">
         <name>.debug_pubtypes</name>
         <load_address>0x4d4</load_address>
         <run_address>0x4d4</run_address>
         <size>0x50</size>
         <input_file_ref idref="fl-134"/>
      </object_component>
      <object_component id="oc-e5">
         <name>.debug_pubtypes</name>
         <load_address>0x524</load_address>
         <run_address>0x524</run_address>
         <size>0x23</size>
         <input_file_ref idref="fl-135"/>
      </object_component>
   </object_component_list>
   <logical_group_list>
      <logical_group id="lg-4" display="no" color="cyan">
         <name>.intvecs</name>
         <load_address>0x0</load_address>
         <run_address>0x0</run_address>
         <size>0x144</size>
         <contents>
            <object_component_ref idref="oc-10"/>
         </contents>
      </logical_group>
      <logical_group id="lg-5" display="no" color="cyan">
         <name>.text</name>
         <load_address>0x144</load_address>
         <run_address>0x144</run_address>
         <size>0x570</size>
         <contents>
            <object_component_ref idref="oc-31"/>
            <object_component_ref idref="oc-3a"/>
            <object_component_ref idref="oc-2b"/>
            <object_component_ref idref="oc-53"/>
            <object_component_ref idref="oc-65"/>
            <object_component_ref idref="oc-46"/>
            <object_component_ref idref="oc-25"/>
            <object_component_ref idref="oc-a0"/>
            <object_component_ref idref="oc-71"/>
            <object_component_ref idref="oc-6b"/>
            <object_component_ref idref="oc-cd"/>
            <object_component_ref idref="oc-13"/>
            <object_component_ref idref="oc-19"/>
            <object_component_ref idref="oc-5f"/>
         </contents>
      </logical_group>
      <logical_group id="lg-6" display="no" color="cyan">
         <name>.const</name>
         <run_address>0x0</run_address>
         <size>0x0</size>
         <contents>
         </contents>
      </logical_group>
      <logical_group id="lg-7" display="no" color="cyan">
         <name>.cinit</name>
         <load_address>0x6b8</load_address>
         <run_address>0x6b8</run_address>
         <size>0x20</size>
         <contents>
            <object_component_ref idref="oc-10f"/>
            <object_component_ref idref="oc-10d"/>
            <object_component_ref idref="oc-10e"/>
         </contents>
      </logical_group>
      <logical_group id="lg-8" display="no" color="cyan">
         <name>.pinit</name>
         <run_address>0x0</run_address>
         <size>0x0</size>
         <contents>
         </contents>
      </logical_group>
      <logical_group id="lg-9" display="no" color="cyan">
         <name>.flashMailbox</name>
         <run_address>0x0</run_address>
         <size>0x0</size>
         <contents>
         </contents>
      </logical_group>
      <logical_group id="lg-a" display="no" color="cyan">
         <name>.vtable</name>
         <run_address>0x0</run_address>
         <size>0x0</size>
         <contents>
         </contents>
      </logical_group>
      <logical_group id="lg-d" display="no" color="cyan">
         <name>.sysmem</name>
         <run_address>0x0</run_address>
         <size>0x0</size>
         <contents>
         </contents>
      </logical_group>
      <logical_group id="lg-e" display="no" color="cyan">
         <name>.stack</name>
         <run_address>0x2000fe00</run_address>
         <size>0x200</size>
         <contents>
            <object_component_ref idref="oc-2a"/>
            <object_component_ref idref="oc-110"/>
         </contents>
      </logical_group>
      <logical_group id="lg-ed" display="no" color="cyan">
         <name>.TI.noinit</name>
         <run_address>0x0</run_address>
         <size>0x0</size>
         <contents>
         </contents>
      </logical_group>
      <logical_group id="lg-c" display="no" color="cyan">
         <name>.bss</name>
         <run_address>0x0</run_address>
         <size>0x0</size>
         <contents>
         </contents>
      </logical_group>
      <logical_group id="lg-ec" display="no" color="cyan">
         <name>BSS_GROUP</name>
         <run_address>0x0</run_address>
         <size>0x0</size>
         <contents>
            <logical_group_ref idref="lg-ed"/>
            <logical_group_ref idref="lg-c"/>
         </contents>
      </logical_group>
      <logical_group id="lg-ef" display="no" color="cyan">
         <name>.TI.persistent</name>
         <run_address>0x20000000</run_address>
         <size>0x0</size>
         <contents>
         </contents>
      </logical_group>
      <logical_group id="lg-b" display="no" color="cyan">
         <name>.data</name>
         <run_address>0x20000000</run_address>
         <size>0x18</size>
         <contents>
            <object_component_ref idref="oc-7c"/>
            <object_component_ref idref="oc-ad"/>
            <object_component_ref idref="oc-77"/>
            <object_component_ref idref="oc-aa"/>
         </contents>
      </logical_group>
      <logical_group id="lg-ee" display="no" color="cyan">
         <name>DATA_GROUP</name>
         <load_address>0x20000000</load_address>
         <run_address>0x20000000</run_address>
         <size>0x18</size>
         <contents>
            <logical_group_ref idref="lg-ef"/>
            <logical_group_ref idref="lg-b"/>
         </contents>
      </logical_group>
      <logical_group id="lg-fd" display="never" color="cyan">
         <name>.debug_info</name>
         <load_address>0x0</load_address>
         <run_address>0x0</run_address>
         <size>0x54fa</size>
         <contents>
            <object_component_ref idref="oc-b7"/>
            <object_component_ref idref="oc-7d"/>
            <object_component_ref idref="oc-32"/>
            <object_component_ref idref="oc-dd"/>
            <object_component_ref idref="oc-85"/>
            <object_component_ref idref="oc-80"/>
            <object_component_ref idref="oc-39"/>
            <object_component_ref idref="oc-11"/>
            <object_component_ref idref="oc-2c"/>
            <object_component_ref idref="oc-26"/>
            <object_component_ref idref="oc-45"/>
            <object_component_ref idref="oc-16"/>
            <object_component_ref idref="oc-40"/>
            <object_component_ref idref="oc-8d"/>
            <object_component_ref idref="oc-4d"/>
            <object_component_ref idref="oc-47"/>
            <object_component_ref idref="oc-1b"/>
            <object_component_ref idref="oc-4e"/>
            <object_component_ref idref="oc-97"/>
            <object_component_ref idref="oc-b1"/>
            <object_component_ref idref="oc-ae"/>
            <object_component_ref idref="oc-74"/>
            <object_component_ref idref="oc-3c"/>
            <object_component_ref idref="oc-55"/>
            <object_component_ref idref="oc-60"/>
            <object_component_ref idref="oc-78"/>
            <object_component_ref idref="oc-d5"/>
            <object_component_ref idref="oc-ab"/>
            <object_component_ref idref="oc-ce"/>
            <object_component_ref idref="oc-a9"/>
            <object_component_ref idref="oc-6c"/>
            <object_component_ref idref="oc-c8"/>
            <object_component_ref idref="oc-a7"/>
            <object_component_ref idref="oc-67"/>
            <object_component_ref idref="oc-bc"/>
            <object_component_ref idref="oc-c1"/>
            <object_component_ref idref="oc-b9"/>
            <object_component_ref idref="oc-a1"/>
            <object_component_ref idref="oc-e4"/>
            <object_component_ref idref="oc-111"/>
         </contents>
      </logical_group>
      <logical_group id="lg-ff" display="never" color="cyan">
         <name>.debug_line</name>
         <load_address>0x0</load_address>
         <run_address>0x0</run_address>
         <size>0x1257</size>
         <contents>
            <object_component_ref idref="oc-dc"/>
            <object_component_ref idref="oc-b6"/>
            <object_component_ref idref="oc-35"/>
            <object_component_ref idref="oc-e0"/>
            <object_component_ref idref="oc-88"/>
            <object_component_ref idref="oc-83"/>
            <object_component_ref idref="oc-8b"/>
            <object_component_ref idref="oc-38"/>
            <object_component_ref idref="oc-2f"/>
            <object_component_ref idref="oc-29"/>
            <object_component_ref idref="oc-93"/>
            <object_component_ref idref="oc-14"/>
            <object_component_ref idref="oc-43"/>
            <object_component_ref idref="oc-90"/>
            <object_component_ref idref="oc-96"/>
            <object_component_ref idref="oc-4a"/>
            <object_component_ref idref="oc-1e"/>
            <object_component_ref idref="oc-51"/>
            <object_component_ref idref="oc-9a"/>
            <object_component_ref idref="oc-da"/>
            <object_component_ref idref="oc-d8"/>
            <object_component_ref idref="oc-73"/>
            <object_component_ref idref="oc-3b"/>
            <object_component_ref idref="oc-57"/>
            <object_component_ref idref="oc-63"/>
            <object_component_ref idref="oc-b4"/>
            <object_component_ref idref="oc-eb"/>
            <object_component_ref idref="oc-d4"/>
            <object_component_ref idref="oc-d1"/>
            <object_component_ref idref="oc-c7"/>
            <object_component_ref idref="oc-6f"/>
            <object_component_ref idref="oc-cb"/>
            <object_component_ref idref="oc-bb"/>
            <object_component_ref idref="oc-66"/>
            <object_component_ref idref="oc-bf"/>
            <object_component_ref idref="oc-c4"/>
            <object_component_ref idref="oc-e3"/>
            <object_component_ref idref="oc-a4"/>
            <object_component_ref idref="oc-e7"/>
         </contents>
      </logical_group>
      <logical_group id="lg-101" display="never" color="cyan">
         <name>.debug_frame</name>
         <load_address>0x0</load_address>
         <run_address>0x0</run_address>
         <size>0x9d1</size>
         <contents>
            <object_component_ref idref="oc-36"/>
            <object_component_ref idref="oc-30"/>
            <object_component_ref idref="oc-15"/>
            <object_component_ref idref="oc-4b"/>
            <object_component_ref idref="oc-1a"/>
            <object_component_ref idref="oc-72"/>
            <object_component_ref idref="oc-64"/>
            <object_component_ref idref="oc-d2"/>
            <object_component_ref idref="oc-70"/>
            <object_component_ref idref="oc-6a"/>
            <object_component_ref idref="oc-a5"/>
         </contents>
      </logical_group>
      <logical_group id="lg-103" display="never" color="cyan">
         <name>.debug_abbrev</name>
         <load_address>0x0</load_address>
         <run_address>0x0</run_address>
         <size>0xdc3</size>
         <contents>
            <object_component_ref idref="oc-db"/>
            <object_component_ref idref="oc-b5"/>
            <object_component_ref idref="oc-7f"/>
            <object_component_ref idref="oc-df"/>
            <object_component_ref idref="oc-87"/>
            <object_component_ref idref="oc-82"/>
            <object_component_ref idref="oc-8a"/>
            <object_component_ref idref="oc-37"/>
            <object_component_ref idref="oc-7b"/>
            <object_component_ref idref="oc-7a"/>
            <object_component_ref idref="oc-92"/>
            <object_component_ref idref="oc-3f"/>
            <object_component_ref idref="oc-42"/>
            <object_component_ref idref="oc-8f"/>
            <object_component_ref idref="oc-95"/>
            <object_component_ref idref="oc-94"/>
            <object_component_ref idref="oc-4c"/>
            <object_component_ref idref="oc-50"/>
            <object_component_ref idref="oc-99"/>
            <object_component_ref idref="oc-d9"/>
            <object_component_ref idref="oc-d7"/>
            <object_component_ref idref="oc-b0"/>
            <object_component_ref idref="oc-8c"/>
            <object_component_ref idref="oc-9c"/>
            <object_component_ref idref="oc-9f"/>
            <object_component_ref idref="oc-b3"/>
            <object_component_ref idref="oc-ea"/>
            <object_component_ref idref="oc-d3"/>
            <object_component_ref idref="oc-e9"/>
            <object_component_ref idref="oc-c6"/>
            <object_component_ref idref="oc-a8"/>
            <object_component_ref idref="oc-ca"/>
            <object_component_ref idref="oc-ba"/>
            <object_component_ref idref="oc-a6"/>
            <object_component_ref idref="oc-be"/>
            <object_component_ref idref="oc-c3"/>
            <object_component_ref idref="oc-e2"/>
            <object_component_ref idref="oc-b8"/>
            <object_component_ref idref="oc-e6"/>
            <object_component_ref idref="oc-112"/>
         </contents>
      </logical_group>
      <logical_group id="lg-105" display="never" color="cyan">
         <name>.debug_str</name>
         <load_address>0x0</load_address>
         <run_address>0x0</run_address>
         <size>0xeb8</size>
         <contents>
            <object_component_ref idref="oc-e1"/>
            <object_component_ref idref="oc-89"/>
            <object_component_ref idref="oc-84"/>
            <object_component_ref idref="oc-44"/>
            <object_component_ref idref="oc-91"/>
            <object_component_ref idref="oc-52"/>
            <object_component_ref idref="oc-9b"/>
            <object_component_ref idref="oc-cc"/>
            <object_component_ref idref="oc-c0"/>
            <object_component_ref idref="oc-c5"/>
            <object_component_ref idref="oc-e8"/>
         </contents>
      </logical_group>
      <logical_group id="lg-107" display="never" color="cyan">
         <name>.debug_aranges</name>
         <load_address>0x0</load_address>
         <run_address>0x0</run_address>
         <size>0x3b0</size>
         <contents>
            <object_component_ref idref="oc-33"/>
            <object_component_ref idref="oc-2d"/>
            <object_component_ref idref="oc-28"/>
            <object_component_ref idref="oc-17"/>
            <object_component_ref idref="oc-48"/>
            <object_component_ref idref="oc-1c"/>
            <object_component_ref idref="oc-75"/>
            <object_component_ref idref="oc-3d"/>
            <object_component_ref idref="oc-54"/>
            <object_component_ref idref="oc-61"/>
            <object_component_ref idref="oc-cf"/>
            <object_component_ref idref="oc-6d"/>
            <object_component_ref idref="oc-68"/>
            <object_component_ref idref="oc-a2"/>
         </contents>
      </logical_group>
      <logical_group id="lg-109" display="never" color="cyan">
         <name>.debug_pubnames</name>
         <load_address>0x0</load_address>
         <run_address>0x0</run_address>
         <size>0x7c0</size>
         <contents>
            <object_component_ref idref="oc-7e"/>
            <object_component_ref idref="oc-34"/>
            <object_component_ref idref="oc-12"/>
            <object_component_ref idref="oc-2e"/>
            <object_component_ref idref="oc-27"/>
            <object_component_ref idref="oc-18"/>
            <object_component_ref idref="oc-49"/>
            <object_component_ref idref="oc-1d"/>
            <object_component_ref idref="oc-af"/>
            <object_component_ref idref="oc-76"/>
            <object_component_ref idref="oc-3e"/>
            <object_component_ref idref="oc-56"/>
            <object_component_ref idref="oc-62"/>
            <object_component_ref idref="oc-79"/>
            <object_component_ref idref="oc-ac"/>
            <object_component_ref idref="oc-d0"/>
            <object_component_ref idref="oc-6e"/>
            <object_component_ref idref="oc-69"/>
            <object_component_ref idref="oc-a3"/>
         </contents>
      </logical_group>
      <logical_group id="lg-10b" display="never" color="cyan">
         <name>.debug_pubtypes</name>
         <load_address>0x0</load_address>
         <run_address>0x0</run_address>
         <size>0x547</size>
         <contents>
            <object_component_ref idref="oc-de"/>
            <object_component_ref idref="oc-86"/>
            <object_component_ref idref="oc-81"/>
            <object_component_ref idref="oc-41"/>
            <object_component_ref idref="oc-8e"/>
            <object_component_ref idref="oc-4f"/>
            <object_component_ref idref="oc-98"/>
            <object_component_ref idref="oc-b2"/>
            <object_component_ref idref="oc-d6"/>
            <object_component_ref idref="oc-c9"/>
            <object_component_ref idref="oc-bd"/>
            <object_component_ref idref="oc-c2"/>
            <object_component_ref idref="oc-e5"/>
         </contents>
      </logical_group>
      <load_segment id="lg-115" display="no" color="cyan">
         <name>SEGMENT_0</name>
         <load_address>0x0</load_address>
         <run_address>0x0</run_address>
         <size>0x6d8</size>
         <flags>0x5</flags>
         <contents>
            <logical_group_ref idref="lg-4"/>
            <logical_group_ref idref="lg-5"/>
            <logical_group_ref idref="lg-7"/>
         </contents>
      </load_segment>
      <load_segment id="lg-116" display="no" color="cyan">
         <name>SEGMENT_1</name>
         <run_address>0x20000000</run_address>
         <size>0x18</size>
         <flags>0x6</flags>
         <contents>
            <logical_group_ref idref="lg-b"/>
         </contents>
      </load_segment>
      <load_segment id="lg-117" display="no" color="cyan">
         <name>SEGMENT_2</name>
         <run_address>0x2000fe00</run_address>
         <size>0x200</size>
         <flags>0x6</flags>
         <contents>
            <logical_group_ref idref="lg-e"/>
         </contents>
      </load_segment>
   </logical_group_list>
   <placement_map>
      <memory_area display="yes" color="green">
         <name>MAIN</name>
         <page_id>0x0</page_id>
         <origin>0x0</origin>
         <length>0x40000</length>
         <used_space>0x6d4</used_space>
         <unused_space>0x3f92c</unused_space>
         <attributes>RX</attributes>
         <usage_details>
            <allocated_space>
               <start_address>0x0</start_address>
               <size>0x144</size>
               <logical_group_ref idref="lg-4"/>
            </allocated_space>
            <allocated_space>
               <start_address>0x144</start_address>
               <size>0x570</size>
               <logical_group_ref idref="lg-5"/>
            </allocated_space>
            <available_space>
               <start_address>0x6b4</start_address>
               <size>0x4</size>
            </available_space>
            <allocated_space>
               <start_address>0x6b8</start_address>
               <size>0x20</size>
               <logical_group_ref idref="lg-7"/>
            </allocated_space>
            <available_space>
               <start_address>0x6d8</start_address>
               <size>0x3f928</size>
            </available_space>
         </usage_details>
      </memory_area>
      <memory_area display="yes" color="green">
         <name>INFO</name>
         <page_id>0x0</page_id>
         <origin>0x200000</origin>
         <length>0x4000</length>
         <used_space>0x0</used_space>
         <unused_space>0x4000</unused_space>
         <attributes>RX</attributes>
         <usage_details>
         </usage_details>
      </memory_area>
      <memory_area display="yes" color="green">
         <name>SRAM_CODE</name>
         <page_id>0x0</page_id>
         <origin>0x1000000</origin>
         <length>0x10000</length>
         <used_space>0x0</used_space>
         <unused_space>0x10000</unused_space>
         <attributes>RWX</attributes>
         <usage_details>
         </usage_details>
      </memory_area>
      <memory_area display="yes" color="green">
         <name>SRAM_DATA</name>
         <page_id>0x0</page_id>
         <origin>0x20000000</origin>
         <length>0x10000</length>
         <used_space>0x218</used_space>
         <unused_space>0xfde8</unused_space>
         <attributes>RW</attributes>
         <usage_details>
            <allocated_space>
               <start_address>0x20000000</start_address>
               <size>0x18</size>
               <logical_group_ref idref="lg-ee"/>
            </allocated_space>
            <available_space>
               <start_address>0x20000018</start_address>
               <size>0xfde8</size>
            </available_space>
            <allocated_space>
               <start_address>0x2000fe00</start_address>
               <size>0x200</size>
               <logical_group_ref idref="lg-e"/>
            </allocated_space>
         </usage_details>
      </memory_area>
   </placement_map>
   <cptbl_list>
      <cptbl>
         <name>__TI_cinit_table</name>
         <cprec>
            <name>.data</name>
            <load_address>0x6b8</load_address>
            <load_size>0xf</load_size>
            <run_address>0x20000000</run_address>
            <run_size>0x18</run_size>
            <compression>rle</compression>
         </cprec>
      </cptbl>
   </cptbl_list>
   <handler_table>
      <handler_table_name>__TI_handler_table</handler_table_name>
      <handler>
         <index>0x0</index>
         <name>__TI_decompress_rle24</name>
      </handler>
      <handler>
         <index>0x1</index>
         <name>__TI_decompress_none</name>
      </handler>
   </handler_table>
   <symbol_table>
      <symbol id="sm-1">
         <name>WDTCTL_SYM</name>
         <value>0x4000480c</value>
      </symbol>
      <symbol id="sm-2">
         <name>__TI_CINIT_Base</name>
         <value>0x6d0</value>
      </symbol>
      <symbol id="sm-3">
         <name>__TI_CINIT_Limit</name>
         <value>0x6d8</value>
      </symbol>
      <symbol id="sm-4">
         <name>__TI_Handler_Table_Base</name>
         <value>0x6c8</value>
      </symbol>
      <symbol id="sm-5">
         <name>__TI_Handler_Table_Limit</name>
         <value>0x6d0</value>
      </symbol>
      <symbol id="sm-6">
         <name>binit</name>
         <value>0xffffffff</value>
      </symbol>
      <symbol id="sm-7">
         <name>__binit__</name>
         <value>0xffffffff</value>
      </symbol>
      <symbol id="sm-8">
         <name>__STACK_SIZE</name>
         <value>0x200</value>
      </symbol>
      <symbol id="sm-9">
         <name>__STACK_END</name>
         <value>0x20010000</value>
      </symbol>
      <symbol id="sm-a">
         <name>__c_args__</name>
         <value>0xffffffff</value>
      </symbol>
      <symbol id="sm-5e">
         <name>EdgeCounter_Init</name>
         <value>0x145</value>
         <object_component_ref idref="oc-31"/>
      </symbol>
      <symbol id="sm-5f">
         <name>PORT1_IRQHandler</name>
         <value>0x1bd</value>
         <object_component_ref idref="oc-31"/>
      </symbol>
      <symbol id="sm-60">
         <name>PORT1_IRQHandler_version3</name>
         <value>0x211</value>
         <object_component_ref idref="oc-31"/>
      </symbol>
      <symbol id="sm-61">
         <name>PORT1_IRQHandler_version2</name>
         <value>0x1f5</value>
         <object_component_ref idref="oc-31"/>
      </symbol>
      <symbol id="sm-62">
         <name>main</name>
         <value>0x257</value>
         <object_component_ref idref="oc-31"/>
      </symbol>
      <symbol id="sm-63">
         <name>FallingEdges</name>
         <value>0x20000010</value>
         <object_component_ref idref="oc-7c"/>
      </symbol>
      <symbol id="sm-e3">
         <name>T32_INT2_IRQHandler</name>
         <value>0x3fd</value>
         <object_component_ref idref="oc-2b"/>
      </symbol>
      <symbol id="sm-e4">
         <name>PendSV_Handler</name>
         <value>0x3c5</value>
         <object_component_ref idref="oc-2b"/>
      </symbol>
      <symbol id="sm-e5">
         <name>SysTick_Handler</name>
         <value>0x3c7</value>
         <object_component_ref idref="oc-2b"/>
      </symbol>
      <symbol id="sm-e6">
         <name>EUSCIA3_IRQHandler</name>
         <value>0x3ef</value>
         <object_component_ref idref="oc-2b"/>
      </symbol>
      <symbol id="sm-e7">
         <name>SVC_Handler</name>
         <value>0x3c1</value>
         <object_component_ref idref="oc-2b"/>
      </symbol>
      <symbol id="sm-e8">
         <name>EUSCIB1_IRQHandler</name>
         <value>0x3f3</value>
         <object_component_ref idref="oc-2b"/>
      </symbol>
      <symbol id="sm-e9">
         <name>PORT4_IRQHandler</name>
         <value>0x415</value>
         <object_component_ref idref="oc-2b"/>
      </symbol>
      <symbol id="sm-ea">
         <name>AES256_IRQHandler</name>
         <value>0x401</value>
         <object_component_ref idref="oc-2b"/>
      </symbol>
      <symbol id="sm-eb">
         <name>FPU_IRQHandler</name>
         <value>0x3d1</value>
         <object_component_ref idref="oc-2b"/>
      </symbol>
      <symbol id="sm-ec">
         <name>EUSCIB2_IRQHandler</name>
         <value>0x3f5</value>
         <object_component_ref idref="oc-2b"/>
      </symbol>
      <symbol id="sm-ed">
         <name>RTC_C_IRQHandler</name>
         <value>0x403</value>
         <object_component_ref idref="oc-2b"/>
      </symbol>
      <symbol id="sm-ee">
         <name>TA2_0_IRQHandler</name>
         <value>0x3e1</value>
         <object_component_ref idref="oc-2b"/>
      </symbol>
      <symbol id="sm-ef">
         <name>TA3_N_IRQHandler</name>
         <value>0x3e7</value>
         <object_component_ref idref="oc-2b"/>
      </symbol>
      <symbol id="sm-f0">
         <name>DMA_INT3_IRQHandler</name>
         <value>0x407</value>
         <object_component_ref idref="oc-2b"/>
      </symbol>
      <symbol id="sm-f1">
         <name>PORT2_IRQHandler</name>
         <value>0x411</value>
         <object_component_ref idref="oc-2b"/>
      </symbol>
      <symbol id="sm-f2">
         <name>StartCritical</name>
         <value>0x427</value>
         <object_component_ref idref="oc-2b"/>
      </symbol>
      <symbol id="sm-f3">
         <name>TA0_0_IRQHandler</name>
         <value>0x3d9</value>
         <object_component_ref idref="oc-2b"/>
      </symbol>
      <symbol id="sm-f4">
         <name>PSS_IRQHandler</name>
         <value>0x3c9</value>
         <object_component_ref idref="oc-2b"/>
      </symbol>
      <symbol id="sm-f5">
         <name>TA1_N_IRQHandler</name>
         <value>0x3df</value>
         <object_component_ref idref="oc-2b"/>
      </symbol>
      <symbol id="sm-f6">
         <name>EUSCIA1_IRQHandler</name>
         <value>0x3eb</value>
         <object_component_ref idref="oc-2b"/>
      </symbol>
      <symbol id="sm-f7">
         <name>EUSCIA2_IRQHandler</name>
         <value>0x3ed</value>
         <object_component_ref idref="oc-2b"/>
      </symbol>
      <symbol id="sm-f8">
         <name>COMP_E0_IRQHandler</name>
         <value>0x3d5</value>
         <object_component_ref idref="oc-2b"/>
      </symbol>
      <symbol id="sm-f9">
         <name>WDT_A_IRQHandler</name>
         <value>0x3cf</value>
         <object_component_ref idref="oc-2b"/>
      </symbol>
      <symbol id="sm-fa">
         <name>EUSCIB0_IRQHandler</name>
         <value>0x3f1</value>
         <object_component_ref idref="oc-2b"/>
      </symbol>
      <symbol id="sm-fb">
         <name>FLCTL_IRQHandler</name>
         <value>0x3d3</value>
         <object_component_ref idref="oc-2b"/>
      </symbol>
      <symbol id="sm-fc">
         <name>EndCritical</name>
         <value>0x431</value>
         <object_component_ref idref="oc-2b"/>
      </symbol>
      <symbol id="sm-fd">
         <name>DMA_INT1_IRQHandler</name>
         <value>0x40b</value>
         <object_component_ref idref="oc-2b"/>
      </symbol>
      <symbol id="sm-fe">
         <name>PCM_IRQHandler</name>
         <value>0x3cd</value>
         <object_component_ref idref="oc-2b"/>
      </symbol>
      <symbol id="sm-ff">
         <name>ADC14_IRQHandler</name>
         <value>0x3f9</value>
         <object_component_ref idref="oc-2b"/>
      </symbol>
      <symbol id="sm-100">
         <name>T32_INTC_IRQHandler</name>
         <value>0x3ff</value>
         <object_component_ref idref="oc-2b"/>
      </symbol>
      <symbol id="sm-101">
         <name>DMA_INT2_IRQHandler</name>
         <value>0x409</value>
         <object_component_ref idref="oc-2b"/>
      </symbol>
      <symbol id="sm-102">
         <name>TA3_0_IRQHandler</name>
         <value>0x3e5</value>
         <object_component_ref idref="oc-2b"/>
      </symbol>
      <symbol id="sm-103">
         <name>EUSCIA0_IRQHandler</name>
         <value>0x3e9</value>
         <object_component_ref idref="oc-2b"/>
      </symbol>
      <symbol id="sm-104">
         <name>DMA_ERR_IRQHandler</name>
         <value>0x405</value>
         <object_component_ref idref="oc-2b"/>
      </symbol>
      <symbol id="sm-105">
         <name>DisableInterrupts</name>
         <value>0x41b</value>
         <object_component_ref idref="oc-2b"/>
      </symbol>
      <symbol id="sm-106">
         <name>PORT5_IRQHandler</name>
         <value>0x417</value>
         <object_component_ref idref="oc-2b"/>
      </symbol>
      <symbol id="sm-107">
         <name>TA1_0_IRQHandler</name>
         <value>0x3dd</value>
         <object_component_ref idref="oc-2b"/>
      </symbol>
      <symbol id="sm-108">
         <name>TA2_N_IRQHandler</name>
         <value>0x3e3</value>
         <object_component_ref idref="oc-2b"/>
      </symbol>
      <symbol id="sm-109">
         <name>COMP_E1_IRQHandler</name>
         <value>0x3d7</value>
         <object_component_ref idref="oc-2b"/>
      </symbol>
      <symbol id="sm-10a">
         <name>EUSCIB3_IRQHandler</name>
         <value>0x3f7</value>
         <object_component_ref idref="oc-2b"/>
      </symbol>
      <symbol id="sm-10b">
         <name>WaitForInterrupt</name>
         <value>0x439</value>
         <object_component_ref idref="oc-2b"/>
      </symbol>
      <symbol id="sm-10c">
         <name>interruptVectors</name>
         <value>0x0</value>
         <object_component_ref idref="oc-10"/>
      </symbol>
      <symbol id="sm-10d">
         <name>EnableInterrupts</name>
         <value>0x421</value>
         <object_component_ref idref="oc-2b"/>
      </symbol>
      <symbol id="sm-10e">
         <name>PORT6_IRQHandler</name>
         <value>0x419</value>
         <object_component_ref idref="oc-2b"/>
      </symbol>
      <symbol id="sm-10f">
         <name>TA0_N_IRQHandler</name>
         <value>0x3db</value>
         <object_component_ref idref="oc-2b"/>
      </symbol>
      <symbol id="sm-110">
         <name>T32_INT1_IRQHandler</name>
         <value>0x3fb</value>
         <object_component_ref idref="oc-2b"/>
      </symbol>
      <symbol id="sm-111">
         <name>DebugMon_Handler</name>
         <value>0x3c3</value>
         <object_component_ref idref="oc-2b"/>
      </symbol>
      <symbol id="sm-112">
         <name>DMA_INT0_IRQHandler</name>
         <value>0x40d</value>
         <object_component_ref idref="oc-2b"/>
      </symbol>
      <symbol id="sm-113">
         <name>PORT3_IRQHandler</name>
         <value>0x413</value>
         <object_component_ref idref="oc-2b"/>
      </symbol>
      <symbol id="sm-114">
         <name>CS_IRQHandler</name>
         <value>0x3cb</value>
         <object_component_ref idref="oc-2b"/>
      </symbol>
      <symbol id="sm-126">
         <name>_c_int00</name>
         <value>0x591</value>
         <object_component_ref idref="oc-25"/>
      </symbol>
      <symbol id="sm-127">
         <name>__stack</name>
         <value>0x2000fe00</value>
         <object_component_ref idref="oc-2a"/>
      </symbol>
      <symbol id="sm-13e">
         <name>__TI_decompress_none</name>
         <value>0x69d</value>
         <object_component_ref idref="oc-13"/>
      </symbol>
      <symbol id="sm-166">
         <name>__TI_decompress_rle24</name>
         <value>0x6ab</value>
         <object_component_ref idref="oc-19"/>
      </symbol>
      <symbol id="sm-186">
         <name>C$$EXIT</name>
         <value>0x62d</value>
         <object_component_ref idref="oc-71"/>
      </symbol>
      <symbol id="sm-187">
         <name>abort</name>
         <value>0x631</value>
         <object_component_ref idref="oc-71"/>
      </symbol>
      <symbol id="sm-188">
         <name>exit</name>
         <value>0x639</value>
         <object_component_ref idref="oc-71"/>
      </symbol>
      <symbol id="sm-189">
         <name>__TI_dtors_ptr</name>
         <value>0x2000000c</value>
         <object_component_ref idref="oc-ad"/>
      </symbol>
      <symbol id="sm-18a">
         <name>__TI_cleanup_ptr</name>
         <value>0x20000008</value>
         <object_component_ref idref="oc-ad"/>
      </symbol>
      <symbol id="sm-1a5">
         <name>memcpy</name>
         <value>0x309</value>
         <object_component_ref idref="oc-3a"/>
      </symbol>
      <symbol id="sm-1a6">
         <name>__aeabi_memcpy</name>
         <value>0x309</value>
         <object_component_ref idref="oc-3a"/>
      </symbol>
      <symbol id="sm-1a7">
         <name>__aeabi_memcpy8</name>
         <value>0x309</value>
         <object_component_ref idref="oc-3a"/>
      </symbol>
      <symbol id="sm-1a8">
         <name>__aeabi_memcpy4</name>
         <value>0x309</value>
         <object_component_ref idref="oc-3a"/>
      </symbol>
      <symbol id="sm-1b7">
         <name>__aeabi_memset</name>
         <value>0x441</value>
         <object_component_ref idref="oc-53"/>
      </symbol>
      <symbol id="sm-1b8">
         <name>memset</name>
         <value>0x447</value>
         <object_component_ref idref="oc-53"/>
      </symbol>
      <symbol id="sm-1b9">
         <name>__aeabi_memset8</name>
         <value>0x441</value>
         <object_component_ref idref="oc-53"/>
      </symbol>
      <symbol id="sm-1ba">
         <name>__aeabi_memset4</name>
         <value>0x441</value>
         <object_component_ref idref="oc-53"/>
      </symbol>
      <symbol id="sm-1bb">
         <name>__aeabi_memclr8</name>
         <value>0x43f</value>
         <object_component_ref idref="oc-53"/>
      </symbol>
      <symbol id="sm-1bc">
         <name>__aeabi_memclr4</name>
         <value>0x43f</value>
         <object_component_ref idref="oc-53"/>
      </symbol>
      <symbol id="sm-1bd">
         <name>__aeabi_memclr</name>
         <value>0x43f</value>
         <object_component_ref idref="oc-53"/>
      </symbol>
      <symbol id="sm-1c7">
         <name>_system_pre_init</name>
         <value>0x6b1</value>
         <object_component_ref idref="oc-5f"/>
      </symbol>
      <symbol id="sm-1cf">
         <name>main_func_sp</name>
         <value>0x20000014</value>
         <object_component_ref idref="oc-77"/>
      </symbol>
      <symbol id="sm-1e8">
         <name>_nop</name>
         <value>0x697</value>
         <object_component_ref idref="oc-cd"/>
      </symbol>
      <symbol id="sm-1e9">
         <name>_lock</name>
         <value>0x20000000</value>
         <object_component_ref idref="oc-aa"/>
      </symbol>
      <symbol id="sm-1ea">
         <name>_unlock</name>
         <value>0x20000004</value>
         <object_component_ref idref="oc-aa"/>
      </symbol>
      <symbol id="sm-1eb">
         <name>_register_lock</name>
         <value>0x68f</value>
         <object_component_ref idref="oc-cd"/>
      </symbol>
      <symbol id="sm-1ec">
         <name>_register_unlock</name>
         <value>0x689</value>
         <object_component_ref idref="oc-cd"/>
      </symbol>
      <symbol id="sm-201">
         <name>_args_main</name>
         <value>0x671</value>
         <object_component_ref idref="oc-6b"/>
      </symbol>
      <symbol id="sm-227">
         <name>__TI_auto_init</name>
         <value>0x4b9</value>
         <object_component_ref idref="oc-65"/>
      </symbol>
      <symbol id="sm-241">
         <name>copy_in</name>
         <value>0x5e1</value>
         <object_component_ref idref="oc-a0"/>
      </symbol>
      <symbol id="sm-242">
         <name>__TI_static_base__</name>
         <value>0x0</value>
      </symbol>
      <symbol id="sm-245">
         <name>SHT$$INIT_ARRAY$$Limit</name>
         <value>0x0</value>
      </symbol>
      <symbol id="sm-246">
         <name>SHT$$INIT_ARRAY$$Base</name>
         <value>0x0</value>
      </symbol>
   </symbol_table>
   <title>Link successful</title>
</link_info>
