<?xml version="1.0"?>
<link_info>
   <banner>TI ARM Linker PC v5.2.4</banner>
   <copyright>Copyright (c) 1996-2015 Texas Instruments Incorporated</copyright>
   <link_time>0x575f2062</link_time>
   <link_errors>0x0</link_errors>
   <output_file>ClockSystem_MSP432.out</output_file>
   <entry_point>
      <name>_c_int00</name>
      <address>0x79d</address>
   </entry_point>
   <input_file_list>
      <input_file id="fl-2">
         <path>.\</path>
         <kind>object</kind>
         <file>ClockSystem.obj</file>
         <name>ClockSystem.obj</name>
      </input_file>
      <input_file id="fl-3">
         <path>.\</path>
         <kind>object</kind>
         <file>ClockSystemTestMain.obj</file>
         <name>ClockSystemTestMain.obj</name>
      </input_file>
      <input_file id="fl-4">
         <path>.\</path>
         <kind>object</kind>
         <file>msp432_startup_ccs.obj</file>
         <name>msp432_startup_ccs.obj</name>
      </input_file>
      <input_file id="fl-12a">
         <path>C:\ti\ccsv6\tools\compiler\ti-cgt-arm_5.2.4\lib\</path>
         <kind>archive</kind>
         <file>rtsv7M4_T_le_v4SPD16_eabi.lib</file>
         <name>boot.obj</name>
      </input_file>
      <input_file id="fl-12b">
         <path>C:\ti\ccsv6\tools\compiler\ti-cgt-arm_5.2.4\lib\</path>
         <kind>archive</kind>
         <file>rtsv7M4_T_le_v4SPD16_eabi.lib</file>
         <name>copy_decompress_none.obj</name>
      </input_file>
      <input_file id="fl-12c">
         <path>C:\ti\ccsv6\tools\compiler\ti-cgt-arm_5.2.4\lib\</path>
         <kind>archive</kind>
         <file>rtsv7M4_T_le_v4SPD16_eabi.lib</file>
         <name>copy_decompress_rle.obj</name>
      </input_file>
      <input_file id="fl-12d">
         <path>C:\ti\ccsv6\tools\compiler\ti-cgt-arm_5.2.4\lib\</path>
         <kind>archive</kind>
         <file>rtsv7M4_T_le_v4SPD16_eabi.lib</file>
         <name>copy_zero_init.obj</name>
      </input_file>
      <input_file id="fl-12e">
         <path>C:\ti\ccsv6\tools\compiler\ti-cgt-arm_5.2.4\lib\</path>
         <kind>archive</kind>
         <file>rtsv7M4_T_le_v4SPD16_eabi.lib</file>
         <name>exit.obj</name>
      </input_file>
      <input_file id="fl-12f">
         <path>C:\ti\ccsv6\tools\compiler\ti-cgt-arm_5.2.4\lib\</path>
         <kind>archive</kind>
         <file>rtsv7M4_T_le_v4SPD16_eabi.lib</file>
         <name>memcpy_t2.obj</name>
      </input_file>
      <input_file id="fl-130">
         <path>C:\ti\ccsv6\tools\compiler\ti-cgt-arm_5.2.4\lib\</path>
         <kind>archive</kind>
         <file>rtsv7M4_T_le_v4SPD16_eabi.lib</file>
         <name>memset_t2.obj</name>
      </input_file>
      <input_file id="fl-131">
         <path>C:\ti\ccsv6\tools\compiler\ti-cgt-arm_5.2.4\lib\</path>
         <kind>archive</kind>
         <file>rtsv7M4_T_le_v4SPD16_eabi.lib</file>
         <name>pre_init.obj</name>
      </input_file>
      <input_file id="fl-132">
         <path>C:\ti\ccsv6\tools\compiler\ti-cgt-arm_5.2.4\lib\</path>
         <kind>archive</kind>
         <file>rtsv7M4_T_le_v4SPD16_eabi.lib</file>
         <name>stkdepth_vars.obj</name>
      </input_file>
      <input_file id="fl-133">
         <path>C:\ti\ccsv6\tools\compiler\ti-cgt-arm_5.2.4\lib\</path>
         <kind>archive</kind>
         <file>rtsv7M4_T_le_v4SPD16_eabi.lib</file>
         <name>_lock.obj</name>
      </input_file>
      <input_file id="fl-134">
         <path>C:\ti\ccsv6\tools\compiler\ti-cgt-arm_5.2.4\lib\</path>
         <kind>archive</kind>
         <file>rtsv7M4_T_le_v4SPD16_eabi.lib</file>
         <name>args_main.obj</name>
      </input_file>
      <input_file id="fl-135">
         <path>C:\ti\ccsv6\tools\compiler\ti-cgt-arm_5.2.4\lib\</path>
         <kind>archive</kind>
         <file>rtsv7M4_T_le_v4SPD16_eabi.lib</file>
         <name>autoinit.obj</name>
      </input_file>
      <input_file id="fl-136">
         <path>C:\ti\ccsv6\tools\compiler\ti-cgt-arm_5.2.4\lib\</path>
         <kind>archive</kind>
         <file>rtsv7M4_T_le_v4SPD16_eabi.lib</file>
         <name>cpy_tbl.obj</name>
      </input_file>
   </input_file_list>
   <object_component_list>
      <object_component id="oc-10">
         <name>.intvecs</name>
         <load_address>0x0</load_address>
         <run_address>0x0</run_address>
         <size>0x144</size>
         <input_file_ref idref="fl-4"/>
      </object_component>
      <object_component id="oc-ba">
         <name>.text</name>
         <load_address>0x144</load_address>
         <run_address>0x144</run_address>
         <size>0x330</size>
         <input_file_ref idref="fl-2"/>
      </object_component>
      <object_component id="oc-99">
         <name>.text</name>
         <load_address>0x474</load_address>
         <run_address>0x474</run_address>
         <size>0xa0</size>
         <input_file_ref idref="fl-3"/>
      </object_component>
      <object_component id="oc-34">
         <name>.text</name>
         <load_address>0x514</load_address>
         <run_address>0x514</run_address>
         <size>0x9c</size>
         <input_file_ref idref="fl-12f"/>
      </object_component>
      <object_component id="oc-2b">
         <name>.text</name>
         <load_address>0x5b0</load_address>
         <run_address>0x5b0</run_address>
         <size>0x9a</size>
         <input_file_ref idref="fl-4"/>
      </object_component>
      <object_component id="oc-4d">
         <name>.text</name>
         <load_address>0x64a</load_address>
         <run_address>0x64a</run_address>
         <size>0x7a</size>
         <input_file_ref idref="fl-130"/>
      </object_component>
      <object_component id="oc-5f">
         <name>.text</name>
         <load_address>0x6c4</load_address>
         <run_address>0x6c4</run_address>
         <size>0x6c</size>
         <input_file_ref idref="fl-135"/>
      </object_component>
      <object_component id="oc-40">
         <name>.text</name>
         <load_address>0x730</load_address>
         <run_address>0x730</run_address>
         <size>0x6a</size>
         <input_file_ref idref="fl-12c"/>
      </object_component>
      <object_component id="oc-25">
         <name>.text</name>
         <load_address>0x79c</load_address>
         <run_address>0x79c</run_address>
         <size>0x50</size>
         <input_file_ref idref="fl-12a"/>
      </object_component>
      <object_component id="oc-91">
         <name>.text</name>
         <load_address>0x7ec</load_address>
         <run_address>0x7ec</run_address>
         <size>0x4c</size>
         <input_file_ref idref="fl-136"/>
      </object_component>
      <object_component id="oc-6b">
         <name>.text</name>
         <load_address>0x838</load_address>
         <run_address>0x838</run_address>
         <size>0x44</size>
         <input_file_ref idref="fl-12e"/>
      </object_component>
      <object_component id="oc-65">
         <name>.text</name>
         <load_address>0x87c</load_address>
         <run_address>0x87c</run_address>
         <size>0x18</size>
         <input_file_ref idref="fl-134"/>
      </object_component>
      <object_component id="oc-c8">
         <name>.text</name>
         <load_address>0x894</load_address>
         <run_address>0x894</run_address>
         <size>0x14</size>
         <input_file_ref idref="fl-133"/>
      </object_component>
      <object_component id="oc-13">
         <name>.text:decompress:none</name>
         <load_address>0x8a8</load_address>
         <run_address>0x8a8</run_address>
         <size>0xe</size>
         <input_file_ref idref="fl-12b"/>
      </object_component>
      <object_component id="oc-19">
         <name>.text:decompress:rle24</name>
         <load_address>0x8b6</load_address>
         <run_address>0x8b6</run_address>
         <size>0x6</size>
         <input_file_ref idref="fl-12c"/>
      </object_component>
      <object_component id="oc-59">
         <name>.text</name>
         <load_address>0x8bc</load_address>
         <run_address>0x8bc</run_address>
         <size>0x4</size>
         <input_file_ref idref="fl-131"/>
      </object_component>
      <object_component id="oc-113">
         <name>.cinit..data.load</name>
         <load_address>0x8c0</load_address>
         <run_address>0x8c0</run_address>
         <size>0x12</size>
      </object_component>
      <object_component id="oc-111">
         <name>__TI_handler_table</name>
         <load_address>0x8d4</load_address>
         <run_address>0x8d4</run_address>
         <size>0x8</size>
      </object_component>
      <object_component id="oc-112">
         <name>__TI_cinit_table</name>
         <load_address>0x8dc</load_address>
         <run_address>0x8dc</run_address>
         <size>0x8</size>
      </object_component>
      <object_component id="oc-2a">
         <name>.stack</name>
         <uninitialized>true</uninitialized>
         <run_address>0x2000fe00</run_address>
         <size>0x0</size>
         <input_file_ref idref="fl-12a"/>
      </object_component>
      <object_component id="oc-114">
         <name>.stack</name>
         <uninitialized>true</uninitialized>
         <run_address>0x2000fe00</run_address>
         <size>0x0</size>
      </object_component>
      <object_component id="oc-dd">
         <name>.data</name>
         <load_address>0x20000000</load_address>
         <run_address>0x20000000</run_address>
         <size>0x14</size>
         <input_file_ref idref="fl-2"/>
      </object_component>
      <object_component id="oc-a4">
         <name>.data</name>
         <load_address>0x2000001c</load_address>
         <run_address>0x2000001c</run_address>
         <size>0x8</size>
         <input_file_ref idref="fl-12e"/>
      </object_component>
      <object_component id="oc-71">
         <name>.data</name>
         <load_address>0x20000024</load_address>
         <run_address>0x20000024</run_address>
         <size>0x4</size>
         <input_file_ref idref="fl-132"/>
      </object_component>
      <object_component id="oc-a1">
         <name>.data</name>
         <load_address>0x20000014</load_address>
         <run_address>0x20000014</run_address>
         <size>0x8</size>
         <input_file_ref idref="fl-133"/>
      </object_component>
      <object_component id="oc-de">
         <name>.debug_info</name>
         <load_address>0x0</load_address>
         <run_address>0x0</run_address>
         <size>0x163</size>
         <input_file_ref idref="fl-2"/>
      </object_component>
      <object_component id="oc-bb">
         <name>.debug_info</name>
         <load_address>0x163</load_address>
         <run_address>0x163</run_address>
         <size>0x264</size>
         <input_file_ref idref="fl-2"/>
      </object_component>
      <object_component id="oc-78">
         <name>.debug_info</name>
         <load_address>0x3c7</load_address>
         <run_address>0x3c7</run_address>
         <size>0x84</size>
         <input_file_ref idref="fl-2"/>
      </object_component>
      <object_component id="oc-eb">
         <name>.debug_info</name>
         <load_address>0x44b</load_address>
         <run_address>0x44b</run_address>
         <size>0x18b</size>
         <input_file_ref idref="fl-2"/>
      </object_component>
      <object_component id="oc-e1">
         <name>.debug_info</name>
         <load_address>0x5d6</load_address>
         <run_address>0x5d6</run_address>
         <size>0x57</size>
         <input_file_ref idref="fl-2"/>
      </object_component>
      <object_component id="oc-9a">
         <name>.debug_info</name>
         <load_address>0x62d</load_address>
         <run_address>0x62d</run_address>
         <size>0x1de</size>
         <input_file_ref idref="fl-3"/>
      </object_component>
      <object_component id="oc-33">
         <name>.debug_info</name>
         <load_address>0x80b</load_address>
         <run_address>0x80b</run_address>
         <size>0x107</size>
         <input_file_ref idref="fl-4"/>
      </object_component>
      <object_component id="oc-11">
         <name>.debug_info</name>
         <load_address>0x912</load_address>
         <run_address>0x912</run_address>
         <size>0xf4</size>
         <input_file_ref idref="fl-4"/>
      </object_component>
      <object_component id="oc-2c">
         <name>.debug_info</name>
         <load_address>0xa06</load_address>
         <run_address>0xa06</run_address>
         <size>0x16a0</size>
         <input_file_ref idref="fl-4"/>
      </object_component>
      <object_component id="oc-27">
         <name>.debug_info</name>
         <load_address>0x20a6</load_address>
         <run_address>0x20a6</run_address>
         <size>0x136</size>
         <input_file_ref idref="fl-12a"/>
      </object_component>
      <object_component id="oc-3f">
         <name>.debug_info</name>
         <load_address>0x21dc</load_address>
         <run_address>0x21dc</run_address>
         <size>0x123</size>
         <input_file_ref idref="fl-12b"/>
      </object_component>
      <object_component id="oc-15">
         <name>.debug_info</name>
         <load_address>0x22ff</load_address>
         <run_address>0x22ff</run_address>
         <size>0x1c2</size>
         <input_file_ref idref="fl-12b"/>
      </object_component>
      <object_component id="oc-3a">
         <name>.debug_info</name>
         <load_address>0x24c1</load_address>
         <run_address>0x24c1</run_address>
         <size>0x46</size>
         <input_file_ref idref="fl-12b"/>
      </object_component>
      <object_component id="oc-7e">
         <name>.debug_info</name>
         <load_address>0x2507</load_address>
         <run_address>0x2507</run_address>
         <size>0x2c</size>
         <input_file_ref idref="fl-12b"/>
      </object_component>
      <object_component id="oc-47">
         <name>.debug_info</name>
         <load_address>0x2533</load_address>
         <run_address>0x2533</run_address>
         <size>0x117</size>
         <input_file_ref idref="fl-12c"/>
      </object_component>
      <object_component id="oc-42">
         <name>.debug_info</name>
         <load_address>0x264a</load_address>
         <run_address>0x264a</run_address>
         <size>0x22a</size>
         <input_file_ref idref="fl-12c"/>
      </object_component>
      <object_component id="oc-1a">
         <name>.debug_info</name>
         <load_address>0x2874</load_address>
         <run_address>0x2874</run_address>
         <size>0x194</size>
         <input_file_ref idref="fl-12c"/>
      </object_component>
      <object_component id="oc-48">
         <name>.debug_info</name>
         <load_address>0x2a08</load_address>
         <run_address>0x2a08</run_address>
         <size>0x39</size>
         <input_file_ref idref="fl-12c"/>
      </object_component>
      <object_component id="oc-88">
         <name>.debug_info</name>
         <load_address>0x2a41</load_address>
         <run_address>0x2a41</run_address>
         <size>0x2c</size>
         <input_file_ref idref="fl-12c"/>
      </object_component>
      <object_component id="oc-a8">
         <name>.debug_info</name>
         <load_address>0x2a6d</load_address>
         <run_address>0x2a6d</run_address>
         <size>0x174</size>
         <input_file_ref idref="fl-12e"/>
      </object_component>
      <object_component id="oc-a5">
         <name>.debug_info</name>
         <load_address>0x2be1</load_address>
         <run_address>0x2be1</run_address>
         <size>0x119</size>
         <input_file_ref idref="fl-12e"/>
      </object_component>
      <object_component id="oc-6e">
         <name>.debug_info</name>
         <load_address>0x2cfa</load_address>
         <run_address>0x2cfa</run_address>
         <size>0x1f0</size>
         <input_file_ref idref="fl-12e"/>
      </object_component>
      <object_component id="oc-35">
         <name>.debug_info</name>
         <load_address>0x2eea</load_address>
         <run_address>0x2eea</run_address>
         <size>0xf8</size>
         <input_file_ref idref="fl-12f"/>
      </object_component>
      <object_component id="oc-4e">
         <name>.debug_info</name>
         <load_address>0x2fe2</load_address>
         <run_address>0x2fe2</run_address>
         <size>0x126</size>
         <input_file_ref idref="fl-130"/>
      </object_component>
      <object_component id="oc-5a">
         <name>.debug_info</name>
         <load_address>0x3108</load_address>
         <run_address>0x3108</run_address>
         <size>0x12b</size>
         <input_file_ref idref="fl-131"/>
      </object_component>
      <object_component id="oc-72">
         <name>.debug_info</name>
         <load_address>0x3233</load_address>
         <run_address>0x3233</run_address>
         <size>0xec</size>
         <input_file_ref idref="fl-132"/>
      </object_component>
      <object_component id="oc-d0">
         <name>.debug_info</name>
         <load_address>0x331f</load_address>
         <run_address>0x331f</run_address>
         <size>0x107</size>
         <input_file_ref idref="fl-133"/>
      </object_component>
      <object_component id="oc-a2">
         <name>.debug_info</name>
         <load_address>0x3426</load_address>
         <run_address>0x3426</run_address>
         <size>0xf6</size>
         <input_file_ref idref="fl-133"/>
      </object_component>
      <object_component id="oc-c9">
         <name>.debug_info</name>
         <load_address>0x351c</load_address>
         <run_address>0x351c</run_address>
         <size>0x202</size>
         <input_file_ref idref="fl-133"/>
      </object_component>
      <object_component id="oc-a0">
         <name>.debug_info</name>
         <load_address>0x371e</load_address>
         <run_address>0x371e</run_address>
         <size>0x149</size>
         <input_file_ref idref="fl-134"/>
      </object_component>
      <object_component id="oc-66">
         <name>.debug_info</name>
         <load_address>0x3867</load_address>
         <run_address>0x3867</run_address>
         <size>0x14a</size>
         <input_file_ref idref="fl-134"/>
      </object_component>
      <object_component id="oc-c3">
         <name>.debug_info</name>
         <load_address>0x39b1</load_address>
         <run_address>0x39b1</run_address>
         <size>0x5e</size>
         <input_file_ref idref="fl-134"/>
      </object_component>
      <object_component id="oc-98">
         <name>.debug_info</name>
         <load_address>0x3a0f</load_address>
         <run_address>0x3a0f</run_address>
         <size>0x2a0</size>
         <input_file_ref idref="fl-135"/>
      </object_component>
      <object_component id="oc-60">
         <name>.debug_info</name>
         <load_address>0x3caf</load_address>
         <run_address>0x3caf</run_address>
         <size>0x15a</size>
         <input_file_ref idref="fl-135"/>
      </object_component>
      <object_component id="oc-b0">
         <name>.debug_info</name>
         <load_address>0x3e09</load_address>
         <run_address>0x3e09</run_address>
         <size>0x39</size>
         <input_file_ref idref="fl-135"/>
      </object_component>
      <object_component id="oc-b5">
         <name>.debug_info</name>
         <load_address>0x3e42</load_address>
         <run_address>0x3e42</run_address>
         <size>0xcd</size>
         <input_file_ref idref="fl-135"/>
      </object_component>
      <object_component id="oc-ad">
         <name>.debug_info</name>
         <load_address>0x3f0f</load_address>
         <run_address>0x3f0f</run_address>
         <size>0x1c3</size>
         <input_file_ref idref="fl-136"/>
      </object_component>
      <object_component id="oc-92">
         <name>.debug_info</name>
         <load_address>0x40d2</load_address>
         <run_address>0x40d2</run_address>
         <size>0x166</size>
         <input_file_ref idref="fl-136"/>
      </object_component>
      <object_component id="oc-d8">
         <name>.debug_info</name>
         <load_address>0x4238</load_address>
         <run_address>0x4238</run_address>
         <size>0x2c</size>
         <input_file_ref idref="fl-136"/>
      </object_component>
      <object_component id="oc-115">
         <name>.debug_info</name>
         <load_address>0x4264</load_address>
         <run_address>0x4264</run_address>
         <size>0xac</size>
      </object_component>
      <object_component id="oc-ea">
         <name>.debug_line</name>
         <load_address>0x0</load_address>
         <run_address>0x0</run_address>
         <size>0x34</size>
         <input_file_ref idref="fl-2"/>
      </object_component>
      <object_component id="oc-be">
         <name>.debug_line</name>
         <load_address>0x34</load_address>
         <run_address>0x34</run_address>
         <size>0x138</size>
         <input_file_ref idref="fl-2"/>
      </object_component>
      <object_component id="oc-7b">
         <name>.debug_line</name>
         <load_address>0x16c</load_address>
         <run_address>0x16c</run_address>
         <size>0x20</size>
         <input_file_ref idref="fl-2"/>
      </object_component>
      <object_component id="oc-ee">
         <name>.debug_line</name>
         <load_address>0x18c</load_address>
         <run_address>0x18c</run_address>
         <size>0x60</size>
         <input_file_ref idref="fl-2"/>
      </object_component>
      <object_component id="oc-e4">
         <name>.debug_line</name>
         <load_address>0x1ec</load_address>
         <run_address>0x1ec</run_address>
         <size>0x34</size>
         <input_file_ref idref="fl-2"/>
      </object_component>
      <object_component id="oc-9d">
         <name>.debug_line</name>
         <load_address>0x220</load_address>
         <run_address>0x220</run_address>
         <size>0x7e</size>
         <input_file_ref idref="fl-3"/>
      </object_component>
      <object_component id="oc-77">
         <name>.debug_line</name>
         <load_address>0x29e</load_address>
         <run_address>0x29e</run_address>
         <size>0x3b</size>
         <input_file_ref idref="fl-4"/>
      </object_component>
      <object_component id="oc-32">
         <name>.debug_line</name>
         <load_address>0x2d9</load_address>
         <run_address>0x2d9</run_address>
         <size>0x3b</size>
         <input_file_ref idref="fl-4"/>
      </object_component>
      <object_component id="oc-2f">
         <name>.debug_line</name>
         <load_address>0x314</load_address>
         <run_address>0x314</run_address>
         <size>0x55a</size>
         <input_file_ref idref="fl-4"/>
      </object_component>
      <object_component id="oc-26">
         <name>.debug_line</name>
         <load_address>0x86e</load_address>
         <run_address>0x86e</run_address>
         <size>0x52</size>
         <input_file_ref idref="fl-12a"/>
      </object_component>
      <object_component id="oc-84">
         <name>.debug_line</name>
         <load_address>0x8c0</load_address>
         <run_address>0x8c0</run_address>
         <size>0x72</size>
         <input_file_ref idref="fl-12b"/>
      </object_component>
      <object_component id="oc-17">
         <name>.debug_line</name>
         <load_address>0x932</load_address>
         <run_address>0x932</run_address>
         <size>0x55</size>
         <input_file_ref idref="fl-12b"/>
      </object_component>
      <object_component id="oc-3d">
         <name>.debug_line</name>
         <load_address>0x987</load_address>
         <run_address>0x987</run_address>
         <size>0x3a</size>
         <input_file_ref idref="fl-12b"/>
      </object_component>
      <object_component id="oc-81">
         <name>.debug_line</name>
         <load_address>0x9c1</load_address>
         <run_address>0x9c1</run_address>
         <size>0x72</size>
         <input_file_ref idref="fl-12b"/>
      </object_component>
      <object_component id="oc-87">
         <name>.debug_line</name>
         <load_address>0xa33</load_address>
         <run_address>0xa33</run_address>
         <size>0x72</size>
         <input_file_ref idref="fl-12c"/>
      </object_component>
      <object_component id="oc-41">
         <name>.debug_line</name>
         <load_address>0xaa5</load_address>
         <run_address>0xaa5</run_address>
         <size>0x98</size>
         <input_file_ref idref="fl-12c"/>
      </object_component>
      <object_component id="oc-1e">
         <name>.debug_line</name>
         <load_address>0xb3d</load_address>
         <run_address>0xb3d</run_address>
         <size>0x4b</size>
         <input_file_ref idref="fl-12c"/>
      </object_component>
      <object_component id="oc-4b">
         <name>.debug_line</name>
         <load_address>0xb88</load_address>
         <run_address>0xb88</run_address>
         <size>0x39</size>
         <input_file_ref idref="fl-12c"/>
      </object_component>
      <object_component id="oc-8b">
         <name>.debug_line</name>
         <load_address>0xbc1</load_address>
         <run_address>0xbc1</run_address>
         <size>0x72</size>
         <input_file_ref idref="fl-12c"/>
      </object_component>
      <object_component id="oc-d5">
         <name>.debug_line</name>
         <load_address>0xc33</load_address>
         <run_address>0xc33</run_address>
         <size>0x71</size>
         <input_file_ref idref="fl-12e"/>
      </object_component>
      <object_component id="oc-d3">
         <name>.debug_line</name>
         <load_address>0xca4</load_address>
         <run_address>0xca4</run_address>
         <size>0x2a</size>
         <input_file_ref idref="fl-12e"/>
      </object_component>
      <object_component id="oc-6c">
         <name>.debug_line</name>
         <load_address>0xcce</load_address>
         <run_address>0xcce</run_address>
         <size>0x7a</size>
         <input_file_ref idref="fl-12e"/>
      </object_component>
      <object_component id="oc-38">
         <name>.debug_line</name>
         <load_address>0xd48</load_address>
         <run_address>0xd48</run_address>
         <size>0x88</size>
         <input_file_ref idref="fl-12f"/>
      </object_component>
      <object_component id="oc-51">
         <name>.debug_line</name>
         <load_address>0xdd0</load_address>
         <run_address>0xdd0</run_address>
         <size>0x79</size>
         <input_file_ref idref="fl-130"/>
      </object_component>
      <object_component id="oc-5d">
         <name>.debug_line</name>
         <load_address>0xe49</load_address>
         <run_address>0xe49</run_address>
         <size>0x40</size>
         <input_file_ref idref="fl-131"/>
      </object_component>
      <object_component id="oc-ab">
         <name>.debug_line</name>
         <load_address>0xe89</load_address>
         <run_address>0xe89</run_address>
         <size>0x33</size>
         <input_file_ref idref="fl-132"/>
      </object_component>
      <object_component id="oc-e8">
         <name>.debug_line</name>
         <load_address>0xebc</load_address>
         <run_address>0xebc</run_address>
         <size>0x20</size>
         <input_file_ref idref="fl-133"/>
      </object_component>
      <object_component id="oc-cf">
         <name>.debug_line</name>
         <load_address>0xedc</load_address>
         <run_address>0xedc</run_address>
         <size>0x2b</size>
         <input_file_ref idref="fl-133"/>
      </object_component>
      <object_component id="oc-cc">
         <name>.debug_line</name>
         <load_address>0xf07</load_address>
         <run_address>0xf07</run_address>
         <size>0x68</size>
         <input_file_ref idref="fl-133"/>
      </object_component>
      <object_component id="oc-c2">
         <name>.debug_line</name>
         <load_address>0xf6f</load_address>
         <run_address>0xf6f</run_address>
         <size>0x2b</size>
         <input_file_ref idref="fl-134"/>
      </object_component>
      <object_component id="oc-69">
         <name>.debug_line</name>
         <load_address>0xf9a</load_address>
         <run_address>0xf9a</run_address>
         <size>0x50</size>
         <input_file_ref idref="fl-134"/>
      </object_component>
      <object_component id="oc-c6">
         <name>.debug_line</name>
         <load_address>0xfea</load_address>
         <run_address>0xfea</run_address>
         <size>0x2b</size>
         <input_file_ref idref="fl-134"/>
      </object_component>
      <object_component id="oc-af">
         <name>.debug_line</name>
         <load_address>0x1015</load_address>
         <run_address>0x1015</run_address>
         <size>0x81</size>
         <input_file_ref idref="fl-135"/>
      </object_component>
      <object_component id="oc-63">
         <name>.debug_line</name>
         <load_address>0x1096</load_address>
         <run_address>0x1096</run_address>
         <size>0x79</size>
         <input_file_ref idref="fl-135"/>
      </object_component>
      <object_component id="oc-b3">
         <name>.debug_line</name>
         <load_address>0x110f</load_address>
         <run_address>0x110f</run_address>
         <size>0x2e</size>
         <input_file_ref idref="fl-135"/>
      </object_component>
      <object_component id="oc-b8">
         <name>.debug_line</name>
         <load_address>0x113d</load_address>
         <run_address>0x113d</run_address>
         <size>0x73</size>
         <input_file_ref idref="fl-135"/>
      </object_component>
      <object_component id="oc-d7">
         <name>.debug_line</name>
         <load_address>0x11b0</load_address>
         <run_address>0x11b0</run_address>
         <size>0x80</size>
         <input_file_ref idref="fl-136"/>
      </object_component>
      <object_component id="oc-95">
         <name>.debug_line</name>
         <load_address>0x1230</load_address>
         <run_address>0x1230</run_address>
         <size>0x68</size>
         <input_file_ref idref="fl-136"/>
      </object_component>
      <object_component id="oc-db">
         <name>.debug_line</name>
         <load_address>0x1298</load_address>
         <run_address>0x1298</run_address>
         <size>0x2e</size>
         <input_file_ref idref="fl-136"/>
      </object_component>
      <object_component id="oc-bf">
         <name>.debug_frame</name>
         <load_address>0x0</load_address>
         <run_address>0x0</run_address>
         <size>0xb8</size>
         <input_file_ref idref="fl-2"/>
      </object_component>
      <object_component id="oc-9e">
         <name>.debug_frame</name>
         <load_address>0xb8</load_address>
         <run_address>0xb8</run_address>
         <size>0x9d</size>
         <input_file_ref idref="fl-3"/>
      </object_component>
      <object_component id="oc-30">
         <name>.debug_frame</name>
         <load_address>0x155</load_address>
         <run_address>0x155</run_address>
         <size>0x404</size>
         <input_file_ref idref="fl-4"/>
      </object_component>
      <object_component id="oc-18">
         <name>.debug_frame</name>
         <load_address>0x559</load_address>
         <run_address>0x559</run_address>
         <size>0x7f</size>
         <input_file_ref idref="fl-12b"/>
      </object_component>
      <object_component id="oc-45">
         <name>.debug_frame</name>
         <load_address>0x5d8</load_address>
         <run_address>0x5d8</run_address>
         <size>0x8e</size>
         <input_file_ref idref="fl-12c"/>
      </object_component>
      <object_component id="oc-1d">
         <name>.debug_frame</name>
         <load_address>0x666</load_address>
         <run_address>0x666</run_address>
         <size>0x7f</size>
         <input_file_ref idref="fl-12c"/>
      </object_component>
      <object_component id="oc-6d">
         <name>.debug_frame</name>
         <load_address>0x6e5</load_address>
         <run_address>0x6e5</run_address>
         <size>0xb3</size>
         <input_file_ref idref="fl-12e"/>
      </object_component>
      <object_component id="oc-5e">
         <name>.debug_frame</name>
         <load_address>0x798</load_address>
         <run_address>0x798</run_address>
         <size>0x7f</size>
         <input_file_ref idref="fl-131"/>
      </object_component>
      <object_component id="oc-cd">
         <name>.debug_frame</name>
         <load_address>0x817</load_address>
         <run_address>0x817</run_address>
         <size>0xa1</size>
         <input_file_ref idref="fl-133"/>
      </object_component>
      <object_component id="oc-6a">
         <name>.debug_frame</name>
         <load_address>0x8b8</load_address>
         <run_address>0x8b8</run_address>
         <size>0x7f</size>
         <input_file_ref idref="fl-134"/>
      </object_component>
      <object_component id="oc-64">
         <name>.debug_frame</name>
         <load_address>0x937</load_address>
         <run_address>0x937</run_address>
         <size>0x8a</size>
         <input_file_ref idref="fl-135"/>
      </object_component>
      <object_component id="oc-96">
         <name>.debug_frame</name>
         <load_address>0x9c1</load_address>
         <run_address>0x9c1</run_address>
         <size>0x8e</size>
         <input_file_ref idref="fl-136"/>
      </object_component>
      <object_component id="oc-e9">
         <name>.debug_abbrev</name>
         <load_address>0x0</load_address>
         <run_address>0x0</run_address>
         <size>0x29</size>
         <input_file_ref idref="fl-2"/>
      </object_component>
      <object_component id="oc-e0">
         <name>.debug_abbrev</name>
         <load_address>0x29</load_address>
         <run_address>0x29</run_address>
         <size>0x99</size>
         <input_file_ref idref="fl-2"/>
      </object_component>
      <object_component id="oc-7a">
         <name>.debug_abbrev</name>
         <load_address>0xc2</load_address>
         <run_address>0xc2</run_address>
         <size>0x1f</size>
         <input_file_ref idref="fl-2"/>
      </object_component>
      <object_component id="oc-ed">
         <name>.debug_abbrev</name>
         <load_address>0xe1</load_address>
         <run_address>0xe1</run_address>
         <size>0x35</size>
         <input_file_ref idref="fl-2"/>
      </object_component>
      <object_component id="oc-e3">
         <name>.debug_abbrev</name>
         <load_address>0x116</load_address>
         <run_address>0x116</run_address>
         <size>0x42</size>
         <input_file_ref idref="fl-2"/>
      </object_component>
      <object_component id="oc-c0">
         <name>.debug_abbrev</name>
         <load_address>0x158</load_address>
         <run_address>0x158</run_address>
         <size>0xa9</size>
         <input_file_ref idref="fl-3"/>
      </object_component>
      <object_component id="oc-76">
         <name>.debug_abbrev</name>
         <load_address>0x201</load_address>
         <run_address>0x201</run_address>
         <size>0x5d</size>
         <input_file_ref idref="fl-4"/>
      </object_component>
      <object_component id="oc-31">
         <name>.debug_abbrev</name>
         <load_address>0x25e</load_address>
         <run_address>0x25e</run_address>
         <size>0x29</size>
         <input_file_ref idref="fl-4"/>
      </object_component>
      <object_component id="oc-75">
         <name>.debug_abbrev</name>
         <load_address>0x287</load_address>
         <run_address>0x287</run_address>
         <size>0xf8</size>
         <input_file_ref idref="fl-4"/>
      </object_component>
      <object_component id="oc-74">
         <name>.debug_abbrev</name>
         <load_address>0x37f</load_address>
         <run_address>0x37f</run_address>
         <size>0x3e</size>
         <input_file_ref idref="fl-12a"/>
      </object_component>
      <object_component id="oc-83">
         <name>.debug_abbrev</name>
         <load_address>0x3bd</load_address>
         <run_address>0x3bd</run_address>
         <size>0x52</size>
         <input_file_ref idref="fl-12b"/>
      </object_component>
      <object_component id="oc-39">
         <name>.debug_abbrev</name>
         <load_address>0x40f</load_address>
         <run_address>0x40f</run_address>
         <size>0x74</size>
         <input_file_ref idref="fl-12b"/>
      </object_component>
      <object_component id="oc-3c">
         <name>.debug_abbrev</name>
         <load_address>0x483</load_address>
         <run_address>0x483</run_address>
         <size>0x24</size>
         <input_file_ref idref="fl-12b"/>
      </object_component>
      <object_component id="oc-80">
         <name>.debug_abbrev</name>
         <load_address>0x4a7</load_address>
         <run_address>0x4a7</run_address>
         <size>0x24</size>
         <input_file_ref idref="fl-12b"/>
      </object_component>
      <object_component id="oc-86">
         <name>.debug_abbrev</name>
         <load_address>0x4cb</load_address>
         <run_address>0x4cb</run_address>
         <size>0x52</size>
         <input_file_ref idref="fl-12c"/>
      </object_component>
      <object_component id="oc-85">
         <name>.debug_abbrev</name>
         <load_address>0x51d</load_address>
         <run_address>0x51d</run_address>
         <size>0x7b</size>
         <input_file_ref idref="fl-12c"/>
      </object_component>
      <object_component id="oc-46">
         <name>.debug_abbrev</name>
         <load_address>0x598</load_address>
         <run_address>0x598</run_address>
         <size>0x66</size>
         <input_file_ref idref="fl-12c"/>
      </object_component>
      <object_component id="oc-4a">
         <name>.debug_abbrev</name>
         <load_address>0x5fe</load_address>
         <run_address>0x5fe</run_address>
         <size>0x24</size>
         <input_file_ref idref="fl-12c"/>
      </object_component>
      <object_component id="oc-8a">
         <name>.debug_abbrev</name>
         <load_address>0x622</load_address>
         <run_address>0x622</run_address>
         <size>0x24</size>
         <input_file_ref idref="fl-12c"/>
      </object_component>
      <object_component id="oc-d4">
         <name>.debug_abbrev</name>
         <load_address>0x646</load_address>
         <run_address>0x646</run_address>
         <size>0x6b</size>
         <input_file_ref idref="fl-12e"/>
      </object_component>
      <object_component id="oc-d2">
         <name>.debug_abbrev</name>
         <load_address>0x6b1</load_address>
         <run_address>0x6b1</run_address>
         <size>0x29</size>
         <input_file_ref idref="fl-12e"/>
      </object_component>
      <object_component id="oc-a7">
         <name>.debug_abbrev</name>
         <load_address>0x6da</load_address>
         <run_address>0x6da</run_address>
         <size>0xba</size>
         <input_file_ref idref="fl-12e"/>
      </object_component>
      <object_component id="oc-7d">
         <name>.debug_abbrev</name>
         <load_address>0x794</load_address>
         <run_address>0x794</run_address>
         <size>0x3e</size>
         <input_file_ref idref="fl-12f"/>
      </object_component>
      <object_component id="oc-8d">
         <name>.debug_abbrev</name>
         <load_address>0x7d2</load_address>
         <run_address>0x7d2</run_address>
         <size>0x4f</size>
         <input_file_ref idref="fl-130"/>
      </object_component>
      <object_component id="oc-90">
         <name>.debug_abbrev</name>
         <load_address>0x821</load_address>
         <run_address>0x821</run_address>
         <size>0x55</size>
         <input_file_ref idref="fl-131"/>
      </object_component>
      <object_component id="oc-aa">
         <name>.debug_abbrev</name>
         <load_address>0x876</load_address>
         <run_address>0x876</run_address>
         <size>0x27</size>
         <input_file_ref idref="fl-132"/>
      </object_component>
      <object_component id="oc-e7">
         <name>.debug_abbrev</name>
         <load_address>0x89d</load_address>
         <run_address>0x89d</run_address>
         <size>0x45</size>
         <input_file_ref idref="fl-133"/>
      </object_component>
      <object_component id="oc-ce">
         <name>.debug_abbrev</name>
         <load_address>0x8e2</load_address>
         <run_address>0x8e2</run_address>
         <size>0x29</size>
         <input_file_ref idref="fl-133"/>
      </object_component>
      <object_component id="oc-e6">
         <name>.debug_abbrev</name>
         <load_address>0x90b</load_address>
         <run_address>0x90b</run_address>
         <size>0x6f</size>
         <input_file_ref idref="fl-133"/>
      </object_component>
      <object_component id="oc-c1">
         <name>.debug_abbrev</name>
         <load_address>0x97a</load_address>
         <run_address>0x97a</run_address>
         <size>0x8e</size>
         <input_file_ref idref="fl-134"/>
      </object_component>
      <object_component id="oc-9f">
         <name>.debug_abbrev</name>
         <load_address>0xa08</load_address>
         <run_address>0xa08</run_address>
         <size>0x68</size>
         <input_file_ref idref="fl-134"/>
      </object_component>
      <object_component id="oc-c5">
         <name>.debug_abbrev</name>
         <load_address>0xa70</load_address>
         <run_address>0xa70</run_address>
         <size>0x49</size>
         <input_file_ref idref="fl-134"/>
      </object_component>
      <object_component id="oc-ae">
         <name>.debug_abbrev</name>
         <load_address>0xab9</load_address>
         <run_address>0xab9</run_address>
         <size>0x9a</size>
         <input_file_ref idref="fl-135"/>
      </object_component>
      <object_component id="oc-97">
         <name>.debug_abbrev</name>
         <load_address>0xb53</load_address>
         <run_address>0xb53</run_address>
         <size>0x7e</size>
         <input_file_ref idref="fl-135"/>
      </object_component>
      <object_component id="oc-b2">
         <name>.debug_abbrev</name>
         <load_address>0xbd1</load_address>
         <run_address>0xbd1</run_address>
         <size>0x24</size>
         <input_file_ref idref="fl-135"/>
      </object_component>
      <object_component id="oc-b7">
         <name>.debug_abbrev</name>
         <load_address>0xbf5</load_address>
         <run_address>0xbf5</run_address>
         <size>0x4b</size>
         <input_file_ref idref="fl-135"/>
      </object_component>
      <object_component id="oc-d6">
         <name>.debug_abbrev</name>
         <load_address>0xc40</load_address>
         <run_address>0xc40</run_address>
         <size>0x9c</size>
         <input_file_ref idref="fl-136"/>
      </object_component>
      <object_component id="oc-ac">
         <name>.debug_abbrev</name>
         <load_address>0xcdc</load_address>
         <run_address>0xcdc</run_address>
         <size>0x8c</size>
         <input_file_ref idref="fl-136"/>
      </object_component>
      <object_component id="oc-da">
         <name>.debug_abbrev</name>
         <load_address>0xd68</load_address>
         <run_address>0xd68</run_address>
         <size>0x24</size>
         <input_file_ref idref="fl-136"/>
      </object_component>
      <object_component id="oc-116">
         <name>.debug_abbrev</name>
         <load_address>0xd8c</load_address>
         <run_address>0xd8c</run_address>
         <size>0xf</size>
      </object_component>
      <object_component id="oc-7c">
         <name>.debug_str</name>
         <load_address>0x0</load_address>
         <run_address>0x0</run_address>
         <size>0xf5</size>
         <input_file_ref idref="fl-2"/>
      </object_component>
      <object_component id="oc-ef">
         <name>.debug_str</name>
         <load_address>0xf5</load_address>
         <run_address>0xf5</run_address>
         <size>0x21a</size>
         <input_file_ref idref="fl-2"/>
      </object_component>
      <object_component id="oc-e5">
         <name>.debug_str</name>
         <load_address>0x30f</load_address>
         <run_address>0x30f</run_address>
         <size>0xda</size>
         <input_file_ref idref="fl-2"/>
      </object_component>
      <object_component id="oc-3e">
         <name>.debug_str</name>
         <load_address>0x3e9</load_address>
         <run_address>0x3e9</run_address>
         <size>0xe3</size>
         <input_file_ref idref="fl-12b"/>
      </object_component>
      <object_component id="oc-82">
         <name>.debug_str</name>
         <load_address>0x4cc</load_address>
         <run_address>0x4cc</run_address>
         <size>0xf8</size>
         <input_file_ref idref="fl-12b"/>
      </object_component>
      <object_component id="oc-4c">
         <name>.debug_str</name>
         <load_address>0x5c4</load_address>
         <run_address>0x5c4</run_address>
         <size>0xd5</size>
         <input_file_ref idref="fl-12c"/>
      </object_component>
      <object_component id="oc-8c">
         <name>.debug_str</name>
         <load_address>0x699</load_address>
         <run_address>0x699</run_address>
         <size>0xf8</size>
         <input_file_ref idref="fl-12c"/>
      </object_component>
      <object_component id="oc-c7">
         <name>.debug_str</name>
         <load_address>0x791</load_address>
         <run_address>0x791</run_address>
         <size>0xb9</size>
         <input_file_ref idref="fl-134"/>
      </object_component>
      <object_component id="oc-b4">
         <name>.debug_str</name>
         <load_address>0x84a</load_address>
         <run_address>0x84a</run_address>
         <size>0xc5</size>
         <input_file_ref idref="fl-135"/>
      </object_component>
      <object_component id="oc-b9">
         <name>.debug_str</name>
         <load_address>0x90f</load_address>
         <run_address>0x90f</run_address>
         <size>0x14f</size>
         <input_file_ref idref="fl-135"/>
      </object_component>
      <object_component id="oc-dc">
         <name>.debug_str</name>
         <load_address>0xa5e</load_address>
         <run_address>0xa5e</run_address>
         <size>0xba</size>
         <input_file_ref idref="fl-136"/>
      </object_component>
      <object_component id="oc-bc">
         <name>.debug_aranges</name>
         <load_address>0x0</load_address>
         <run_address>0x0</run_address>
         <size>0x38</size>
         <input_file_ref idref="fl-2"/>
      </object_component>
      <object_component id="oc-9b">
         <name>.debug_aranges</name>
         <load_address>0x38</load_address>
         <run_address>0x38</run_address>
         <size>0x28</size>
         <input_file_ref idref="fl-3"/>
      </object_component>
      <object_component id="oc-2d">
         <name>.debug_aranges</name>
         <load_address>0x60</load_address>
         <run_address>0x60</run_address>
         <size>0x1c8</size>
         <input_file_ref idref="fl-4"/>
      </object_component>
      <object_component id="oc-28">
         <name>.debug_aranges</name>
         <load_address>0x228</load_address>
         <run_address>0x228</run_address>
         <size>0x20</size>
         <input_file_ref idref="fl-12a"/>
      </object_component>
      <object_component id="oc-14">
         <name>.debug_aranges</name>
         <load_address>0x248</load_address>
         <run_address>0x248</run_address>
         <size>0x20</size>
         <input_file_ref idref="fl-12b"/>
      </object_component>
      <object_component id="oc-43">
         <name>.debug_aranges</name>
         <load_address>0x268</load_address>
         <run_address>0x268</run_address>
         <size>0x20</size>
         <input_file_ref idref="fl-12c"/>
      </object_component>
      <object_component id="oc-1b">
         <name>.debug_aranges</name>
         <load_address>0x288</load_address>
         <run_address>0x288</run_address>
         <size>0x20</size>
         <input_file_ref idref="fl-12c"/>
      </object_component>
      <object_component id="oc-6f">
         <name>.debug_aranges</name>
         <load_address>0x2a8</load_address>
         <run_address>0x2a8</run_address>
         <size>0x30</size>
         <input_file_ref idref="fl-12e"/>
      </object_component>
      <object_component id="oc-36">
         <name>.debug_aranges</name>
         <load_address>0x2d8</load_address>
         <run_address>0x2d8</run_address>
         <size>0x20</size>
         <input_file_ref idref="fl-12f"/>
      </object_component>
      <object_component id="oc-4f">
         <name>.debug_aranges</name>
         <load_address>0x2f8</load_address>
         <run_address>0x2f8</run_address>
         <size>0x28</size>
         <input_file_ref idref="fl-130"/>
      </object_component>
      <object_component id="oc-5b">
         <name>.debug_aranges</name>
         <load_address>0x320</load_address>
         <run_address>0x320</run_address>
         <size>0x20</size>
         <input_file_ref idref="fl-131"/>
      </object_component>
      <object_component id="oc-ca">
         <name>.debug_aranges</name>
         <load_address>0x340</load_address>
         <run_address>0x340</run_address>
         <size>0x30</size>
         <input_file_ref idref="fl-133"/>
      </object_component>
      <object_component id="oc-67">
         <name>.debug_aranges</name>
         <load_address>0x370</load_address>
         <run_address>0x370</run_address>
         <size>0x20</size>
         <input_file_ref idref="fl-134"/>
      </object_component>
      <object_component id="oc-61">
         <name>.debug_aranges</name>
         <load_address>0x390</load_address>
         <run_address>0x390</run_address>
         <size>0x20</size>
         <input_file_ref idref="fl-135"/>
      </object_component>
      <object_component id="oc-93">
         <name>.debug_aranges</name>
         <load_address>0x3b0</load_address>
         <run_address>0x3b0</run_address>
         <size>0x20</size>
         <input_file_ref idref="fl-136"/>
      </object_component>
      <object_component id="oc-df">
         <name>.debug_pubnames</name>
         <load_address>0x0</load_address>
         <run_address>0x0</run_address>
         <size>0x54</size>
         <input_file_ref idref="fl-2"/>
      </object_component>
      <object_component id="oc-bd">
         <name>.debug_pubnames</name>
         <load_address>0x54</load_address>
         <run_address>0x54</run_address>
         <size>0x60</size>
         <input_file_ref idref="fl-2"/>
      </object_component>
      <object_component id="oc-9c">
         <name>.debug_pubnames</name>
         <load_address>0xb4</load_address>
         <run_address>0xb4</run_address>
         <size>0x25</size>
         <input_file_ref idref="fl-3"/>
      </object_component>
      <object_component id="oc-12">
         <name>.debug_pubnames</name>
         <load_address>0xd9</load_address>
         <run_address>0xd9</run_address>
         <size>0x27</size>
         <input_file_ref idref="fl-4"/>
      </object_component>
      <object_component id="oc-2e">
         <name>.debug_pubnames</name>
         <load_address>0x100</load_address>
         <run_address>0x100</run_address>
         <size>0x474</size>
         <input_file_ref idref="fl-4"/>
      </object_component>
      <object_component id="oc-29">
         <name>.debug_pubnames</name>
         <load_address>0x574</load_address>
         <run_address>0x574</run_address>
         <size>0x1f</size>
         <input_file_ref idref="fl-12a"/>
      </object_component>
      <object_component id="oc-16">
         <name>.debug_pubnames</name>
         <load_address>0x593</load_address>
         <run_address>0x593</run_address>
         <size>0x2b</size>
         <input_file_ref idref="fl-12b"/>
      </object_component>
      <object_component id="oc-44">
         <name>.debug_pubnames</name>
         <load_address>0x5be</load_address>
         <run_address>0x5be</run_address>
         <size>0x2f</size>
         <input_file_ref idref="fl-12c"/>
      </object_component>
      <object_component id="oc-1c">
         <name>.debug_pubnames</name>
         <load_address>0x5ed</load_address>
         <run_address>0x5ed</run_address>
         <size>0x2c</size>
         <input_file_ref idref="fl-12c"/>
      </object_component>
      <object_component id="oc-a6">
         <name>.debug_pubnames</name>
         <load_address>0x619</load_address>
         <run_address>0x619</run_address>
         <size>0x3a</size>
         <input_file_ref idref="fl-12e"/>
      </object_component>
      <object_component id="oc-70">
         <name>.debug_pubnames</name>
         <load_address>0x653</load_address>
         <run_address>0x653</run_address>
         <size>0x35</size>
         <input_file_ref idref="fl-12e"/>
      </object_component>
      <object_component id="oc-37">
         <name>.debug_pubnames</name>
         <load_address>0x688</load_address>
         <run_address>0x688</run_address>
         <size>0x1d</size>
         <input_file_ref idref="fl-12f"/>
      </object_component>
      <object_component id="oc-50">
         <name>.debug_pubnames</name>
         <load_address>0x6a5</load_address>
         <run_address>0x6a5</run_address>
         <size>0x37</size>
         <input_file_ref idref="fl-130"/>
      </object_component>
      <object_component id="oc-5c">
         <name>.debug_pubnames</name>
         <load_address>0x6dc</load_address>
         <run_address>0x6dc</run_address>
         <size>0x27</size>
         <input_file_ref idref="fl-131"/>
      </object_component>
      <object_component id="oc-73">
         <name>.debug_pubnames</name>
         <load_address>0x703</load_address>
         <run_address>0x703</run_address>
         <size>0x23</size>
         <input_file_ref idref="fl-132"/>
      </object_component>
      <object_component id="oc-a3">
         <name>.debug_pubnames</name>
         <load_address>0x726</load_address>
         <run_address>0x726</run_address>
         <size>0x28</size>
         <input_file_ref idref="fl-133"/>
      </object_component>
      <object_component id="oc-cb">
         <name>.debug_pubnames</name>
         <load_address>0x74e</load_address>
         <run_address>0x74e</run_address>
         <size>0x43</size>
         <input_file_ref idref="fl-133"/>
      </object_component>
      <object_component id="oc-68">
         <name>.debug_pubnames</name>
         <load_address>0x791</load_address>
         <run_address>0x791</run_address>
         <size>0x21</size>
         <input_file_ref idref="fl-134"/>
      </object_component>
      <object_component id="oc-62">
         <name>.debug_pubnames</name>
         <load_address>0x7b2</load_address>
         <run_address>0x7b2</run_address>
         <size>0x25</size>
         <input_file_ref idref="fl-135"/>
      </object_component>
      <object_component id="oc-94">
         <name>.debug_pubnames</name>
         <load_address>0x7d7</load_address>
         <run_address>0x7d7</run_address>
         <size>0x1e</size>
         <input_file_ref idref="fl-136"/>
      </object_component>
      <object_component id="oc-79">
         <name>.debug_pubtypes</name>
         <load_address>0x0</load_address>
         <run_address>0x0</run_address>
         <size>0xed</size>
         <input_file_ref idref="fl-2"/>
      </object_component>
      <object_component id="oc-ec">
         <name>.debug_pubtypes</name>
         <load_address>0xed</load_address>
         <run_address>0xed</run_address>
         <size>0x1c6</size>
         <input_file_ref idref="fl-2"/>
      </object_component>
      <object_component id="oc-e2">
         <name>.debug_pubtypes</name>
         <load_address>0x2b3</load_address>
         <run_address>0x2b3</run_address>
         <size>0x23</size>
         <input_file_ref idref="fl-2"/>
      </object_component>
      <object_component id="oc-3b">
         <name>.debug_pubtypes</name>
         <load_address>0x2d6</load_address>
         <run_address>0x2d6</run_address>
         <size>0x48</size>
         <input_file_ref idref="fl-12b"/>
      </object_component>
      <object_component id="oc-7f">
         <name>.debug_pubtypes</name>
         <load_address>0x31e</load_address>
         <run_address>0x31e</run_address>
         <size>0x1d</size>
         <input_file_ref idref="fl-12b"/>
      </object_component>
      <object_component id="oc-49">
         <name>.debug_pubtypes</name>
         <load_address>0x33b</load_address>
         <run_address>0x33b</run_address>
         <size>0x37</size>
         <input_file_ref idref="fl-12c"/>
      </object_component>
      <object_component id="oc-89">
         <name>.debug_pubtypes</name>
         <load_address>0x372</load_address>
         <run_address>0x372</run_address>
         <size>0x1d</size>
         <input_file_ref idref="fl-12c"/>
      </object_component>
      <object_component id="oc-a9">
         <name>.debug_pubtypes</name>
         <load_address>0x38f</load_address>
         <run_address>0x38f</run_address>
         <size>0x1f</size>
         <input_file_ref idref="fl-12e"/>
      </object_component>
      <object_component id="oc-d1">
         <name>.debug_pubtypes</name>
         <load_address>0x3ae</load_address>
         <run_address>0x3ae</run_address>
         <size>0x1f</size>
         <input_file_ref idref="fl-133"/>
      </object_component>
      <object_component id="oc-c4">
         <name>.debug_pubtypes</name>
         <load_address>0x3cd</load_address>
         <run_address>0x3cd</run_address>
         <size>0x1b</size>
         <input_file_ref idref="fl-134"/>
      </object_component>
      <object_component id="oc-b1">
         <name>.debug_pubtypes</name>
         <load_address>0x3e8</load_address>
         <run_address>0x3e8</run_address>
         <size>0x32</size>
         <input_file_ref idref="fl-135"/>
      </object_component>
      <object_component id="oc-b6">
         <name>.debug_pubtypes</name>
         <load_address>0x41a</load_address>
         <run_address>0x41a</run_address>
         <size>0x50</size>
         <input_file_ref idref="fl-135"/>
      </object_component>
      <object_component id="oc-d9">
         <name>.debug_pubtypes</name>
         <load_address>0x46a</load_address>
         <run_address>0x46a</run_address>
         <size>0x23</size>
         <input_file_ref idref="fl-136"/>
      </object_component>
   </object_component_list>
   <logical_group_list>
      <logical_group id="lg-4" display="no" color="cyan">
         <name>.intvecs</name>
         <load_address>0x0</load_address>
         <run_address>0x0</run_address>
         <size>0x144</size>
         <contents>
            <object_component_ref idref="oc-10"/>
         </contents>
      </logical_group>
      <logical_group id="lg-5" display="no" color="cyan">
         <name>.text</name>
         <load_address>0x144</load_address>
         <run_address>0x144</run_address>
         <size>0x77c</size>
         <contents>
            <object_component_ref idref="oc-ba"/>
            <object_component_ref idref="oc-99"/>
            <object_component_ref idref="oc-34"/>
            <object_component_ref idref="oc-2b"/>
            <object_component_ref idref="oc-4d"/>
            <object_component_ref idref="oc-5f"/>
            <object_component_ref idref="oc-40"/>
            <object_component_ref idref="oc-25"/>
            <object_component_ref idref="oc-91"/>
            <object_component_ref idref="oc-6b"/>
            <object_component_ref idref="oc-65"/>
            <object_component_ref idref="oc-c8"/>
            <object_component_ref idref="oc-13"/>
            <object_component_ref idref="oc-19"/>
            <object_component_ref idref="oc-59"/>
         </contents>
      </logical_group>
      <logical_group id="lg-6" display="no" color="cyan">
         <name>.const</name>
         <run_address>0x0</run_address>
         <size>0x0</size>
         <contents>
         </contents>
      </logical_group>
      <logical_group id="lg-7" display="no" color="cyan">
         <name>.cinit</name>
         <load_address>0x8c0</load_address>
         <run_address>0x8c0</run_address>
         <size>0x24</size>
         <contents>
            <object_component_ref idref="oc-113"/>
            <object_component_ref idref="oc-111"/>
            <object_component_ref idref="oc-112"/>
         </contents>
      </logical_group>
      <logical_group id="lg-8" display="no" color="cyan">
         <name>.pinit</name>
         <run_address>0x0</run_address>
         <size>0x0</size>
         <contents>
         </contents>
      </logical_group>
      <logical_group id="lg-9" display="no" color="cyan">
         <name>.flashMailbox</name>
         <run_address>0x0</run_address>
         <size>0x0</size>
         <contents>
         </contents>
      </logical_group>
      <logical_group id="lg-a" display="no" color="cyan">
         <name>.vtable</name>
         <run_address>0x0</run_address>
         <size>0x0</size>
         <contents>
         </contents>
      </logical_group>
      <logical_group id="lg-d" display="no" color="cyan">
         <name>.sysmem</name>
         <run_address>0x0</run_address>
         <size>0x0</size>
         <contents>
         </contents>
      </logical_group>
      <logical_group id="lg-e" display="no" color="cyan">
         <name>.stack</name>
         <run_address>0x2000fe00</run_address>
         <size>0x200</size>
         <contents>
            <object_component_ref idref="oc-2a"/>
            <object_component_ref idref="oc-114"/>
         </contents>
      </logical_group>
      <logical_group id="lg-f1" display="no" color="cyan">
         <name>.TI.noinit</name>
         <run_address>0x0</run_address>
         <size>0x0</size>
         <contents>
         </contents>
      </logical_group>
      <logical_group id="lg-c" display="no" color="cyan">
         <name>.bss</name>
         <run_address>0x0</run_address>
         <size>0x0</size>
         <contents>
         </contents>
      </logical_group>
      <logical_group id="lg-f0" display="no" color="cyan">
         <name>BSS_GROUP</name>
         <run_address>0x0</run_address>
         <size>0x0</size>
         <contents>
            <logical_group_ref idref="lg-f1"/>
            <logical_group_ref idref="lg-c"/>
         </contents>
      </logical_group>
      <logical_group id="lg-f3" display="no" color="cyan">
         <name>.TI.persistent</name>
         <run_address>0x20000000</run_address>
         <size>0x0</size>
         <contents>
         </contents>
      </logical_group>
      <logical_group id="lg-b" display="no" color="cyan">
         <name>.data</name>
         <run_address>0x20000000</run_address>
         <size>0x28</size>
         <contents>
            <object_component_ref idref="oc-dd"/>
            <object_component_ref idref="oc-a4"/>
            <object_component_ref idref="oc-71"/>
            <object_component_ref idref="oc-a1"/>
         </contents>
      </logical_group>
      <logical_group id="lg-f2" display="no" color="cyan">
         <name>DATA_GROUP</name>
         <load_address>0x20000000</load_address>
         <run_address>0x20000000</run_address>
         <size>0x28</size>
         <contents>
            <logical_group_ref idref="lg-f3"/>
            <logical_group_ref idref="lg-b"/>
         </contents>
      </logical_group>
      <logical_group id="lg-101" display="never" color="cyan">
         <name>.debug_info</name>
         <load_address>0x0</load_address>
         <run_address>0x0</run_address>
         <size>0x4310</size>
         <contents>
            <object_component_ref idref="oc-de"/>
            <object_component_ref idref="oc-bb"/>
            <object_component_ref idref="oc-78"/>
            <object_component_ref idref="oc-eb"/>
            <object_component_ref idref="oc-e1"/>
            <object_component_ref idref="oc-9a"/>
            <object_component_ref idref="oc-33"/>
            <object_component_ref idref="oc-11"/>
            <object_component_ref idref="oc-2c"/>
            <object_component_ref idref="oc-27"/>
            <object_component_ref idref="oc-3f"/>
            <object_component_ref idref="oc-15"/>
            <object_component_ref idref="oc-3a"/>
            <object_component_ref idref="oc-7e"/>
            <object_component_ref idref="oc-47"/>
            <object_component_ref idref="oc-42"/>
            <object_component_ref idref="oc-1a"/>
            <object_component_ref idref="oc-48"/>
            <object_component_ref idref="oc-88"/>
            <object_component_ref idref="oc-a8"/>
            <object_component_ref idref="oc-a5"/>
            <object_component_ref idref="oc-6e"/>
            <object_component_ref idref="oc-35"/>
            <object_component_ref idref="oc-4e"/>
            <object_component_ref idref="oc-5a"/>
            <object_component_ref idref="oc-72"/>
            <object_component_ref idref="oc-d0"/>
            <object_component_ref idref="oc-a2"/>
            <object_component_ref idref="oc-c9"/>
            <object_component_ref idref="oc-a0"/>
            <object_component_ref idref="oc-66"/>
            <object_component_ref idref="oc-c3"/>
            <object_component_ref idref="oc-98"/>
            <object_component_ref idref="oc-60"/>
            <object_component_ref idref="oc-b0"/>
            <object_component_ref idref="oc-b5"/>
            <object_component_ref idref="oc-ad"/>
            <object_component_ref idref="oc-92"/>
            <object_component_ref idref="oc-d8"/>
            <object_component_ref idref="oc-115"/>
         </contents>
      </logical_group>
      <logical_group id="lg-103" display="never" color="cyan">
         <name>.debug_line</name>
         <load_address>0x0</load_address>
         <run_address>0x0</run_address>
         <size>0x12c6</size>
         <contents>
            <object_component_ref idref="oc-ea"/>
            <object_component_ref idref="oc-be"/>
            <object_component_ref idref="oc-7b"/>
            <object_component_ref idref="oc-ee"/>
            <object_component_ref idref="oc-e4"/>
            <object_component_ref idref="oc-9d"/>
            <object_component_ref idref="oc-77"/>
            <object_component_ref idref="oc-32"/>
            <object_component_ref idref="oc-2f"/>
            <object_component_ref idref="oc-26"/>
            <object_component_ref idref="oc-84"/>
            <object_component_ref idref="oc-17"/>
            <object_component_ref idref="oc-3d"/>
            <object_component_ref idref="oc-81"/>
            <object_component_ref idref="oc-87"/>
            <object_component_ref idref="oc-41"/>
            <object_component_ref idref="oc-1e"/>
            <object_component_ref idref="oc-4b"/>
            <object_component_ref idref="oc-8b"/>
            <object_component_ref idref="oc-d5"/>
            <object_component_ref idref="oc-d3"/>
            <object_component_ref idref="oc-6c"/>
            <object_component_ref idref="oc-38"/>
            <object_component_ref idref="oc-51"/>
            <object_component_ref idref="oc-5d"/>
            <object_component_ref idref="oc-ab"/>
            <object_component_ref idref="oc-e8"/>
            <object_component_ref idref="oc-cf"/>
            <object_component_ref idref="oc-cc"/>
            <object_component_ref idref="oc-c2"/>
            <object_component_ref idref="oc-69"/>
            <object_component_ref idref="oc-c6"/>
            <object_component_ref idref="oc-af"/>
            <object_component_ref idref="oc-63"/>
            <object_component_ref idref="oc-b3"/>
            <object_component_ref idref="oc-b8"/>
            <object_component_ref idref="oc-d7"/>
            <object_component_ref idref="oc-95"/>
            <object_component_ref idref="oc-db"/>
         </contents>
      </logical_group>
      <logical_group id="lg-105" display="never" color="cyan">
         <name>.debug_frame</name>
         <load_address>0x0</load_address>
         <run_address>0x0</run_address>
         <size>0xa4f</size>
         <contents>
            <object_component_ref idref="oc-bf"/>
            <object_component_ref idref="oc-9e"/>
            <object_component_ref idref="oc-30"/>
            <object_component_ref idref="oc-18"/>
            <object_component_ref idref="oc-45"/>
            <object_component_ref idref="oc-1d"/>
            <object_component_ref idref="oc-6d"/>
            <object_component_ref idref="oc-5e"/>
            <object_component_ref idref="oc-cd"/>
            <object_component_ref idref="oc-6a"/>
            <object_component_ref idref="oc-64"/>
            <object_component_ref idref="oc-96"/>
         </contents>
      </logical_group>
      <logical_group id="lg-107" display="never" color="cyan">
         <name>.debug_abbrev</name>
         <load_address>0x0</load_address>
         <run_address>0x0</run_address>
         <size>0xd9b</size>
         <contents>
            <object_component_ref idref="oc-e9"/>
            <object_component_ref idref="oc-e0"/>
            <object_component_ref idref="oc-7a"/>
            <object_component_ref idref="oc-ed"/>
            <object_component_ref idref="oc-e3"/>
            <object_component_ref idref="oc-c0"/>
            <object_component_ref idref="oc-76"/>
            <object_component_ref idref="oc-31"/>
            <object_component_ref idref="oc-75"/>
            <object_component_ref idref="oc-74"/>
            <object_component_ref idref="oc-83"/>
            <object_component_ref idref="oc-39"/>
            <object_component_ref idref="oc-3c"/>
            <object_component_ref idref="oc-80"/>
            <object_component_ref idref="oc-86"/>
            <object_component_ref idref="oc-85"/>
            <object_component_ref idref="oc-46"/>
            <object_component_ref idref="oc-4a"/>
            <object_component_ref idref="oc-8a"/>
            <object_component_ref idref="oc-d4"/>
            <object_component_ref idref="oc-d2"/>
            <object_component_ref idref="oc-a7"/>
            <object_component_ref idref="oc-7d"/>
            <object_component_ref idref="oc-8d"/>
            <object_component_ref idref="oc-90"/>
            <object_component_ref idref="oc-aa"/>
            <object_component_ref idref="oc-e7"/>
            <object_component_ref idref="oc-ce"/>
            <object_component_ref idref="oc-e6"/>
            <object_component_ref idref="oc-c1"/>
            <object_component_ref idref="oc-9f"/>
            <object_component_ref idref="oc-c5"/>
            <object_component_ref idref="oc-ae"/>
            <object_component_ref idref="oc-97"/>
            <object_component_ref idref="oc-b2"/>
            <object_component_ref idref="oc-b7"/>
            <object_component_ref idref="oc-d6"/>
            <object_component_ref idref="oc-ac"/>
            <object_component_ref idref="oc-da"/>
            <object_component_ref idref="oc-116"/>
         </contents>
      </logical_group>
      <logical_group id="lg-109" display="never" color="cyan">
         <name>.debug_str</name>
         <load_address>0x0</load_address>
         <run_address>0x0</run_address>
         <size>0xb18</size>
         <contents>
            <object_component_ref idref="oc-7c"/>
            <object_component_ref idref="oc-ef"/>
            <object_component_ref idref="oc-e5"/>
            <object_component_ref idref="oc-3e"/>
            <object_component_ref idref="oc-82"/>
            <object_component_ref idref="oc-4c"/>
            <object_component_ref idref="oc-8c"/>
            <object_component_ref idref="oc-c7"/>
            <object_component_ref idref="oc-b4"/>
            <object_component_ref idref="oc-b9"/>
            <object_component_ref idref="oc-dc"/>
         </contents>
      </logical_group>
      <logical_group id="lg-10b" display="never" color="cyan">
         <name>.debug_aranges</name>
         <load_address>0x0</load_address>
         <run_address>0x0</run_address>
         <size>0x3d0</size>
         <contents>
            <object_component_ref idref="oc-bc"/>
            <object_component_ref idref="oc-9b"/>
            <object_component_ref idref="oc-2d"/>
            <object_component_ref idref="oc-28"/>
            <object_component_ref idref="oc-14"/>
            <object_component_ref idref="oc-43"/>
            <object_component_ref idref="oc-1b"/>
            <object_component_ref idref="oc-6f"/>
            <object_component_ref idref="oc-36"/>
            <object_component_ref idref="oc-4f"/>
            <object_component_ref idref="oc-5b"/>
            <object_component_ref idref="oc-ca"/>
            <object_component_ref idref="oc-67"/>
            <object_component_ref idref="oc-61"/>
            <object_component_ref idref="oc-93"/>
         </contents>
      </logical_group>
      <logical_group id="lg-10d" display="never" color="cyan">
         <name>.debug_pubnames</name>
         <load_address>0x0</load_address>
         <run_address>0x0</run_address>
         <size>0x7f5</size>
         <contents>
            <object_component_ref idref="oc-df"/>
            <object_component_ref idref="oc-bd"/>
            <object_component_ref idref="oc-9c"/>
            <object_component_ref idref="oc-12"/>
            <object_component_ref idref="oc-2e"/>
            <object_component_ref idref="oc-29"/>
            <object_component_ref idref="oc-16"/>
            <object_component_ref idref="oc-44"/>
            <object_component_ref idref="oc-1c"/>
            <object_component_ref idref="oc-a6"/>
            <object_component_ref idref="oc-70"/>
            <object_component_ref idref="oc-37"/>
            <object_component_ref idref="oc-50"/>
            <object_component_ref idref="oc-5c"/>
            <object_component_ref idref="oc-73"/>
            <object_component_ref idref="oc-a3"/>
            <object_component_ref idref="oc-cb"/>
            <object_component_ref idref="oc-68"/>
            <object_component_ref idref="oc-62"/>
            <object_component_ref idref="oc-94"/>
         </contents>
      </logical_group>
      <logical_group id="lg-10f" display="never" color="cyan">
         <name>.debug_pubtypes</name>
         <load_address>0x0</load_address>
         <run_address>0x0</run_address>
         <size>0x48d</size>
         <contents>
            <object_component_ref idref="oc-79"/>
            <object_component_ref idref="oc-ec"/>
            <object_component_ref idref="oc-e2"/>
            <object_component_ref idref="oc-3b"/>
            <object_component_ref idref="oc-7f"/>
            <object_component_ref idref="oc-49"/>
            <object_component_ref idref="oc-89"/>
            <object_component_ref idref="oc-a9"/>
            <object_component_ref idref="oc-d1"/>
            <object_component_ref idref="oc-c4"/>
            <object_component_ref idref="oc-b1"/>
            <object_component_ref idref="oc-b6"/>
            <object_component_ref idref="oc-d9"/>
         </contents>
      </logical_group>
      <load_segment id="lg-119" display="no" color="cyan">
         <name>SEGMENT_0</name>
         <load_address>0x0</load_address>
         <run_address>0x0</run_address>
         <size>0x8e4</size>
         <flags>0x5</flags>
         <contents>
            <logical_group_ref idref="lg-4"/>
            <logical_group_ref idref="lg-5"/>
            <logical_group_ref idref="lg-7"/>
         </contents>
      </load_segment>
      <load_segment id="lg-11a" display="no" color="cyan">
         <name>SEGMENT_1</name>
         <run_address>0x20000000</run_address>
         <size>0x28</size>
         <flags>0x6</flags>
         <contents>
            <logical_group_ref idref="lg-b"/>
         </contents>
      </load_segment>
      <load_segment id="lg-11b" display="no" color="cyan">
         <name>SEGMENT_2</name>
         <run_address>0x2000fe00</run_address>
         <size>0x200</size>
         <flags>0x6</flags>
         <contents>
            <logical_group_ref idref="lg-e"/>
         </contents>
      </load_segment>
   </logical_group_list>
   <placement_map>
      <memory_area display="yes" color="green">
         <name>MAIN</name>
         <page_id>0x0</page_id>
         <origin>0x0</origin>
         <length>0x40000</length>
         <used_space>0x8e4</used_space>
         <unused_space>0x3f71c</unused_space>
         <attributes>RX</attributes>
         <usage_details>
            <allocated_space>
               <start_address>0x0</start_address>
               <size>0x144</size>
               <logical_group_ref idref="lg-4"/>
            </allocated_space>
            <allocated_space>
               <start_address>0x144</start_address>
               <size>0x77c</size>
               <logical_group_ref idref="lg-5"/>
            </allocated_space>
            <allocated_space>
               <start_address>0x8c0</start_address>
               <size>0x24</size>
               <logical_group_ref idref="lg-7"/>
            </allocated_space>
            <available_space>
               <start_address>0x8e4</start_address>
               <size>0x3f71c</size>
            </available_space>
         </usage_details>
      </memory_area>
      <memory_area display="yes" color="green">
         <name>INFO</name>
         <page_id>0x0</page_id>
         <origin>0x200000</origin>
         <length>0x4000</length>
         <used_space>0x0</used_space>
         <unused_space>0x4000</unused_space>
         <attributes>RX</attributes>
         <usage_details>
         </usage_details>
      </memory_area>
      <memory_area display="yes" color="green">
         <name>SRAM_CODE</name>
         <page_id>0x0</page_id>
         <origin>0x1000000</origin>
         <length>0x10000</length>
         <used_space>0x0</used_space>
         <unused_space>0x10000</unused_space>
         <attributes>RWX</attributes>
         <usage_details>
         </usage_details>
      </memory_area>
      <memory_area display="yes" color="green">
         <name>SRAM_DATA</name>
         <page_id>0x0</page_id>
         <origin>0x20000000</origin>
         <length>0x10000</length>
         <used_space>0x228</used_space>
         <unused_space>0xfdd8</unused_space>
         <attributes>RW</attributes>
         <usage_details>
            <allocated_space>
               <start_address>0x20000000</start_address>
               <size>0x28</size>
               <logical_group_ref idref="lg-f2"/>
            </allocated_space>
            <available_space>
               <start_address>0x20000028</start_address>
               <size>0xfdd8</size>
            </available_space>
            <allocated_space>
               <start_address>0x2000fe00</start_address>
               <size>0x200</size>
               <logical_group_ref idref="lg-e"/>
            </allocated_space>
         </usage_details>
      </memory_area>
   </placement_map>
   <cptbl_list>
      <cptbl>
         <name>__TI_cinit_table</name>
         <cprec>
            <name>.data</name>
            <load_address>0x8c0</load_address>
            <load_size>0x12</load_size>
            <run_address>0x20000000</run_address>
            <run_size>0x28</run_size>
            <compression>rle</compression>
         </cprec>
      </cptbl>
   </cptbl_list>
   <handler_table>
      <handler_table_name>__TI_handler_table</handler_table_name>
      <handler>
         <index>0x0</index>
         <name>__TI_decompress_rle24</name>
      </handler>
      <handler>
         <index>0x1</index>
         <name>__TI_decompress_none</name>
      </handler>
   </handler_table>
   <symbol_table>
      <symbol id="sm-1">
         <name>WDTCTL_SYM</name>
         <value>0x4000480c</value>
      </symbol>
      <symbol id="sm-2">
         <name>__TI_CINIT_Base</name>
         <value>0x8dc</value>
      </symbol>
      <symbol id="sm-3">
         <name>__TI_CINIT_Limit</name>
         <value>0x8e4</value>
      </symbol>
      <symbol id="sm-4">
         <name>__TI_Handler_Table_Base</name>
         <value>0x8d4</value>
      </symbol>
      <symbol id="sm-5">
         <name>__TI_Handler_Table_Limit</name>
         <value>0x8dc</value>
      </symbol>
      <symbol id="sm-6">
         <name>binit</name>
         <value>0xffffffff</value>
      </symbol>
      <symbol id="sm-7">
         <name>__binit__</name>
         <value>0xffffffff</value>
      </symbol>
      <symbol id="sm-8">
         <name>__STACK_SIZE</name>
         <value>0x200</value>
      </symbol>
      <symbol id="sm-9">
         <name>__STACK_END</name>
         <value>0x20010000</value>
      </symbol>
      <symbol id="sm-a">
         <name>__c_args__</name>
         <value>0xffffffff</value>
      </symbol>
      <symbol id="sm-78">
         <name>Crystalstable</name>
         <value>0x20000010</value>
         <object_component_ref idref="oc-dd"/>
      </symbol>
      <symbol id="sm-79">
         <name>Clock_InitLowPower</name>
         <value>0x371</value>
         <object_component_ref idref="oc-ba"/>
      </symbol>
      <symbol id="sm-7a">
         <name>Prewait</name>
         <value>0x20000000</value>
         <object_component_ref idref="oc-dd"/>
      </symbol>
      <symbol id="sm-7b">
         <name>Clock_Init32kHz</name>
         <value>0x27f</value>
         <object_component_ref idref="oc-ba"/>
      </symbol>
      <symbol id="sm-7c">
         <name>IFlags</name>
         <value>0x2000000c</value>
         <object_component_ref idref="oc-dd"/>
      </symbol>
      <symbol id="sm-7d">
         <name>Postwait</name>
         <value>0x20000008</value>
         <object_component_ref idref="oc-dd"/>
      </symbol>
      <symbol id="sm-7e">
         <name>Clock_Init</name>
         <value>0x145</value>
         <object_component_ref idref="oc-ba"/>
      </symbol>
      <symbol id="sm-7f">
         <name>CPMwait</name>
         <value>0x20000004</value>
         <object_component_ref idref="oc-dd"/>
      </symbol>
      <symbol id="sm-80">
         <name>Clock_Init48MHz</name>
         <value>0x18f</value>
         <object_component_ref idref="oc-ba"/>
      </symbol>
      <symbol id="sm-96">
         <name>main</name>
         <value>0x483</value>
         <object_component_ref idref="oc-99"/>
      </symbol>
      <symbol id="sm-97">
         <name>Delay</name>
         <value>0x475</value>
         <object_component_ref idref="oc-99"/>
      </symbol>
      <symbol id="sm-117">
         <name>T32_INT2_IRQHandler</name>
         <value>0x609</value>
         <object_component_ref idref="oc-2b"/>
      </symbol>
      <symbol id="sm-118">
         <name>PendSV_Handler</name>
         <value>0x5d1</value>
         <object_component_ref idref="oc-2b"/>
      </symbol>
      <symbol id="sm-119">
         <name>SysTick_Handler</name>
         <value>0x5d3</value>
         <object_component_ref idref="oc-2b"/>
      </symbol>
      <symbol id="sm-11a">
         <name>EUSCIA3_IRQHandler</name>
         <value>0x5fb</value>
         <object_component_ref idref="oc-2b"/>
      </symbol>
      <symbol id="sm-11b">
         <name>SVC_Handler</name>
         <value>0x5cd</value>
         <object_component_ref idref="oc-2b"/>
      </symbol>
      <symbol id="sm-11c">
         <name>EUSCIB1_IRQHandler</name>
         <value>0x5ff</value>
         <object_component_ref idref="oc-2b"/>
      </symbol>
      <symbol id="sm-11d">
         <name>PORT4_IRQHandler</name>
         <value>0x621</value>
         <object_component_ref idref="oc-2b"/>
      </symbol>
      <symbol id="sm-11e">
         <name>AES256_IRQHandler</name>
         <value>0x60d</value>
         <object_component_ref idref="oc-2b"/>
      </symbol>
      <symbol id="sm-11f">
         <name>FPU_IRQHandler</name>
         <value>0x5dd</value>
         <object_component_ref idref="oc-2b"/>
      </symbol>
      <symbol id="sm-120">
         <name>EUSCIB2_IRQHandler</name>
         <value>0x601</value>
         <object_component_ref idref="oc-2b"/>
      </symbol>
      <symbol id="sm-121">
         <name>PORT1_IRQHandler</name>
         <value>0x61b</value>
         <object_component_ref idref="oc-2b"/>
      </symbol>
      <symbol id="sm-122">
         <name>RTC_C_IRQHandler</name>
         <value>0x60f</value>
         <object_component_ref idref="oc-2b"/>
      </symbol>
      <symbol id="sm-123">
         <name>TA2_0_IRQHandler</name>
         <value>0x5ed</value>
         <object_component_ref idref="oc-2b"/>
      </symbol>
      <symbol id="sm-124">
         <name>TA3_N_IRQHandler</name>
         <value>0x5f3</value>
         <object_component_ref idref="oc-2b"/>
      </symbol>
      <symbol id="sm-125">
         <name>DMA_INT3_IRQHandler</name>
         <value>0x613</value>
         <object_component_ref idref="oc-2b"/>
      </symbol>
      <symbol id="sm-126">
         <name>PORT2_IRQHandler</name>
         <value>0x61d</value>
         <object_component_ref idref="oc-2b"/>
      </symbol>
      <symbol id="sm-127">
         <name>StartCritical</name>
         <value>0x633</value>
         <object_component_ref idref="oc-2b"/>
      </symbol>
      <symbol id="sm-128">
         <name>TA0_0_IRQHandler</name>
         <value>0x5e5</value>
         <object_component_ref idref="oc-2b"/>
      </symbol>
      <symbol id="sm-129">
         <name>PSS_IRQHandler</name>
         <value>0x5d5</value>
         <object_component_ref idref="oc-2b"/>
      </symbol>
      <symbol id="sm-12a">
         <name>TA1_N_IRQHandler</name>
         <value>0x5eb</value>
         <object_component_ref idref="oc-2b"/>
      </symbol>
      <symbol id="sm-12b">
         <name>EUSCIA1_IRQHandler</name>
         <value>0x5f7</value>
         <object_component_ref idref="oc-2b"/>
      </symbol>
      <symbol id="sm-12c">
         <name>EUSCIA2_IRQHandler</name>
         <value>0x5f9</value>
         <object_component_ref idref="oc-2b"/>
      </symbol>
      <symbol id="sm-12d">
         <name>COMP_E0_IRQHandler</name>
         <value>0x5e1</value>
         <object_component_ref idref="oc-2b"/>
      </symbol>
      <symbol id="sm-12e">
         <name>WDT_A_IRQHandler</name>
         <value>0x5db</value>
         <object_component_ref idref="oc-2b"/>
      </symbol>
      <symbol id="sm-12f">
         <name>EUSCIB0_IRQHandler</name>
         <value>0x5fd</value>
         <object_component_ref idref="oc-2b"/>
      </symbol>
      <symbol id="sm-130">
         <name>FLCTL_IRQHandler</name>
         <value>0x5df</value>
         <object_component_ref idref="oc-2b"/>
      </symbol>
      <symbol id="sm-131">
         <name>EndCritical</name>
         <value>0x63d</value>
         <object_component_ref idref="oc-2b"/>
      </symbol>
      <symbol id="sm-132">
         <name>DMA_INT1_IRQHandler</name>
         <value>0x617</value>
         <object_component_ref idref="oc-2b"/>
      </symbol>
      <symbol id="sm-133">
         <name>PCM_IRQHandler</name>
         <value>0x5d9</value>
         <object_component_ref idref="oc-2b"/>
      </symbol>
      <symbol id="sm-134">
         <name>ADC14_IRQHandler</name>
         <value>0x605</value>
         <object_component_ref idref="oc-2b"/>
      </symbol>
      <symbol id="sm-135">
         <name>T32_INTC_IRQHandler</name>
         <value>0x60b</value>
         <object_component_ref idref="oc-2b"/>
      </symbol>
      <symbol id="sm-136">
         <name>DMA_INT2_IRQHandler</name>
         <value>0x615</value>
         <object_component_ref idref="oc-2b"/>
      </symbol>
      <symbol id="sm-137">
         <name>TA3_0_IRQHandler</name>
         <value>0x5f1</value>
         <object_component_ref idref="oc-2b"/>
      </symbol>
      <symbol id="sm-138">
         <name>EUSCIA0_IRQHandler</name>
         <value>0x5f5</value>
         <object_component_ref idref="oc-2b"/>
      </symbol>
      <symbol id="sm-139">
         <name>DMA_ERR_IRQHandler</name>
         <value>0x611</value>
         <object_component_ref idref="oc-2b"/>
      </symbol>
      <symbol id="sm-13a">
         <name>DisableInterrupts</name>
         <value>0x627</value>
         <object_component_ref idref="oc-2b"/>
      </symbol>
      <symbol id="sm-13b">
         <name>PORT5_IRQHandler</name>
         <value>0x623</value>
         <object_component_ref idref="oc-2b"/>
      </symbol>
      <symbol id="sm-13c">
         <name>TA1_0_IRQHandler</name>
         <value>0x5e9</value>
         <object_component_ref idref="oc-2b"/>
      </symbol>
      <symbol id="sm-13d">
         <name>TA2_N_IRQHandler</name>
         <value>0x5ef</value>
         <object_component_ref idref="oc-2b"/>
      </symbol>
      <symbol id="sm-13e">
         <name>COMP_E1_IRQHandler</name>
         <value>0x5e3</value>
         <object_component_ref idref="oc-2b"/>
      </symbol>
      <symbol id="sm-13f">
         <name>EUSCIB3_IRQHandler</name>
         <value>0x603</value>
         <object_component_ref idref="oc-2b"/>
      </symbol>
      <symbol id="sm-140">
         <name>WaitForInterrupt</name>
         <value>0x645</value>
         <object_component_ref idref="oc-2b"/>
      </symbol>
      <symbol id="sm-141">
         <name>interruptVectors</name>
         <value>0x0</value>
         <object_component_ref idref="oc-10"/>
      </symbol>
      <symbol id="sm-142">
         <name>EnableInterrupts</name>
         <value>0x62d</value>
         <object_component_ref idref="oc-2b"/>
      </symbol>
      <symbol id="sm-143">
         <name>PORT6_IRQHandler</name>
         <value>0x625</value>
         <object_component_ref idref="oc-2b"/>
      </symbol>
      <symbol id="sm-144">
         <name>TA0_N_IRQHandler</name>
         <value>0x5e7</value>
         <object_component_ref idref="oc-2b"/>
      </symbol>
      <symbol id="sm-145">
         <name>T32_INT1_IRQHandler</name>
         <value>0x607</value>
         <object_component_ref idref="oc-2b"/>
      </symbol>
      <symbol id="sm-146">
         <name>DebugMon_Handler</name>
         <value>0x5cf</value>
         <object_component_ref idref="oc-2b"/>
      </symbol>
      <symbol id="sm-147">
         <name>DMA_INT0_IRQHandler</name>
         <value>0x619</value>
         <object_component_ref idref="oc-2b"/>
      </symbol>
      <symbol id="sm-148">
         <name>PORT3_IRQHandler</name>
         <value>0x61f</value>
         <object_component_ref idref="oc-2b"/>
      </symbol>
      <symbol id="sm-149">
         <name>CS_IRQHandler</name>
         <value>0x5d7</value>
         <object_component_ref idref="oc-2b"/>
      </symbol>
      <symbol id="sm-15b">
         <name>_c_int00</name>
         <value>0x79d</value>
         <object_component_ref idref="oc-25"/>
      </symbol>
      <symbol id="sm-15c">
         <name>__stack</name>
         <value>0x2000fe00</value>
         <object_component_ref idref="oc-2a"/>
      </symbol>
      <symbol id="sm-173">
         <name>__TI_decompress_none</name>
         <value>0x8a9</value>
         <object_component_ref idref="oc-13"/>
      </symbol>
      <symbol id="sm-19b">
         <name>__TI_decompress_rle24</name>
         <value>0x8b7</value>
         <object_component_ref idref="oc-19"/>
      </symbol>
      <symbol id="sm-1bb">
         <name>C$$EXIT</name>
         <value>0x839</value>
         <object_component_ref idref="oc-6b"/>
      </symbol>
      <symbol id="sm-1bc">
         <name>abort</name>
         <value>0x83d</value>
         <object_component_ref idref="oc-6b"/>
      </symbol>
      <symbol id="sm-1bd">
         <name>exit</name>
         <value>0x845</value>
         <object_component_ref idref="oc-6b"/>
      </symbol>
      <symbol id="sm-1be">
         <name>__TI_dtors_ptr</name>
         <value>0x20000020</value>
         <object_component_ref idref="oc-a4"/>
      </symbol>
      <symbol id="sm-1bf">
         <name>__TI_cleanup_ptr</name>
         <value>0x2000001c</value>
         <object_component_ref idref="oc-a4"/>
      </symbol>
      <symbol id="sm-1da">
         <name>memcpy</name>
         <value>0x515</value>
         <object_component_ref idref="oc-34"/>
      </symbol>
      <symbol id="sm-1db">
         <name>__aeabi_memcpy</name>
         <value>0x515</value>
         <object_component_ref idref="oc-34"/>
      </symbol>
      <symbol id="sm-1dc">
         <name>__aeabi_memcpy8</name>
         <value>0x515</value>
         <object_component_ref idref="oc-34"/>
      </symbol>
      <symbol id="sm-1dd">
         <name>__aeabi_memcpy4</name>
         <value>0x515</value>
         <object_component_ref idref="oc-34"/>
      </symbol>
      <symbol id="sm-1ec">
         <name>__aeabi_memset</name>
         <value>0x64d</value>
         <object_component_ref idref="oc-4d"/>
      </symbol>
      <symbol id="sm-1ed">
         <name>memset</name>
         <value>0x653</value>
         <object_component_ref idref="oc-4d"/>
      </symbol>
      <symbol id="sm-1ee">
         <name>__aeabi_memset8</name>
         <value>0x64d</value>
         <object_component_ref idref="oc-4d"/>
      </symbol>
      <symbol id="sm-1ef">
         <name>__aeabi_memset4</name>
         <value>0x64d</value>
         <object_component_ref idref="oc-4d"/>
      </symbol>
      <symbol id="sm-1f0">
         <name>__aeabi_memclr8</name>
         <value>0x64b</value>
         <object_component_ref idref="oc-4d"/>
      </symbol>
      <symbol id="sm-1f1">
         <name>__aeabi_memclr4</name>
         <value>0x64b</value>
         <object_component_ref idref="oc-4d"/>
      </symbol>
      <symbol id="sm-1f2">
         <name>__aeabi_memclr</name>
         <value>0x64b</value>
         <object_component_ref idref="oc-4d"/>
      </symbol>
      <symbol id="sm-1fc">
         <name>_system_pre_init</name>
         <value>0x8bd</value>
         <object_component_ref idref="oc-59"/>
      </symbol>
      <symbol id="sm-204">
         <name>main_func_sp</name>
         <value>0x20000024</value>
         <object_component_ref idref="oc-71"/>
      </symbol>
      <symbol id="sm-21d">
         <name>_nop</name>
         <value>0x8a3</value>
         <object_component_ref idref="oc-c8"/>
      </symbol>
      <symbol id="sm-21e">
         <name>_lock</name>
         <value>0x20000014</value>
         <object_component_ref idref="oc-a1"/>
      </symbol>
      <symbol id="sm-21f">
         <name>_unlock</name>
         <value>0x20000018</value>
         <object_component_ref idref="oc-a1"/>
      </symbol>
      <symbol id="sm-220">
         <name>_register_lock</name>
         <value>0x89b</value>
         <object_component_ref idref="oc-c8"/>
      </symbol>
      <symbol id="sm-221">
         <name>_register_unlock</name>
         <value>0x895</value>
         <object_component_ref idref="oc-c8"/>
      </symbol>
      <symbol id="sm-236">
         <name>_args_main</name>
         <value>0x87d</value>
         <object_component_ref idref="oc-65"/>
      </symbol>
      <symbol id="sm-25c">
         <name>__TI_auto_init</name>
         <value>0x6c5</value>
         <object_component_ref idref="oc-5f"/>
      </symbol>
      <symbol id="sm-276">
         <name>copy_in</name>
         <value>0x7ed</value>
         <object_component_ref idref="oc-91"/>
      </symbol>
      <symbol id="sm-277">
         <name>__TI_static_base__</name>
         <value>0x0</value>
      </symbol>
      <symbol id="sm-27a">
         <name>SHT$$INIT_ARRAY$$Limit</name>
         <value>0x0</value>
      </symbol>
      <symbol id="sm-27b">
         <name>SHT$$INIT_ARRAY$$Base</name>
         <value>0x0</value>
      </symbol>
   </symbol_table>
   <title>Link successful</title>
</link_info>
