<?xml version="1.0"?>
<link_info>
   <banner>TI ARM Linker PC v5.2.4</banner>
   <copyright>Copyright (c) 1996-2015 Texas Instruments Incorporated</copyright>
   <link_time>0x575f209a</link_time>
   <link_errors>0x0</link_errors>
   <output_file>LowPower_MSP432.out</output_file>
   <entry_point>
      <name>_c_int00</name>
      <address>0x829</address>
   </entry_point>
   <input_file_list>
      <input_file id="fl-2">
         <path>.\</path>
         <kind>object</kind>
         <file>main.obj</file>
         <name>main.obj</name>
      </input_file>
      <input_file id="fl-3">
         <path>.\</path>
         <kind>object</kind>
         <file>msp432_startup_ccs.obj</file>
         <name>msp432_startup_ccs.obj</name>
      </input_file>
      <input_file id="fl-129">
         <path>C:\ti\ccsv6\tools\compiler\ti-cgt-arm_5.2.4\lib\</path>
         <kind>archive</kind>
         <file>rtsv7M4_T_le_v4SPD16_eabi.lib</file>
         <name>boot.obj</name>
      </input_file>
      <input_file id="fl-12a">
         <path>C:\ti\ccsv6\tools\compiler\ti-cgt-arm_5.2.4\lib\</path>
         <kind>archive</kind>
         <file>rtsv7M4_T_le_v4SPD16_eabi.lib</file>
         <name>copy_decompress_none.obj</name>
      </input_file>
      <input_file id="fl-12b">
         <path>C:\ti\ccsv6\tools\compiler\ti-cgt-arm_5.2.4\lib\</path>
         <kind>archive</kind>
         <file>rtsv7M4_T_le_v4SPD16_eabi.lib</file>
         <name>copy_decompress_rle.obj</name>
      </input_file>
      <input_file id="fl-12c">
         <path>C:\ti\ccsv6\tools\compiler\ti-cgt-arm_5.2.4\lib\</path>
         <kind>archive</kind>
         <file>rtsv7M4_T_le_v4SPD16_eabi.lib</file>
         <name>copy_zero_init.obj</name>
      </input_file>
      <input_file id="fl-12d">
         <path>C:\ti\ccsv6\tools\compiler\ti-cgt-arm_5.2.4\lib\</path>
         <kind>archive</kind>
         <file>rtsv7M4_T_le_v4SPD16_eabi.lib</file>
         <name>exit.obj</name>
      </input_file>
      <input_file id="fl-12e">
         <path>C:\ti\ccsv6\tools\compiler\ti-cgt-arm_5.2.4\lib\</path>
         <kind>archive</kind>
         <file>rtsv7M4_T_le_v4SPD16_eabi.lib</file>
         <name>memcpy_t2.obj</name>
      </input_file>
      <input_file id="fl-12f">
         <path>C:\ti\ccsv6\tools\compiler\ti-cgt-arm_5.2.4\lib\</path>
         <kind>archive</kind>
         <file>rtsv7M4_T_le_v4SPD16_eabi.lib</file>
         <name>memset_t2.obj</name>
      </input_file>
      <input_file id="fl-130">
         <path>C:\ti\ccsv6\tools\compiler\ti-cgt-arm_5.2.4\lib\</path>
         <kind>archive</kind>
         <file>rtsv7M4_T_le_v4SPD16_eabi.lib</file>
         <name>pre_init.obj</name>
      </input_file>
      <input_file id="fl-131">
         <path>C:\ti\ccsv6\tools\compiler\ti-cgt-arm_5.2.4\lib\</path>
         <kind>archive</kind>
         <file>rtsv7M4_T_le_v4SPD16_eabi.lib</file>
         <name>stkdepth_vars.obj</name>
      </input_file>
      <input_file id="fl-132">
         <path>C:\ti\ccsv6\tools\compiler\ti-cgt-arm_5.2.4\lib\</path>
         <kind>archive</kind>
         <file>rtsv7M4_T_le_v4SPD16_eabi.lib</file>
         <name>_lock.obj</name>
      </input_file>
      <input_file id="fl-133">
         <path>C:\ti\ccsv6\tools\compiler\ti-cgt-arm_5.2.4\lib\</path>
         <kind>archive</kind>
         <file>rtsv7M4_T_le_v4SPD16_eabi.lib</file>
         <name>args_main.obj</name>
      </input_file>
      <input_file id="fl-134">
         <path>C:\ti\ccsv6\tools\compiler\ti-cgt-arm_5.2.4\lib\</path>
         <kind>archive</kind>
         <file>rtsv7M4_T_le_v4SPD16_eabi.lib</file>
         <name>autoinit.obj</name>
      </input_file>
      <input_file id="fl-135">
         <path>C:\ti\ccsv6\tools\compiler\ti-cgt-arm_5.2.4\lib\</path>
         <kind>archive</kind>
         <file>rtsv7M4_T_le_v4SPD16_eabi.lib</file>
         <name>cpy_tbl.obj</name>
      </input_file>
   </input_file_list>
   <object_component_list>
      <object_component id="oc-10">
         <name>.intvecs</name>
         <load_address>0x0</load_address>
         <run_address>0x0</run_address>
         <size>0x144</size>
         <input_file_ref idref="fl-3"/>
      </object_component>
      <object_component id="oc-31">
         <name>.text</name>
         <load_address>0x144</load_address>
         <run_address>0x144</run_address>
         <size>0x45c</size>
         <input_file_ref idref="fl-2"/>
      </object_component>
      <object_component id="oc-3a">
         <name>.text</name>
         <load_address>0x5a0</load_address>
         <run_address>0x5a0</run_address>
         <size>0x9c</size>
         <input_file_ref idref="fl-12e"/>
      </object_component>
      <object_component id="oc-2b">
         <name>.text</name>
         <load_address>0x63c</load_address>
         <run_address>0x63c</run_address>
         <size>0x9a</size>
         <input_file_ref idref="fl-3"/>
      </object_component>
      <object_component id="oc-53">
         <name>.text</name>
         <load_address>0x6d6</load_address>
         <run_address>0x6d6</run_address>
         <size>0x7a</size>
         <input_file_ref idref="fl-12f"/>
      </object_component>
      <object_component id="oc-65">
         <name>.text</name>
         <load_address>0x750</load_address>
         <run_address>0x750</run_address>
         <size>0x6c</size>
         <input_file_ref idref="fl-134"/>
      </object_component>
      <object_component id="oc-46">
         <name>.text</name>
         <load_address>0x7bc</load_address>
         <run_address>0x7bc</run_address>
         <size>0x6a</size>
         <input_file_ref idref="fl-12b"/>
      </object_component>
      <object_component id="oc-25">
         <name>.text</name>
         <load_address>0x828</load_address>
         <run_address>0x828</run_address>
         <size>0x50</size>
         <input_file_ref idref="fl-129"/>
      </object_component>
      <object_component id="oc-a5">
         <name>.text</name>
         <load_address>0x878</load_address>
         <run_address>0x878</run_address>
         <size>0x4c</size>
         <input_file_ref idref="fl-135"/>
      </object_component>
      <object_component id="oc-71">
         <name>.text</name>
         <load_address>0x8c4</load_address>
         <run_address>0x8c4</run_address>
         <size>0x44</size>
         <input_file_ref idref="fl-12d"/>
      </object_component>
      <object_component id="oc-6b">
         <name>.text</name>
         <load_address>0x908</load_address>
         <run_address>0x908</run_address>
         <size>0x18</size>
         <input_file_ref idref="fl-133"/>
      </object_component>
      <object_component id="oc-d2">
         <name>.text</name>
         <load_address>0x920</load_address>
         <run_address>0x920</run_address>
         <size>0x14</size>
         <input_file_ref idref="fl-132"/>
      </object_component>
      <object_component id="oc-13">
         <name>.text:decompress:none</name>
         <load_address>0x934</load_address>
         <run_address>0x934</run_address>
         <size>0xe</size>
         <input_file_ref idref="fl-12a"/>
      </object_component>
      <object_component id="oc-19">
         <name>.text:decompress:rle24</name>
         <load_address>0x942</load_address>
         <run_address>0x942</run_address>
         <size>0x6</size>
         <input_file_ref idref="fl-12b"/>
      </object_component>
      <object_component id="oc-5f">
         <name>.text</name>
         <load_address>0x948</load_address>
         <run_address>0x948</run_address>
         <size>0x4</size>
         <input_file_ref idref="fl-130"/>
      </object_component>
      <object_component id="oc-114">
         <name>.cinit..data.load</name>
         <load_address>0x950</load_address>
         <run_address>0x950</run_address>
         <size>0x12</size>
      </object_component>
      <object_component id="oc-112">
         <name>__TI_handler_table</name>
         <load_address>0x964</load_address>
         <run_address>0x964</run_address>
         <size>0x8</size>
      </object_component>
      <object_component id="oc-113">
         <name>__TI_cinit_table</name>
         <load_address>0x96c</load_address>
         <run_address>0x96c</run_address>
         <size>0x8</size>
      </object_component>
      <object_component id="oc-2a">
         <name>.stack</name>
         <uninitialized>true</uninitialized>
         <run_address>0x2000fe00</run_address>
         <size>0x0</size>
         <input_file_ref idref="fl-129"/>
      </object_component>
      <object_component id="oc-115">
         <name>.stack</name>
         <uninitialized>true</uninitialized>
         <run_address>0x2000fe00</run_address>
         <size>0x0</size>
      </object_component>
      <object_component id="oc-7c">
         <name>.data</name>
         <load_address>0x20000000</load_address>
         <run_address>0x20000000</run_address>
         <size>0x14</size>
         <input_file_ref idref="fl-2"/>
      </object_component>
      <object_component id="oc-b2">
         <name>.data</name>
         <load_address>0x2000001c</load_address>
         <run_address>0x2000001c</run_address>
         <size>0x8</size>
         <input_file_ref idref="fl-12d"/>
      </object_component>
      <object_component id="oc-77">
         <name>.data</name>
         <load_address>0x20000024</load_address>
         <run_address>0x20000024</run_address>
         <size>0x4</size>
         <input_file_ref idref="fl-131"/>
      </object_component>
      <object_component id="oc-af">
         <name>.data</name>
         <load_address>0x20000014</load_address>
         <run_address>0x20000014</run_address>
         <size>0x8</size>
         <input_file_ref idref="fl-132"/>
      </object_component>
      <object_component id="oc-bc">
         <name>.debug_info</name>
         <load_address>0x0</load_address>
         <run_address>0x0</run_address>
         <size>0x341</size>
         <input_file_ref idref="fl-2"/>
      </object_component>
      <object_component id="oc-7d">
         <name>.debug_info</name>
         <load_address>0x341</load_address>
         <run_address>0x341</run_address>
         <size>0x159</size>
         <input_file_ref idref="fl-2"/>
      </object_component>
      <object_component id="oc-32">
         <name>.debug_info</name>
         <load_address>0x49a</load_address>
         <run_address>0x49a</run_address>
         <size>0x589</size>
         <input_file_ref idref="fl-2"/>
      </object_component>
      <object_component id="oc-e2">
         <name>.debug_info</name>
         <load_address>0xa23</load_address>
         <run_address>0xa23</run_address>
         <size>0x103e</size>
         <input_file_ref idref="fl-2"/>
      </object_component>
      <object_component id="oc-80">
         <name>.debug_info</name>
         <load_address>0x1a61</load_address>
         <run_address>0x1a61</run_address>
         <size>0x84</size>
         <input_file_ref idref="fl-2"/>
      </object_component>
      <object_component id="oc-85">
         <name>.debug_info</name>
         <load_address>0x1ae5</load_address>
         <run_address>0x1ae5</run_address>
         <size>0x18b</size>
         <input_file_ref idref="fl-2"/>
      </object_component>
      <object_component id="oc-8a">
         <name>.debug_info</name>
         <load_address>0x1c70</load_address>
         <run_address>0x1c70</run_address>
         <size>0x65</size>
         <input_file_ref idref="fl-2"/>
      </object_component>
      <object_component id="oc-39">
         <name>.debug_info</name>
         <load_address>0x1cd5</load_address>
         <run_address>0x1cd5</run_address>
         <size>0x104</size>
         <input_file_ref idref="fl-3"/>
      </object_component>
      <object_component id="oc-11">
         <name>.debug_info</name>
         <load_address>0x1dd9</load_address>
         <run_address>0x1dd9</run_address>
         <size>0xf1</size>
         <input_file_ref idref="fl-3"/>
      </object_component>
      <object_component id="oc-2c">
         <name>.debug_info</name>
         <load_address>0x1eca</load_address>
         <run_address>0x1eca</run_address>
         <size>0x169d</size>
         <input_file_ref idref="fl-3"/>
      </object_component>
      <object_component id="oc-26">
         <name>.debug_info</name>
         <load_address>0x3567</load_address>
         <run_address>0x3567</run_address>
         <size>0x136</size>
         <input_file_ref idref="fl-129"/>
      </object_component>
      <object_component id="oc-45">
         <name>.debug_info</name>
         <load_address>0x369d</load_address>
         <run_address>0x369d</run_address>
         <size>0x123</size>
         <input_file_ref idref="fl-12a"/>
      </object_component>
      <object_component id="oc-16">
         <name>.debug_info</name>
         <load_address>0x37c0</load_address>
         <run_address>0x37c0</run_address>
         <size>0x1c2</size>
         <input_file_ref idref="fl-12a"/>
      </object_component>
      <object_component id="oc-40">
         <name>.debug_info</name>
         <load_address>0x3982</load_address>
         <run_address>0x3982</run_address>
         <size>0x46</size>
         <input_file_ref idref="fl-12a"/>
      </object_component>
      <object_component id="oc-92">
         <name>.debug_info</name>
         <load_address>0x39c8</load_address>
         <run_address>0x39c8</run_address>
         <size>0x2c</size>
         <input_file_ref idref="fl-12a"/>
      </object_component>
      <object_component id="oc-4d">
         <name>.debug_info</name>
         <load_address>0x39f4</load_address>
         <run_address>0x39f4</run_address>
         <size>0x117</size>
         <input_file_ref idref="fl-12b"/>
      </object_component>
      <object_component id="oc-47">
         <name>.debug_info</name>
         <load_address>0x3b0b</load_address>
         <run_address>0x3b0b</run_address>
         <size>0x22a</size>
         <input_file_ref idref="fl-12b"/>
      </object_component>
      <object_component id="oc-1b">
         <name>.debug_info</name>
         <load_address>0x3d35</load_address>
         <run_address>0x3d35</run_address>
         <size>0x194</size>
         <input_file_ref idref="fl-12b"/>
      </object_component>
      <object_component id="oc-4e">
         <name>.debug_info</name>
         <load_address>0x3ec9</load_address>
         <run_address>0x3ec9</run_address>
         <size>0x39</size>
         <input_file_ref idref="fl-12b"/>
      </object_component>
      <object_component id="oc-9c">
         <name>.debug_info</name>
         <load_address>0x3f02</load_address>
         <run_address>0x3f02</run_address>
         <size>0x2c</size>
         <input_file_ref idref="fl-12b"/>
      </object_component>
      <object_component id="oc-b6">
         <name>.debug_info</name>
         <load_address>0x3f2e</load_address>
         <run_address>0x3f2e</run_address>
         <size>0x174</size>
         <input_file_ref idref="fl-12d"/>
      </object_component>
      <object_component id="oc-b3">
         <name>.debug_info</name>
         <load_address>0x40a2</load_address>
         <run_address>0x40a2</run_address>
         <size>0x119</size>
         <input_file_ref idref="fl-12d"/>
      </object_component>
      <object_component id="oc-72">
         <name>.debug_info</name>
         <load_address>0x41bb</load_address>
         <run_address>0x41bb</run_address>
         <size>0x1f0</size>
         <input_file_ref idref="fl-12d"/>
      </object_component>
      <object_component id="oc-3c">
         <name>.debug_info</name>
         <load_address>0x43ab</load_address>
         <run_address>0x43ab</run_address>
         <size>0xf8</size>
         <input_file_ref idref="fl-12e"/>
      </object_component>
      <object_component id="oc-54">
         <name>.debug_info</name>
         <load_address>0x44a3</load_address>
         <run_address>0x44a3</run_address>
         <size>0x126</size>
         <input_file_ref idref="fl-12f"/>
      </object_component>
      <object_component id="oc-60">
         <name>.debug_info</name>
         <load_address>0x45c9</load_address>
         <run_address>0x45c9</run_address>
         <size>0x12b</size>
         <input_file_ref idref="fl-130"/>
      </object_component>
      <object_component id="oc-78">
         <name>.debug_info</name>
         <load_address>0x46f4</load_address>
         <run_address>0x46f4</run_address>
         <size>0xec</size>
         <input_file_ref idref="fl-131"/>
      </object_component>
      <object_component id="oc-da">
         <name>.debug_info</name>
         <load_address>0x47e0</load_address>
         <run_address>0x47e0</run_address>
         <size>0x107</size>
         <input_file_ref idref="fl-132"/>
      </object_component>
      <object_component id="oc-b0">
         <name>.debug_info</name>
         <load_address>0x48e7</load_address>
         <run_address>0x48e7</run_address>
         <size>0xf6</size>
         <input_file_ref idref="fl-132"/>
      </object_component>
      <object_component id="oc-d3">
         <name>.debug_info</name>
         <load_address>0x49dd</load_address>
         <run_address>0x49dd</run_address>
         <size>0x202</size>
         <input_file_ref idref="fl-132"/>
      </object_component>
      <object_component id="oc-ae">
         <name>.debug_info</name>
         <load_address>0x4bdf</load_address>
         <run_address>0x4bdf</run_address>
         <size>0x149</size>
         <input_file_ref idref="fl-133"/>
      </object_component>
      <object_component id="oc-6c">
         <name>.debug_info</name>
         <load_address>0x4d28</load_address>
         <run_address>0x4d28</run_address>
         <size>0x14a</size>
         <input_file_ref idref="fl-133"/>
      </object_component>
      <object_component id="oc-cd">
         <name>.debug_info</name>
         <load_address>0x4e72</load_address>
         <run_address>0x4e72</run_address>
         <size>0x5e</size>
         <input_file_ref idref="fl-133"/>
      </object_component>
      <object_component id="oc-ac">
         <name>.debug_info</name>
         <load_address>0x4ed0</load_address>
         <run_address>0x4ed0</run_address>
         <size>0x2a0</size>
         <input_file_ref idref="fl-134"/>
      </object_component>
      <object_component id="oc-66">
         <name>.debug_info</name>
         <load_address>0x5170</load_address>
         <run_address>0x5170</run_address>
         <size>0x15a</size>
         <input_file_ref idref="fl-134"/>
      </object_component>
      <object_component id="oc-c1">
         <name>.debug_info</name>
         <load_address>0x52ca</load_address>
         <run_address>0x52ca</run_address>
         <size>0x39</size>
         <input_file_ref idref="fl-134"/>
      </object_component>
      <object_component id="oc-c6">
         <name>.debug_info</name>
         <load_address>0x5303</load_address>
         <run_address>0x5303</run_address>
         <size>0xcd</size>
         <input_file_ref idref="fl-134"/>
      </object_component>
      <object_component id="oc-be">
         <name>.debug_info</name>
         <load_address>0x53d0</load_address>
         <run_address>0x53d0</run_address>
         <size>0x1c3</size>
         <input_file_ref idref="fl-135"/>
      </object_component>
      <object_component id="oc-a6">
         <name>.debug_info</name>
         <load_address>0x5593</load_address>
         <run_address>0x5593</run_address>
         <size>0x166</size>
         <input_file_ref idref="fl-135"/>
      </object_component>
      <object_component id="oc-e9">
         <name>.debug_info</name>
         <load_address>0x56f9</load_address>
         <run_address>0x56f9</run_address>
         <size>0x2c</size>
         <input_file_ref idref="fl-135"/>
      </object_component>
      <object_component id="oc-116">
         <name>.debug_info</name>
         <load_address>0x5725</load_address>
         <run_address>0x5725</run_address>
         <size>0xa9</size>
      </object_component>
      <object_component id="oc-e1">
         <name>.debug_line</name>
         <load_address>0x0</load_address>
         <run_address>0x0</run_address>
         <size>0x2d</size>
         <input_file_ref idref="fl-2"/>
      </object_component>
      <object_component id="oc-bb">
         <name>.debug_line</name>
         <load_address>0x2d</load_address>
         <run_address>0x2d</run_address>
         <size>0x2d</size>
         <input_file_ref idref="fl-2"/>
      </object_component>
      <object_component id="oc-35">
         <name>.debug_line</name>
         <load_address>0x5a</load_address>
         <run_address>0x5a</run_address>
         <size>0x210</size>
         <input_file_ref idref="fl-2"/>
      </object_component>
      <object_component id="oc-e5">
         <name>.debug_line</name>
         <load_address>0x26a</load_address>
         <run_address>0x26a</run_address>
         <size>0x55</size>
         <input_file_ref idref="fl-2"/>
      </object_component>
      <object_component id="oc-83">
         <name>.debug_line</name>
         <load_address>0x2bf</load_address>
         <run_address>0x2bf</run_address>
         <size>0x20</size>
         <input_file_ref idref="fl-2"/>
      </object_component>
      <object_component id="oc-88">
         <name>.debug_line</name>
         <load_address>0x2df</load_address>
         <run_address>0x2df</run_address>
         <size>0x60</size>
         <input_file_ref idref="fl-2"/>
      </object_component>
      <object_component id="oc-8d">
         <name>.debug_line</name>
         <load_address>0x33f</load_address>
         <run_address>0x33f</run_address>
         <size>0x2d</size>
         <input_file_ref idref="fl-2"/>
      </object_component>
      <object_component id="oc-90">
         <name>.debug_line</name>
         <load_address>0x36c</load_address>
         <run_address>0x36c</run_address>
         <size>0x3b</size>
         <input_file_ref idref="fl-3"/>
      </object_component>
      <object_component id="oc-38">
         <name>.debug_line</name>
         <load_address>0x3a7</load_address>
         <run_address>0x3a7</run_address>
         <size>0x3b</size>
         <input_file_ref idref="fl-3"/>
      </object_component>
      <object_component id="oc-2f">
         <name>.debug_line</name>
         <load_address>0x3e2</load_address>
         <run_address>0x3e2</run_address>
         <size>0x55a</size>
         <input_file_ref idref="fl-3"/>
      </object_component>
      <object_component id="oc-29">
         <name>.debug_line</name>
         <load_address>0x93c</load_address>
         <run_address>0x93c</run_address>
         <size>0x52</size>
         <input_file_ref idref="fl-129"/>
      </object_component>
      <object_component id="oc-98">
         <name>.debug_line</name>
         <load_address>0x98e</load_address>
         <run_address>0x98e</run_address>
         <size>0x72</size>
         <input_file_ref idref="fl-12a"/>
      </object_component>
      <object_component id="oc-14">
         <name>.debug_line</name>
         <load_address>0xa00</load_address>
         <run_address>0xa00</run_address>
         <size>0x55</size>
         <input_file_ref idref="fl-12a"/>
      </object_component>
      <object_component id="oc-43">
         <name>.debug_line</name>
         <load_address>0xa55</load_address>
         <run_address>0xa55</run_address>
         <size>0x3a</size>
         <input_file_ref idref="fl-12a"/>
      </object_component>
      <object_component id="oc-95">
         <name>.debug_line</name>
         <load_address>0xa8f</load_address>
         <run_address>0xa8f</run_address>
         <size>0x72</size>
         <input_file_ref idref="fl-12a"/>
      </object_component>
      <object_component id="oc-9b">
         <name>.debug_line</name>
         <load_address>0xb01</load_address>
         <run_address>0xb01</run_address>
         <size>0x72</size>
         <input_file_ref idref="fl-12b"/>
      </object_component>
      <object_component id="oc-4a">
         <name>.debug_line</name>
         <load_address>0xb73</load_address>
         <run_address>0xb73</run_address>
         <size>0x98</size>
         <input_file_ref idref="fl-12b"/>
      </object_component>
      <object_component id="oc-1e">
         <name>.debug_line</name>
         <load_address>0xc0b</load_address>
         <run_address>0xc0b</run_address>
         <size>0x4b</size>
         <input_file_ref idref="fl-12b"/>
      </object_component>
      <object_component id="oc-51">
         <name>.debug_line</name>
         <load_address>0xc56</load_address>
         <run_address>0xc56</run_address>
         <size>0x39</size>
         <input_file_ref idref="fl-12b"/>
      </object_component>
      <object_component id="oc-9f">
         <name>.debug_line</name>
         <load_address>0xc8f</load_address>
         <run_address>0xc8f</run_address>
         <size>0x72</size>
         <input_file_ref idref="fl-12b"/>
      </object_component>
      <object_component id="oc-df">
         <name>.debug_line</name>
         <load_address>0xd01</load_address>
         <run_address>0xd01</run_address>
         <size>0x71</size>
         <input_file_ref idref="fl-12d"/>
      </object_component>
      <object_component id="oc-dd">
         <name>.debug_line</name>
         <load_address>0xd72</load_address>
         <run_address>0xd72</run_address>
         <size>0x2a</size>
         <input_file_ref idref="fl-12d"/>
      </object_component>
      <object_component id="oc-76">
         <name>.debug_line</name>
         <load_address>0xd9c</load_address>
         <run_address>0xd9c</run_address>
         <size>0x7a</size>
         <input_file_ref idref="fl-12d"/>
      </object_component>
      <object_component id="oc-3b">
         <name>.debug_line</name>
         <load_address>0xe16</load_address>
         <run_address>0xe16</run_address>
         <size>0x88</size>
         <input_file_ref idref="fl-12e"/>
      </object_component>
      <object_component id="oc-57">
         <name>.debug_line</name>
         <load_address>0xe9e</load_address>
         <run_address>0xe9e</run_address>
         <size>0x79</size>
         <input_file_ref idref="fl-12f"/>
      </object_component>
      <object_component id="oc-63">
         <name>.debug_line</name>
         <load_address>0xf17</load_address>
         <run_address>0xf17</run_address>
         <size>0x40</size>
         <input_file_ref idref="fl-130"/>
      </object_component>
      <object_component id="oc-b9">
         <name>.debug_line</name>
         <load_address>0xf57</load_address>
         <run_address>0xf57</run_address>
         <size>0x33</size>
         <input_file_ref idref="fl-131"/>
      </object_component>
      <object_component id="oc-f0">
         <name>.debug_line</name>
         <load_address>0xf8a</load_address>
         <run_address>0xf8a</run_address>
         <size>0x20</size>
         <input_file_ref idref="fl-132"/>
      </object_component>
      <object_component id="oc-d9">
         <name>.debug_line</name>
         <load_address>0xfaa</load_address>
         <run_address>0xfaa</run_address>
         <size>0x2b</size>
         <input_file_ref idref="fl-132"/>
      </object_component>
      <object_component id="oc-d6">
         <name>.debug_line</name>
         <load_address>0xfd5</load_address>
         <run_address>0xfd5</run_address>
         <size>0x68</size>
         <input_file_ref idref="fl-132"/>
      </object_component>
      <object_component id="oc-cc">
         <name>.debug_line</name>
         <load_address>0x103d</load_address>
         <run_address>0x103d</run_address>
         <size>0x2b</size>
         <input_file_ref idref="fl-133"/>
      </object_component>
      <object_component id="oc-6f">
         <name>.debug_line</name>
         <load_address>0x1068</load_address>
         <run_address>0x1068</run_address>
         <size>0x50</size>
         <input_file_ref idref="fl-133"/>
      </object_component>
      <object_component id="oc-d0">
         <name>.debug_line</name>
         <load_address>0x10b8</load_address>
         <run_address>0x10b8</run_address>
         <size>0x2b</size>
         <input_file_ref idref="fl-133"/>
      </object_component>
      <object_component id="oc-c0">
         <name>.debug_line</name>
         <load_address>0x10e3</load_address>
         <run_address>0x10e3</run_address>
         <size>0x81</size>
         <input_file_ref idref="fl-134"/>
      </object_component>
      <object_component id="oc-69">
         <name>.debug_line</name>
         <load_address>0x1164</load_address>
         <run_address>0x1164</run_address>
         <size>0x79</size>
         <input_file_ref idref="fl-134"/>
      </object_component>
      <object_component id="oc-c4">
         <name>.debug_line</name>
         <load_address>0x11dd</load_address>
         <run_address>0x11dd</run_address>
         <size>0x2e</size>
         <input_file_ref idref="fl-134"/>
      </object_component>
      <object_component id="oc-c9">
         <name>.debug_line</name>
         <load_address>0x120b</load_address>
         <run_address>0x120b</run_address>
         <size>0x73</size>
         <input_file_ref idref="fl-134"/>
      </object_component>
      <object_component id="oc-e8">
         <name>.debug_line</name>
         <load_address>0x127e</load_address>
         <run_address>0x127e</run_address>
         <size>0x80</size>
         <input_file_ref idref="fl-135"/>
      </object_component>
      <object_component id="oc-a9">
         <name>.debug_line</name>
         <load_address>0x12fe</load_address>
         <run_address>0x12fe</run_address>
         <size>0x68</size>
         <input_file_ref idref="fl-135"/>
      </object_component>
      <object_component id="oc-ec">
         <name>.debug_line</name>
         <load_address>0x1366</load_address>
         <run_address>0x1366</run_address>
         <size>0x2e</size>
         <input_file_ref idref="fl-135"/>
      </object_component>
      <object_component id="oc-36">
         <name>.debug_frame</name>
         <load_address>0x0</load_address>
         <run_address>0x0</run_address>
         <size>0x161</size>
         <input_file_ref idref="fl-2"/>
      </object_component>
      <object_component id="oc-30">
         <name>.debug_frame</name>
         <load_address>0x161</load_address>
         <run_address>0x161</run_address>
         <size>0x404</size>
         <input_file_ref idref="fl-3"/>
      </object_component>
      <object_component id="oc-15">
         <name>.debug_frame</name>
         <load_address>0x565</load_address>
         <run_address>0x565</run_address>
         <size>0x7f</size>
         <input_file_ref idref="fl-12a"/>
      </object_component>
      <object_component id="oc-4b">
         <name>.debug_frame</name>
         <load_address>0x5e4</load_address>
         <run_address>0x5e4</run_address>
         <size>0x8e</size>
         <input_file_ref idref="fl-12b"/>
      </object_component>
      <object_component id="oc-1a">
         <name>.debug_frame</name>
         <load_address>0x672</load_address>
         <run_address>0x672</run_address>
         <size>0x7f</size>
         <input_file_ref idref="fl-12b"/>
      </object_component>
      <object_component id="oc-75">
         <name>.debug_frame</name>
         <load_address>0x6f1</load_address>
         <run_address>0x6f1</run_address>
         <size>0xb3</size>
         <input_file_ref idref="fl-12d"/>
      </object_component>
      <object_component id="oc-64">
         <name>.debug_frame</name>
         <load_address>0x7a4</load_address>
         <run_address>0x7a4</run_address>
         <size>0x7f</size>
         <input_file_ref idref="fl-130"/>
      </object_component>
      <object_component id="oc-d7">
         <name>.debug_frame</name>
         <load_address>0x823</load_address>
         <run_address>0x823</run_address>
         <size>0xa1</size>
         <input_file_ref idref="fl-132"/>
      </object_component>
      <object_component id="oc-70">
         <name>.debug_frame</name>
         <load_address>0x8c4</load_address>
         <run_address>0x8c4</run_address>
         <size>0x7f</size>
         <input_file_ref idref="fl-133"/>
      </object_component>
      <object_component id="oc-6a">
         <name>.debug_frame</name>
         <load_address>0x943</load_address>
         <run_address>0x943</run_address>
         <size>0x8a</size>
         <input_file_ref idref="fl-134"/>
      </object_component>
      <object_component id="oc-aa">
         <name>.debug_frame</name>
         <load_address>0x9cd</load_address>
         <run_address>0x9cd</run_address>
         <size>0x8e</size>
         <input_file_ref idref="fl-135"/>
      </object_component>
      <object_component id="oc-e0">
         <name>.debug_abbrev</name>
         <load_address>0x0</load_address>
         <run_address>0x0</run_address>
         <size>0x7a</size>
         <input_file_ref idref="fl-2"/>
      </object_component>
      <object_component id="oc-ba">
         <name>.debug_abbrev</name>
         <load_address>0x7a</load_address>
         <run_address>0x7a</run_address>
         <size>0x29</size>
         <input_file_ref idref="fl-2"/>
      </object_component>
      <object_component id="oc-7f">
         <name>.debug_abbrev</name>
         <load_address>0xa3</load_address>
         <run_address>0xa3</run_address>
         <size>0x105</size>
         <input_file_ref idref="fl-2"/>
      </object_component>
      <object_component id="oc-e4">
         <name>.debug_abbrev</name>
         <load_address>0x1a8</load_address>
         <run_address>0x1a8</run_address>
         <size>0x97</size>
         <input_file_ref idref="fl-2"/>
      </object_component>
      <object_component id="oc-82">
         <name>.debug_abbrev</name>
         <load_address>0x23f</load_address>
         <run_address>0x23f</run_address>
         <size>0x1f</size>
         <input_file_ref idref="fl-2"/>
      </object_component>
      <object_component id="oc-87">
         <name>.debug_abbrev</name>
         <load_address>0x25e</load_address>
         <run_address>0x25e</run_address>
         <size>0x35</size>
         <input_file_ref idref="fl-2"/>
      </object_component>
      <object_component id="oc-8c">
         <name>.debug_abbrev</name>
         <load_address>0x293</load_address>
         <run_address>0x293</run_address>
         <size>0x53</size>
         <input_file_ref idref="fl-2"/>
      </object_component>
      <object_component id="oc-8f">
         <name>.debug_abbrev</name>
         <load_address>0x2e6</load_address>
         <run_address>0x2e6</run_address>
         <size>0x5d</size>
         <input_file_ref idref="fl-3"/>
      </object_component>
      <object_component id="oc-37">
         <name>.debug_abbrev</name>
         <load_address>0x343</load_address>
         <run_address>0x343</run_address>
         <size>0x29</size>
         <input_file_ref idref="fl-3"/>
      </object_component>
      <object_component id="oc-7b">
         <name>.debug_abbrev</name>
         <load_address>0x36c</load_address>
         <run_address>0x36c</run_address>
         <size>0xf8</size>
         <input_file_ref idref="fl-3"/>
      </object_component>
      <object_component id="oc-7a">
         <name>.debug_abbrev</name>
         <load_address>0x464</load_address>
         <run_address>0x464</run_address>
         <size>0x3e</size>
         <input_file_ref idref="fl-129"/>
      </object_component>
      <object_component id="oc-97">
         <name>.debug_abbrev</name>
         <load_address>0x4a2</load_address>
         <run_address>0x4a2</run_address>
         <size>0x52</size>
         <input_file_ref idref="fl-12a"/>
      </object_component>
      <object_component id="oc-3f">
         <name>.debug_abbrev</name>
         <load_address>0x4f4</load_address>
         <run_address>0x4f4</run_address>
         <size>0x74</size>
         <input_file_ref idref="fl-12a"/>
      </object_component>
      <object_component id="oc-42">
         <name>.debug_abbrev</name>
         <load_address>0x568</load_address>
         <run_address>0x568</run_address>
         <size>0x24</size>
         <input_file_ref idref="fl-12a"/>
      </object_component>
      <object_component id="oc-94">
         <name>.debug_abbrev</name>
         <load_address>0x58c</load_address>
         <run_address>0x58c</run_address>
         <size>0x24</size>
         <input_file_ref idref="fl-12a"/>
      </object_component>
      <object_component id="oc-9a">
         <name>.debug_abbrev</name>
         <load_address>0x5b0</load_address>
         <run_address>0x5b0</run_address>
         <size>0x52</size>
         <input_file_ref idref="fl-12b"/>
      </object_component>
      <object_component id="oc-99">
         <name>.debug_abbrev</name>
         <load_address>0x602</load_address>
         <run_address>0x602</run_address>
         <size>0x7b</size>
         <input_file_ref idref="fl-12b"/>
      </object_component>
      <object_component id="oc-4c">
         <name>.debug_abbrev</name>
         <load_address>0x67d</load_address>
         <run_address>0x67d</run_address>
         <size>0x66</size>
         <input_file_ref idref="fl-12b"/>
      </object_component>
      <object_component id="oc-50">
         <name>.debug_abbrev</name>
         <load_address>0x6e3</load_address>
         <run_address>0x6e3</run_address>
         <size>0x24</size>
         <input_file_ref idref="fl-12b"/>
      </object_component>
      <object_component id="oc-9e">
         <name>.debug_abbrev</name>
         <load_address>0x707</load_address>
         <run_address>0x707</run_address>
         <size>0x24</size>
         <input_file_ref idref="fl-12b"/>
      </object_component>
      <object_component id="oc-de">
         <name>.debug_abbrev</name>
         <load_address>0x72b</load_address>
         <run_address>0x72b</run_address>
         <size>0x6b</size>
         <input_file_ref idref="fl-12d"/>
      </object_component>
      <object_component id="oc-dc">
         <name>.debug_abbrev</name>
         <load_address>0x796</load_address>
         <run_address>0x796</run_address>
         <size>0x29</size>
         <input_file_ref idref="fl-12d"/>
      </object_component>
      <object_component id="oc-b5">
         <name>.debug_abbrev</name>
         <load_address>0x7bf</load_address>
         <run_address>0x7bf</run_address>
         <size>0xba</size>
         <input_file_ref idref="fl-12d"/>
      </object_component>
      <object_component id="oc-91">
         <name>.debug_abbrev</name>
         <load_address>0x879</load_address>
         <run_address>0x879</run_address>
         <size>0x3e</size>
         <input_file_ref idref="fl-12e"/>
      </object_component>
      <object_component id="oc-a1">
         <name>.debug_abbrev</name>
         <load_address>0x8b7</load_address>
         <run_address>0x8b7</run_address>
         <size>0x4f</size>
         <input_file_ref idref="fl-12f"/>
      </object_component>
      <object_component id="oc-a4">
         <name>.debug_abbrev</name>
         <load_address>0x906</load_address>
         <run_address>0x906</run_address>
         <size>0x55</size>
         <input_file_ref idref="fl-130"/>
      </object_component>
      <object_component id="oc-b8">
         <name>.debug_abbrev</name>
         <load_address>0x95b</load_address>
         <run_address>0x95b</run_address>
         <size>0x27</size>
         <input_file_ref idref="fl-131"/>
      </object_component>
      <object_component id="oc-ef">
         <name>.debug_abbrev</name>
         <load_address>0x982</load_address>
         <run_address>0x982</run_address>
         <size>0x45</size>
         <input_file_ref idref="fl-132"/>
      </object_component>
      <object_component id="oc-d8">
         <name>.debug_abbrev</name>
         <load_address>0x9c7</load_address>
         <run_address>0x9c7</run_address>
         <size>0x29</size>
         <input_file_ref idref="fl-132"/>
      </object_component>
      <object_component id="oc-ee">
         <name>.debug_abbrev</name>
         <load_address>0x9f0</load_address>
         <run_address>0x9f0</run_address>
         <size>0x6f</size>
         <input_file_ref idref="fl-132"/>
      </object_component>
      <object_component id="oc-cb">
         <name>.debug_abbrev</name>
         <load_address>0xa5f</load_address>
         <run_address>0xa5f</run_address>
         <size>0x8e</size>
         <input_file_ref idref="fl-133"/>
      </object_component>
      <object_component id="oc-ad">
         <name>.debug_abbrev</name>
         <load_address>0xaed</load_address>
         <run_address>0xaed</run_address>
         <size>0x68</size>
         <input_file_ref idref="fl-133"/>
      </object_component>
      <object_component id="oc-cf">
         <name>.debug_abbrev</name>
         <load_address>0xb55</load_address>
         <run_address>0xb55</run_address>
         <size>0x49</size>
         <input_file_ref idref="fl-133"/>
      </object_component>
      <object_component id="oc-bf">
         <name>.debug_abbrev</name>
         <load_address>0xb9e</load_address>
         <run_address>0xb9e</run_address>
         <size>0x9a</size>
         <input_file_ref idref="fl-134"/>
      </object_component>
      <object_component id="oc-ab">
         <name>.debug_abbrev</name>
         <load_address>0xc38</load_address>
         <run_address>0xc38</run_address>
         <size>0x7e</size>
         <input_file_ref idref="fl-134"/>
      </object_component>
      <object_component id="oc-c3">
         <name>.debug_abbrev</name>
         <load_address>0xcb6</load_address>
         <run_address>0xcb6</run_address>
         <size>0x24</size>
         <input_file_ref idref="fl-134"/>
      </object_component>
      <object_component id="oc-c8">
         <name>.debug_abbrev</name>
         <load_address>0xcda</load_address>
         <run_address>0xcda</run_address>
         <size>0x4b</size>
         <input_file_ref idref="fl-134"/>
      </object_component>
      <object_component id="oc-e7">
         <name>.debug_abbrev</name>
         <load_address>0xd25</load_address>
         <run_address>0xd25</run_address>
         <size>0x9c</size>
         <input_file_ref idref="fl-135"/>
      </object_component>
      <object_component id="oc-bd">
         <name>.debug_abbrev</name>
         <load_address>0xdc1</load_address>
         <run_address>0xdc1</run_address>
         <size>0x8c</size>
         <input_file_ref idref="fl-135"/>
      </object_component>
      <object_component id="oc-eb">
         <name>.debug_abbrev</name>
         <load_address>0xe4d</load_address>
         <run_address>0xe4d</run_address>
         <size>0x24</size>
         <input_file_ref idref="fl-135"/>
      </object_component>
      <object_component id="oc-117">
         <name>.debug_abbrev</name>
         <load_address>0xe71</load_address>
         <run_address>0xe71</run_address>
         <size>0xf</size>
      </object_component>
      <object_component id="oc-e6">
         <name>.debug_str</name>
         <load_address>0x0</load_address>
         <run_address>0x0</run_address>
         <size>0x473</size>
         <input_file_ref idref="fl-2"/>
      </object_component>
      <object_component id="oc-84">
         <name>.debug_str</name>
         <load_address>0x473</load_address>
         <run_address>0x473</run_address>
         <size>0xf5</size>
         <input_file_ref idref="fl-2"/>
      </object_component>
      <object_component id="oc-89">
         <name>.debug_str</name>
         <load_address>0x568</load_address>
         <run_address>0x568</run_address>
         <size>0x217</size>
         <input_file_ref idref="fl-2"/>
      </object_component>
      <object_component id="oc-8e">
         <name>.debug_str</name>
         <load_address>0x77f</load_address>
         <run_address>0x77f</run_address>
         <size>0xe2</size>
         <input_file_ref idref="fl-2"/>
      </object_component>
      <object_component id="oc-44">
         <name>.debug_str</name>
         <load_address>0x861</load_address>
         <run_address>0x861</run_address>
         <size>0xe3</size>
         <input_file_ref idref="fl-12a"/>
      </object_component>
      <object_component id="oc-96">
         <name>.debug_str</name>
         <load_address>0x944</load_address>
         <run_address>0x944</run_address>
         <size>0xf8</size>
         <input_file_ref idref="fl-12a"/>
      </object_component>
      <object_component id="oc-52">
         <name>.debug_str</name>
         <load_address>0xa3c</load_address>
         <run_address>0xa3c</run_address>
         <size>0xd5</size>
         <input_file_ref idref="fl-12b"/>
      </object_component>
      <object_component id="oc-a0">
         <name>.debug_str</name>
         <load_address>0xb11</load_address>
         <run_address>0xb11</run_address>
         <size>0xf8</size>
         <input_file_ref idref="fl-12b"/>
      </object_component>
      <object_component id="oc-d1">
         <name>.debug_str</name>
         <load_address>0xc09</load_address>
         <run_address>0xc09</run_address>
         <size>0xb9</size>
         <input_file_ref idref="fl-133"/>
      </object_component>
      <object_component id="oc-c5">
         <name>.debug_str</name>
         <load_address>0xcc2</load_address>
         <run_address>0xcc2</run_address>
         <size>0xc5</size>
         <input_file_ref idref="fl-134"/>
      </object_component>
      <object_component id="oc-ca">
         <name>.debug_str</name>
         <load_address>0xd87</load_address>
         <run_address>0xd87</run_address>
         <size>0x14f</size>
         <input_file_ref idref="fl-134"/>
      </object_component>
      <object_component id="oc-ed">
         <name>.debug_str</name>
         <load_address>0xed6</load_address>
         <run_address>0xed6</run_address>
         <size>0xba</size>
         <input_file_ref idref="fl-135"/>
      </object_component>
      <object_component id="oc-33">
         <name>.debug_aranges</name>
         <load_address>0x0</load_address>
         <run_address>0x0</run_address>
         <size>0x70</size>
         <input_file_ref idref="fl-2"/>
      </object_component>
      <object_component id="oc-2d">
         <name>.debug_aranges</name>
         <load_address>0x70</load_address>
         <run_address>0x70</run_address>
         <size>0x1c8</size>
         <input_file_ref idref="fl-3"/>
      </object_component>
      <object_component id="oc-28">
         <name>.debug_aranges</name>
         <load_address>0x238</load_address>
         <run_address>0x238</run_address>
         <size>0x20</size>
         <input_file_ref idref="fl-129"/>
      </object_component>
      <object_component id="oc-17">
         <name>.debug_aranges</name>
         <load_address>0x258</load_address>
         <run_address>0x258</run_address>
         <size>0x20</size>
         <input_file_ref idref="fl-12a"/>
      </object_component>
      <object_component id="oc-48">
         <name>.debug_aranges</name>
         <load_address>0x278</load_address>
         <run_address>0x278</run_address>
         <size>0x20</size>
         <input_file_ref idref="fl-12b"/>
      </object_component>
      <object_component id="oc-1c">
         <name>.debug_aranges</name>
         <load_address>0x298</load_address>
         <run_address>0x298</run_address>
         <size>0x20</size>
         <input_file_ref idref="fl-12b"/>
      </object_component>
      <object_component id="oc-73">
         <name>.debug_aranges</name>
         <load_address>0x2b8</load_address>
         <run_address>0x2b8</run_address>
         <size>0x30</size>
         <input_file_ref idref="fl-12d"/>
      </object_component>
      <object_component id="oc-3d">
         <name>.debug_aranges</name>
         <load_address>0x2e8</load_address>
         <run_address>0x2e8</run_address>
         <size>0x20</size>
         <input_file_ref idref="fl-12e"/>
      </object_component>
      <object_component id="oc-55">
         <name>.debug_aranges</name>
         <load_address>0x308</load_address>
         <run_address>0x308</run_address>
         <size>0x28</size>
         <input_file_ref idref="fl-12f"/>
      </object_component>
      <object_component id="oc-61">
         <name>.debug_aranges</name>
         <load_address>0x330</load_address>
         <run_address>0x330</run_address>
         <size>0x20</size>
         <input_file_ref idref="fl-130"/>
      </object_component>
      <object_component id="oc-d4">
         <name>.debug_aranges</name>
         <load_address>0x350</load_address>
         <run_address>0x350</run_address>
         <size>0x30</size>
         <input_file_ref idref="fl-132"/>
      </object_component>
      <object_component id="oc-6d">
         <name>.debug_aranges</name>
         <load_address>0x380</load_address>
         <run_address>0x380</run_address>
         <size>0x20</size>
         <input_file_ref idref="fl-133"/>
      </object_component>
      <object_component id="oc-67">
         <name>.debug_aranges</name>
         <load_address>0x3a0</load_address>
         <run_address>0x3a0</run_address>
         <size>0x20</size>
         <input_file_ref idref="fl-134"/>
      </object_component>
      <object_component id="oc-a7">
         <name>.debug_aranges</name>
         <load_address>0x3c0</load_address>
         <run_address>0x3c0</run_address>
         <size>0x20</size>
         <input_file_ref idref="fl-135"/>
      </object_component>
      <object_component id="oc-7e">
         <name>.debug_pubnames</name>
         <load_address>0x0</load_address>
         <run_address>0x0</run_address>
         <size>0x54</size>
         <input_file_ref idref="fl-2"/>
      </object_component>
      <object_component id="oc-34">
         <name>.debug_pubnames</name>
         <load_address>0x54</load_address>
         <run_address>0x54</run_address>
         <size>0xaf</size>
         <input_file_ref idref="fl-2"/>
      </object_component>
      <object_component id="oc-12">
         <name>.debug_pubnames</name>
         <load_address>0x103</load_address>
         <run_address>0x103</run_address>
         <size>0x27</size>
         <input_file_ref idref="fl-3"/>
      </object_component>
      <object_component id="oc-2e">
         <name>.debug_pubnames</name>
         <load_address>0x12a</load_address>
         <run_address>0x12a</run_address>
         <size>0x474</size>
         <input_file_ref idref="fl-3"/>
      </object_component>
      <object_component id="oc-27">
         <name>.debug_pubnames</name>
         <load_address>0x59e</load_address>
         <run_address>0x59e</run_address>
         <size>0x1f</size>
         <input_file_ref idref="fl-129"/>
      </object_component>
      <object_component id="oc-18">
         <name>.debug_pubnames</name>
         <load_address>0x5bd</load_address>
         <run_address>0x5bd</run_address>
         <size>0x2b</size>
         <input_file_ref idref="fl-12a"/>
      </object_component>
      <object_component id="oc-49">
         <name>.debug_pubnames</name>
         <load_address>0x5e8</load_address>
         <run_address>0x5e8</run_address>
         <size>0x2f</size>
         <input_file_ref idref="fl-12b"/>
      </object_component>
      <object_component id="oc-1d">
         <name>.debug_pubnames</name>
         <load_address>0x617</load_address>
         <run_address>0x617</run_address>
         <size>0x2c</size>
         <input_file_ref idref="fl-12b"/>
      </object_component>
      <object_component id="oc-b4">
         <name>.debug_pubnames</name>
         <load_address>0x643</load_address>
         <run_address>0x643</run_address>
         <size>0x3a</size>
         <input_file_ref idref="fl-12d"/>
      </object_component>
      <object_component id="oc-74">
         <name>.debug_pubnames</name>
         <load_address>0x67d</load_address>
         <run_address>0x67d</run_address>
         <size>0x35</size>
         <input_file_ref idref="fl-12d"/>
      </object_component>
      <object_component id="oc-3e">
         <name>.debug_pubnames</name>
         <load_address>0x6b2</load_address>
         <run_address>0x6b2</run_address>
         <size>0x1d</size>
         <input_file_ref idref="fl-12e"/>
      </object_component>
      <object_component id="oc-56">
         <name>.debug_pubnames</name>
         <load_address>0x6cf</load_address>
         <run_address>0x6cf</run_address>
         <size>0x37</size>
         <input_file_ref idref="fl-12f"/>
      </object_component>
      <object_component id="oc-62">
         <name>.debug_pubnames</name>
         <load_address>0x706</load_address>
         <run_address>0x706</run_address>
         <size>0x27</size>
         <input_file_ref idref="fl-130"/>
      </object_component>
      <object_component id="oc-79">
         <name>.debug_pubnames</name>
         <load_address>0x72d</load_address>
         <run_address>0x72d</run_address>
         <size>0x23</size>
         <input_file_ref idref="fl-131"/>
      </object_component>
      <object_component id="oc-b1">
         <name>.debug_pubnames</name>
         <load_address>0x750</load_address>
         <run_address>0x750</run_address>
         <size>0x28</size>
         <input_file_ref idref="fl-132"/>
      </object_component>
      <object_component id="oc-d5">
         <name>.debug_pubnames</name>
         <load_address>0x778</load_address>
         <run_address>0x778</run_address>
         <size>0x43</size>
         <input_file_ref idref="fl-132"/>
      </object_component>
      <object_component id="oc-6e">
         <name>.debug_pubnames</name>
         <load_address>0x7bb</load_address>
         <run_address>0x7bb</run_address>
         <size>0x21</size>
         <input_file_ref idref="fl-133"/>
      </object_component>
      <object_component id="oc-68">
         <name>.debug_pubnames</name>
         <load_address>0x7dc</load_address>
         <run_address>0x7dc</run_address>
         <size>0x25</size>
         <input_file_ref idref="fl-134"/>
      </object_component>
      <object_component id="oc-a8">
         <name>.debug_pubnames</name>
         <load_address>0x801</load_address>
         <run_address>0x801</run_address>
         <size>0x1e</size>
         <input_file_ref idref="fl-135"/>
      </object_component>
      <object_component id="oc-e3">
         <name>.debug_pubtypes</name>
         <load_address>0x0</load_address>
         <run_address>0x0</run_address>
         <size>0xdd</size>
         <input_file_ref idref="fl-2"/>
      </object_component>
      <object_component id="oc-81">
         <name>.debug_pubtypes</name>
         <load_address>0xdd</load_address>
         <run_address>0xdd</run_address>
         <size>0xed</size>
         <input_file_ref idref="fl-2"/>
      </object_component>
      <object_component id="oc-86">
         <name>.debug_pubtypes</name>
         <load_address>0x1ca</load_address>
         <run_address>0x1ca</run_address>
         <size>0x1c6</size>
         <input_file_ref idref="fl-2"/>
      </object_component>
      <object_component id="oc-8b">
         <name>.debug_pubtypes</name>
         <load_address>0x390</load_address>
         <run_address>0x390</run_address>
         <size>0x39</size>
         <input_file_ref idref="fl-2"/>
      </object_component>
      <object_component id="oc-41">
         <name>.debug_pubtypes</name>
         <load_address>0x3c9</load_address>
         <run_address>0x3c9</run_address>
         <size>0x48</size>
         <input_file_ref idref="fl-12a"/>
      </object_component>
      <object_component id="oc-93">
         <name>.debug_pubtypes</name>
         <load_address>0x411</load_address>
         <run_address>0x411</run_address>
         <size>0x1d</size>
         <input_file_ref idref="fl-12a"/>
      </object_component>
      <object_component id="oc-4f">
         <name>.debug_pubtypes</name>
         <load_address>0x42e</load_address>
         <run_address>0x42e</run_address>
         <size>0x37</size>
         <input_file_ref idref="fl-12b"/>
      </object_component>
      <object_component id="oc-9d">
         <name>.debug_pubtypes</name>
         <load_address>0x465</load_address>
         <run_address>0x465</run_address>
         <size>0x1d</size>
         <input_file_ref idref="fl-12b"/>
      </object_component>
      <object_component id="oc-b7">
         <name>.debug_pubtypes</name>
         <load_address>0x482</load_address>
         <run_address>0x482</run_address>
         <size>0x1f</size>
         <input_file_ref idref="fl-12d"/>
      </object_component>
      <object_component id="oc-db">
         <name>.debug_pubtypes</name>
         <load_address>0x4a1</load_address>
         <run_address>0x4a1</run_address>
         <size>0x1f</size>
         <input_file_ref idref="fl-132"/>
      </object_component>
      <object_component id="oc-ce">
         <name>.debug_pubtypes</name>
         <load_address>0x4c0</load_address>
         <run_address>0x4c0</run_address>
         <size>0x1b</size>
         <input_file_ref idref="fl-133"/>
      </object_component>
      <object_component id="oc-c2">
         <name>.debug_pubtypes</name>
         <load_address>0x4db</load_address>
         <run_address>0x4db</run_address>
         <size>0x32</size>
         <input_file_ref idref="fl-134"/>
      </object_component>
      <object_component id="oc-c7">
         <name>.debug_pubtypes</name>
         <load_address>0x50d</load_address>
         <run_address>0x50d</run_address>
         <size>0x50</size>
         <input_file_ref idref="fl-134"/>
      </object_component>
      <object_component id="oc-ea">
         <name>.debug_pubtypes</name>
         <load_address>0x55d</load_address>
         <run_address>0x55d</run_address>
         <size>0x23</size>
         <input_file_ref idref="fl-135"/>
      </object_component>
   </object_component_list>
   <logical_group_list>
      <logical_group id="lg-4" display="no" color="cyan">
         <name>.intvecs</name>
         <load_address>0x0</load_address>
         <run_address>0x0</run_address>
         <size>0x144</size>
         <contents>
            <object_component_ref idref="oc-10"/>
         </contents>
      </logical_group>
      <logical_group id="lg-5" display="no" color="cyan">
         <name>.text</name>
         <load_address>0x144</load_address>
         <run_address>0x144</run_address>
         <size>0x808</size>
         <contents>
            <object_component_ref idref="oc-31"/>
            <object_component_ref idref="oc-3a"/>
            <object_component_ref idref="oc-2b"/>
            <object_component_ref idref="oc-53"/>
            <object_component_ref idref="oc-65"/>
            <object_component_ref idref="oc-46"/>
            <object_component_ref idref="oc-25"/>
            <object_component_ref idref="oc-a5"/>
            <object_component_ref idref="oc-71"/>
            <object_component_ref idref="oc-6b"/>
            <object_component_ref idref="oc-d2"/>
            <object_component_ref idref="oc-13"/>
            <object_component_ref idref="oc-19"/>
            <object_component_ref idref="oc-5f"/>
         </contents>
      </logical_group>
      <logical_group id="lg-6" display="no" color="cyan">
         <name>.const</name>
         <run_address>0x0</run_address>
         <size>0x0</size>
         <contents>
         </contents>
      </logical_group>
      <logical_group id="lg-7" display="no" color="cyan">
         <name>.cinit</name>
         <load_address>0x950</load_address>
         <run_address>0x950</run_address>
         <size>0x24</size>
         <contents>
            <object_component_ref idref="oc-114"/>
            <object_component_ref idref="oc-112"/>
            <object_component_ref idref="oc-113"/>
         </contents>
      </logical_group>
      <logical_group id="lg-8" display="no" color="cyan">
         <name>.pinit</name>
         <run_address>0x0</run_address>
         <size>0x0</size>
         <contents>
         </contents>
      </logical_group>
      <logical_group id="lg-9" display="no" color="cyan">
         <name>.flashMailbox</name>
         <run_address>0x0</run_address>
         <size>0x0</size>
         <contents>
         </contents>
      </logical_group>
      <logical_group id="lg-a" display="no" color="cyan">
         <name>.vtable</name>
         <run_address>0x0</run_address>
         <size>0x0</size>
         <contents>
         </contents>
      </logical_group>
      <logical_group id="lg-d" display="no" color="cyan">
         <name>.sysmem</name>
         <run_address>0x0</run_address>
         <size>0x0</size>
         <contents>
         </contents>
      </logical_group>
      <logical_group id="lg-e" display="no" color="cyan">
         <name>.stack</name>
         <run_address>0x2000fe00</run_address>
         <size>0x200</size>
         <contents>
            <object_component_ref idref="oc-2a"/>
            <object_component_ref idref="oc-115"/>
         </contents>
      </logical_group>
      <logical_group id="lg-f2" display="no" color="cyan">
         <name>.TI.noinit</name>
         <run_address>0x0</run_address>
         <size>0x0</size>
         <contents>
         </contents>
      </logical_group>
      <logical_group id="lg-c" display="no" color="cyan">
         <name>.bss</name>
         <run_address>0x0</run_address>
         <size>0x0</size>
         <contents>
         </contents>
      </logical_group>
      <logical_group id="lg-f1" display="no" color="cyan">
         <name>BSS_GROUP</name>
         <run_address>0x0</run_address>
         <size>0x0</size>
         <contents>
            <logical_group_ref idref="lg-f2"/>
            <logical_group_ref idref="lg-c"/>
         </contents>
      </logical_group>
      <logical_group id="lg-f4" display="no" color="cyan">
         <name>.TI.persistent</name>
         <run_address>0x20000000</run_address>
         <size>0x0</size>
         <contents>
         </contents>
      </logical_group>
      <logical_group id="lg-b" display="no" color="cyan">
         <name>.data</name>
         <run_address>0x20000000</run_address>
         <size>0x28</size>
         <contents>
            <object_component_ref idref="oc-7c"/>
            <object_component_ref idref="oc-b2"/>
            <object_component_ref idref="oc-77"/>
            <object_component_ref idref="oc-af"/>
         </contents>
      </logical_group>
      <logical_group id="lg-f3" display="no" color="cyan">
         <name>DATA_GROUP</name>
         <load_address>0x20000000</load_address>
         <run_address>0x20000000</run_address>
         <size>0x28</size>
         <contents>
            <logical_group_ref idref="lg-f4"/>
            <logical_group_ref idref="lg-b"/>
         </contents>
      </logical_group>
      <logical_group id="lg-102" display="never" color="cyan">
         <name>.debug_info</name>
         <load_address>0x0</load_address>
         <run_address>0x0</run_address>
         <size>0x57ce</size>
         <contents>
            <object_component_ref idref="oc-bc"/>
            <object_component_ref idref="oc-7d"/>
            <object_component_ref idref="oc-32"/>
            <object_component_ref idref="oc-e2"/>
            <object_component_ref idref="oc-80"/>
            <object_component_ref idref="oc-85"/>
            <object_component_ref idref="oc-8a"/>
            <object_component_ref idref="oc-39"/>
            <object_component_ref idref="oc-11"/>
            <object_component_ref idref="oc-2c"/>
            <object_component_ref idref="oc-26"/>
            <object_component_ref idref="oc-45"/>
            <object_component_ref idref="oc-16"/>
            <object_component_ref idref="oc-40"/>
            <object_component_ref idref="oc-92"/>
            <object_component_ref idref="oc-4d"/>
            <object_component_ref idref="oc-47"/>
            <object_component_ref idref="oc-1b"/>
            <object_component_ref idref="oc-4e"/>
            <object_component_ref idref="oc-9c"/>
            <object_component_ref idref="oc-b6"/>
            <object_component_ref idref="oc-b3"/>
            <object_component_ref idref="oc-72"/>
            <object_component_ref idref="oc-3c"/>
            <object_component_ref idref="oc-54"/>
            <object_component_ref idref="oc-60"/>
            <object_component_ref idref="oc-78"/>
            <object_component_ref idref="oc-da"/>
            <object_component_ref idref="oc-b0"/>
            <object_component_ref idref="oc-d3"/>
            <object_component_ref idref="oc-ae"/>
            <object_component_ref idref="oc-6c"/>
            <object_component_ref idref="oc-cd"/>
            <object_component_ref idref="oc-ac"/>
            <object_component_ref idref="oc-66"/>
            <object_component_ref idref="oc-c1"/>
            <object_component_ref idref="oc-c6"/>
            <object_component_ref idref="oc-be"/>
            <object_component_ref idref="oc-a6"/>
            <object_component_ref idref="oc-e9"/>
            <object_component_ref idref="oc-116"/>
         </contents>
      </logical_group>
      <logical_group id="lg-104" display="never" color="cyan">
         <name>.debug_line</name>
         <load_address>0x0</load_address>
         <run_address>0x0</run_address>
         <size>0x1394</size>
         <contents>
            <object_component_ref idref="oc-e1"/>
            <object_component_ref idref="oc-bb"/>
            <object_component_ref idref="oc-35"/>
            <object_component_ref idref="oc-e5"/>
            <object_component_ref idref="oc-83"/>
            <object_component_ref idref="oc-88"/>
            <object_component_ref idref="oc-8d"/>
            <object_component_ref idref="oc-90"/>
            <object_component_ref idref="oc-38"/>
            <object_component_ref idref="oc-2f"/>
            <object_component_ref idref="oc-29"/>
            <object_component_ref idref="oc-98"/>
            <object_component_ref idref="oc-14"/>
            <object_component_ref idref="oc-43"/>
            <object_component_ref idref="oc-95"/>
            <object_component_ref idref="oc-9b"/>
            <object_component_ref idref="oc-4a"/>
            <object_component_ref idref="oc-1e"/>
            <object_component_ref idref="oc-51"/>
            <object_component_ref idref="oc-9f"/>
            <object_component_ref idref="oc-df"/>
            <object_component_ref idref="oc-dd"/>
            <object_component_ref idref="oc-76"/>
            <object_component_ref idref="oc-3b"/>
            <object_component_ref idref="oc-57"/>
            <object_component_ref idref="oc-63"/>
            <object_component_ref idref="oc-b9"/>
            <object_component_ref idref="oc-f0"/>
            <object_component_ref idref="oc-d9"/>
            <object_component_ref idref="oc-d6"/>
            <object_component_ref idref="oc-cc"/>
            <object_component_ref idref="oc-6f"/>
            <object_component_ref idref="oc-d0"/>
            <object_component_ref idref="oc-c0"/>
            <object_component_ref idref="oc-69"/>
            <object_component_ref idref="oc-c4"/>
            <object_component_ref idref="oc-c9"/>
            <object_component_ref idref="oc-e8"/>
            <object_component_ref idref="oc-a9"/>
            <object_component_ref idref="oc-ec"/>
         </contents>
      </logical_group>
      <logical_group id="lg-106" display="never" color="cyan">
         <name>.debug_frame</name>
         <load_address>0x0</load_address>
         <run_address>0x0</run_address>
         <size>0xa5b</size>
         <contents>
            <object_component_ref idref="oc-36"/>
            <object_component_ref idref="oc-30"/>
            <object_component_ref idref="oc-15"/>
            <object_component_ref idref="oc-4b"/>
            <object_component_ref idref="oc-1a"/>
            <object_component_ref idref="oc-75"/>
            <object_component_ref idref="oc-64"/>
            <object_component_ref idref="oc-d7"/>
            <object_component_ref idref="oc-70"/>
            <object_component_ref idref="oc-6a"/>
            <object_component_ref idref="oc-aa"/>
         </contents>
      </logical_group>
      <logical_group id="lg-108" display="never" color="cyan">
         <name>.debug_abbrev</name>
         <load_address>0x0</load_address>
         <run_address>0x0</run_address>
         <size>0xe80</size>
         <contents>
            <object_component_ref idref="oc-e0"/>
            <object_component_ref idref="oc-ba"/>
            <object_component_ref idref="oc-7f"/>
            <object_component_ref idref="oc-e4"/>
            <object_component_ref idref="oc-82"/>
            <object_component_ref idref="oc-87"/>
            <object_component_ref idref="oc-8c"/>
            <object_component_ref idref="oc-8f"/>
            <object_component_ref idref="oc-37"/>
            <object_component_ref idref="oc-7b"/>
            <object_component_ref idref="oc-7a"/>
            <object_component_ref idref="oc-97"/>
            <object_component_ref idref="oc-3f"/>
            <object_component_ref idref="oc-42"/>
            <object_component_ref idref="oc-94"/>
            <object_component_ref idref="oc-9a"/>
            <object_component_ref idref="oc-99"/>
            <object_component_ref idref="oc-4c"/>
            <object_component_ref idref="oc-50"/>
            <object_component_ref idref="oc-9e"/>
            <object_component_ref idref="oc-de"/>
            <object_component_ref idref="oc-dc"/>
            <object_component_ref idref="oc-b5"/>
            <object_component_ref idref="oc-91"/>
            <object_component_ref idref="oc-a1"/>
            <object_component_ref idref="oc-a4"/>
            <object_component_ref idref="oc-b8"/>
            <object_component_ref idref="oc-ef"/>
            <object_component_ref idref="oc-d8"/>
            <object_component_ref idref="oc-ee"/>
            <object_component_ref idref="oc-cb"/>
            <object_component_ref idref="oc-ad"/>
            <object_component_ref idref="oc-cf"/>
            <object_component_ref idref="oc-bf"/>
            <object_component_ref idref="oc-ab"/>
            <object_component_ref idref="oc-c3"/>
            <object_component_ref idref="oc-c8"/>
            <object_component_ref idref="oc-e7"/>
            <object_component_ref idref="oc-bd"/>
            <object_component_ref idref="oc-eb"/>
            <object_component_ref idref="oc-117"/>
         </contents>
      </logical_group>
      <logical_group id="lg-10a" display="never" color="cyan">
         <name>.debug_str</name>
         <load_address>0x0</load_address>
         <run_address>0x0</run_address>
         <size>0xf90</size>
         <contents>
            <object_component_ref idref="oc-e6"/>
            <object_component_ref idref="oc-84"/>
            <object_component_ref idref="oc-89"/>
            <object_component_ref idref="oc-8e"/>
            <object_component_ref idref="oc-44"/>
            <object_component_ref idref="oc-96"/>
            <object_component_ref idref="oc-52"/>
            <object_component_ref idref="oc-a0"/>
            <object_component_ref idref="oc-d1"/>
            <object_component_ref idref="oc-c5"/>
            <object_component_ref idref="oc-ca"/>
            <object_component_ref idref="oc-ed"/>
         </contents>
      </logical_group>
      <logical_group id="lg-10c" display="never" color="cyan">
         <name>.debug_aranges</name>
         <load_address>0x0</load_address>
         <run_address>0x0</run_address>
         <size>0x3e0</size>
         <contents>
            <object_component_ref idref="oc-33"/>
            <object_component_ref idref="oc-2d"/>
            <object_component_ref idref="oc-28"/>
            <object_component_ref idref="oc-17"/>
            <object_component_ref idref="oc-48"/>
            <object_component_ref idref="oc-1c"/>
            <object_component_ref idref="oc-73"/>
            <object_component_ref idref="oc-3d"/>
            <object_component_ref idref="oc-55"/>
            <object_component_ref idref="oc-61"/>
            <object_component_ref idref="oc-d4"/>
            <object_component_ref idref="oc-6d"/>
            <object_component_ref idref="oc-67"/>
            <object_component_ref idref="oc-a7"/>
         </contents>
      </logical_group>
      <logical_group id="lg-10e" display="never" color="cyan">
         <name>.debug_pubnames</name>
         <load_address>0x0</load_address>
         <run_address>0x0</run_address>
         <size>0x81f</size>
         <contents>
            <object_component_ref idref="oc-7e"/>
            <object_component_ref idref="oc-34"/>
            <object_component_ref idref="oc-12"/>
            <object_component_ref idref="oc-2e"/>
            <object_component_ref idref="oc-27"/>
            <object_component_ref idref="oc-18"/>
            <object_component_ref idref="oc-49"/>
            <object_component_ref idref="oc-1d"/>
            <object_component_ref idref="oc-b4"/>
            <object_component_ref idref="oc-74"/>
            <object_component_ref idref="oc-3e"/>
            <object_component_ref idref="oc-56"/>
            <object_component_ref idref="oc-62"/>
            <object_component_ref idref="oc-79"/>
            <object_component_ref idref="oc-b1"/>
            <object_component_ref idref="oc-d5"/>
            <object_component_ref idref="oc-6e"/>
            <object_component_ref idref="oc-68"/>
            <object_component_ref idref="oc-a8"/>
         </contents>
      </logical_group>
      <logical_group id="lg-110" display="never" color="cyan">
         <name>.debug_pubtypes</name>
         <load_address>0x0</load_address>
         <run_address>0x0</run_address>
         <size>0x580</size>
         <contents>
            <object_component_ref idref="oc-e3"/>
            <object_component_ref idref="oc-81"/>
            <object_component_ref idref="oc-86"/>
            <object_component_ref idref="oc-8b"/>
            <object_component_ref idref="oc-41"/>
            <object_component_ref idref="oc-93"/>
            <object_component_ref idref="oc-4f"/>
            <object_component_ref idref="oc-9d"/>
            <object_component_ref idref="oc-b7"/>
            <object_component_ref idref="oc-db"/>
            <object_component_ref idref="oc-ce"/>
            <object_component_ref idref="oc-c2"/>
            <object_component_ref idref="oc-c7"/>
            <object_component_ref idref="oc-ea"/>
         </contents>
      </logical_group>
      <load_segment id="lg-11a" display="no" color="cyan">
         <name>SEGMENT_0</name>
         <load_address>0x0</load_address>
         <run_address>0x0</run_address>
         <size>0x974</size>
         <flags>0x5</flags>
         <contents>
            <logical_group_ref idref="lg-4"/>
            <logical_group_ref idref="lg-5"/>
            <logical_group_ref idref="lg-7"/>
         </contents>
      </load_segment>
      <load_segment id="lg-11b" display="no" color="cyan">
         <name>SEGMENT_1</name>
         <run_address>0x20000000</run_address>
         <size>0x28</size>
         <flags>0x6</flags>
         <contents>
            <logical_group_ref idref="lg-b"/>
         </contents>
      </load_segment>
      <load_segment id="lg-11c" display="no" color="cyan">
         <name>SEGMENT_2</name>
         <run_address>0x2000fe00</run_address>
         <size>0x200</size>
         <flags>0x6</flags>
         <contents>
            <logical_group_ref idref="lg-e"/>
         </contents>
      </load_segment>
   </logical_group_list>
   <placement_map>
      <memory_area display="yes" color="green">
         <name>MAIN</name>
         <page_id>0x0</page_id>
         <origin>0x0</origin>
         <length>0x40000</length>
         <used_space>0x970</used_space>
         <unused_space>0x3f690</unused_space>
         <attributes>RX</attributes>
         <usage_details>
            <allocated_space>
               <start_address>0x0</start_address>
               <size>0x144</size>
               <logical_group_ref idref="lg-4"/>
            </allocated_space>
            <allocated_space>
               <start_address>0x144</start_address>
               <size>0x808</size>
               <logical_group_ref idref="lg-5"/>
            </allocated_space>
            <available_space>
               <start_address>0x94c</start_address>
               <size>0x4</size>
            </available_space>
            <allocated_space>
               <start_address>0x950</start_address>
               <size>0x24</size>
               <logical_group_ref idref="lg-7"/>
            </allocated_space>
            <available_space>
               <start_address>0x974</start_address>
               <size>0x3f68c</size>
            </available_space>
         </usage_details>
      </memory_area>
      <memory_area display="yes" color="green">
         <name>INFO</name>
         <page_id>0x0</page_id>
         <origin>0x200000</origin>
         <length>0x4000</length>
         <used_space>0x0</used_space>
         <unused_space>0x4000</unused_space>
         <attributes>RX</attributes>
         <usage_details>
         </usage_details>
      </memory_area>
      <memory_area display="yes" color="green">
         <name>SRAM_CODE</name>
         <page_id>0x0</page_id>
         <origin>0x1000000</origin>
         <length>0x10000</length>
         <used_space>0x0</used_space>
         <unused_space>0x10000</unused_space>
         <attributes>RWX</attributes>
         <usage_details>
         </usage_details>
      </memory_area>
      <memory_area display="yes" color="green">
         <name>SRAM_DATA</name>
         <page_id>0x0</page_id>
         <origin>0x20000000</origin>
         <length>0x10000</length>
         <used_space>0x228</used_space>
         <unused_space>0xfdd8</unused_space>
         <attributes>RW</attributes>
         <usage_details>
            <allocated_space>
               <start_address>0x20000000</start_address>
               <size>0x28</size>
               <logical_group_ref idref="lg-f3"/>
            </allocated_space>
            <available_space>
               <start_address>0x20000028</start_address>
               <size>0xfdd8</size>
            </available_space>
            <allocated_space>
               <start_address>0x2000fe00</start_address>
               <size>0x200</size>
               <logical_group_ref idref="lg-e"/>
            </allocated_space>
         </usage_details>
      </memory_area>
   </placement_map>
   <cptbl_list>
      <cptbl>
         <name>__TI_cinit_table</name>
         <cprec>
            <name>.data</name>
            <load_address>0x950</load_address>
            <load_size>0x12</load_size>
            <run_address>0x20000000</run_address>
            <run_size>0x28</run_size>
            <compression>rle</compression>
         </cprec>
      </cptbl>
   </cptbl_list>
   <handler_table>
      <handler_table_name>__TI_handler_table</handler_table_name>
      <handler>
         <index>0x0</index>
         <name>__TI_decompress_rle24</name>
      </handler>
      <handler>
         <index>0x1</index>
         <name>__TI_decompress_none</name>
      </handler>
   </handler_table>
   <symbol_table>
      <symbol id="sm-1">
         <name>WDTCTL_SYM</name>
         <value>0x4000480c</value>
      </symbol>
      <symbol id="sm-2">
         <name>__TI_CINIT_Base</name>
         <value>0x96c</value>
      </symbol>
      <symbol id="sm-3">
         <name>__TI_CINIT_Limit</name>
         <value>0x974</value>
      </symbol>
      <symbol id="sm-4">
         <name>__TI_Handler_Table_Base</name>
         <value>0x964</value>
      </symbol>
      <symbol id="sm-5">
         <name>__TI_Handler_Table_Limit</name>
         <value>0x96c</value>
      </symbol>
      <symbol id="sm-6">
         <name>binit</name>
         <value>0xffffffff</value>
      </symbol>
      <symbol id="sm-7">
         <name>__binit__</name>
         <value>0xffffffff</value>
      </symbol>
      <symbol id="sm-8">
         <name>__STACK_SIZE</name>
         <value>0x200</value>
      </symbol>
      <symbol id="sm-9">
         <name>__STACK_END</name>
         <value>0x20010000</value>
      </symbol>
      <symbol id="sm-a">
         <name>__c_args__</name>
         <value>0xffffffff</value>
      </symbol>
      <symbol id="sm-9b">
         <name>main12</name>
         <value>0x38f</value>
         <object_component_ref idref="oc-31"/>
      </symbol>
      <symbol id="sm-9c">
         <name>TimerA0_Init</name>
         <value>0x26b</value>
         <object_component_ref idref="oc-31"/>
      </symbol>
      <symbol id="sm-9d">
         <name>Crystalstable</name>
         <value>0x20000010</value>
         <object_component_ref idref="oc-7c"/>
      </symbol>
      <symbol id="sm-9e">
         <name>main48</name>
         <value>0x4a5</value>
         <object_component_ref idref="oc-31"/>
      </symbol>
      <symbol id="sm-9f">
         <name>RTC_C_IRQHandler</name>
         <value>0x241</value>
         <object_component_ref idref="oc-31"/>
      </symbol>
      <symbol id="sm-a0">
         <name>main1_5</name>
         <value>0x32b</value>
         <object_component_ref idref="oc-31"/>
      </symbol>
      <symbol id="sm-a1">
         <name>Prewait</name>
         <value>0x20000000</value>
         <object_component_ref idref="oc-7c"/>
      </symbol>
      <symbol id="sm-a2">
         <name>TA0_0_IRQHandler</name>
         <value>0x2cb</value>
         <object_component_ref idref="oc-31"/>
      </symbol>
      <symbol id="sm-a3">
         <name>IFlags</name>
         <value>0x2000000c</value>
         <object_component_ref idref="oc-7c"/>
      </symbol>
      <symbol id="sm-a4">
         <name>Postwait</name>
         <value>0x20000008</value>
         <object_component_ref idref="oc-7c"/>
      </symbol>
      <symbol id="sm-a5">
         <name>main</name>
         <value>0x145</value>
         <object_component_ref idref="oc-31"/>
      </symbol>
      <symbol id="sm-a6">
         <name>Clock_Init</name>
         <value>0x2e1</value>
         <object_component_ref idref="oc-31"/>
      </symbol>
      <symbol id="sm-a7">
         <name>CPMwait</name>
         <value>0x20000004</value>
         <object_component_ref idref="oc-7c"/>
      </symbol>
      <symbol id="sm-a8">
         <name>main3</name>
         <value>0x34b</value>
         <object_component_ref idref="oc-31"/>
      </symbol>
      <symbol id="sm-a9">
         <name>main6</name>
         <value>0x36d</value>
         <object_component_ref idref="oc-31"/>
      </symbol>
      <symbol id="sm-aa">
         <name>Clock_Init48MHz</name>
         <value>0x3b5</value>
         <object_component_ref idref="oc-31"/>
      </symbol>
      <symbol id="sm-12a">
         <name>T32_INT2_IRQHandler</name>
         <value>0x695</value>
         <object_component_ref idref="oc-2b"/>
      </symbol>
      <symbol id="sm-12b">
         <name>PendSV_Handler</name>
         <value>0x65d</value>
         <object_component_ref idref="oc-2b"/>
      </symbol>
      <symbol id="sm-12c">
         <name>SysTick_Handler</name>
         <value>0x65f</value>
         <object_component_ref idref="oc-2b"/>
      </symbol>
      <symbol id="sm-12d">
         <name>EUSCIA3_IRQHandler</name>
         <value>0x687</value>
         <object_component_ref idref="oc-2b"/>
      </symbol>
      <symbol id="sm-12e">
         <name>SVC_Handler</name>
         <value>0x659</value>
         <object_component_ref idref="oc-2b"/>
      </symbol>
      <symbol id="sm-12f">
         <name>EUSCIB1_IRQHandler</name>
         <value>0x68b</value>
         <object_component_ref idref="oc-2b"/>
      </symbol>
      <symbol id="sm-130">
         <name>PORT4_IRQHandler</name>
         <value>0x6ad</value>
         <object_component_ref idref="oc-2b"/>
      </symbol>
      <symbol id="sm-131">
         <name>AES256_IRQHandler</name>
         <value>0x699</value>
         <object_component_ref idref="oc-2b"/>
      </symbol>
      <symbol id="sm-132">
         <name>FPU_IRQHandler</name>
         <value>0x669</value>
         <object_component_ref idref="oc-2b"/>
      </symbol>
      <symbol id="sm-133">
         <name>EUSCIB2_IRQHandler</name>
         <value>0x68d</value>
         <object_component_ref idref="oc-2b"/>
      </symbol>
      <symbol id="sm-134">
         <name>PORT1_IRQHandler</name>
         <value>0x6a7</value>
         <object_component_ref idref="oc-2b"/>
      </symbol>
      <symbol id="sm-135">
         <name>TA2_0_IRQHandler</name>
         <value>0x679</value>
         <object_component_ref idref="oc-2b"/>
      </symbol>
      <symbol id="sm-136">
         <name>TA3_N_IRQHandler</name>
         <value>0x67f</value>
         <object_component_ref idref="oc-2b"/>
      </symbol>
      <symbol id="sm-137">
         <name>DMA_INT3_IRQHandler</name>
         <value>0x69f</value>
         <object_component_ref idref="oc-2b"/>
      </symbol>
      <symbol id="sm-138">
         <name>PORT2_IRQHandler</name>
         <value>0x6a9</value>
         <object_component_ref idref="oc-2b"/>
      </symbol>
      <symbol id="sm-139">
         <name>StartCritical</name>
         <value>0x6bf</value>
         <object_component_ref idref="oc-2b"/>
      </symbol>
      <symbol id="sm-13a">
         <name>PSS_IRQHandler</name>
         <value>0x661</value>
         <object_component_ref idref="oc-2b"/>
      </symbol>
      <symbol id="sm-13b">
         <name>TA1_N_IRQHandler</name>
         <value>0x677</value>
         <object_component_ref idref="oc-2b"/>
      </symbol>
      <symbol id="sm-13c">
         <name>EUSCIA1_IRQHandler</name>
         <value>0x683</value>
         <object_component_ref idref="oc-2b"/>
      </symbol>
      <symbol id="sm-13d">
         <name>EUSCIA2_IRQHandler</name>
         <value>0x685</value>
         <object_component_ref idref="oc-2b"/>
      </symbol>
      <symbol id="sm-13e">
         <name>COMP_E0_IRQHandler</name>
         <value>0x66d</value>
         <object_component_ref idref="oc-2b"/>
      </symbol>
      <symbol id="sm-13f">
         <name>WDT_A_IRQHandler</name>
         <value>0x667</value>
         <object_component_ref idref="oc-2b"/>
      </symbol>
      <symbol id="sm-140">
         <name>EUSCIB0_IRQHandler</name>
         <value>0x689</value>
         <object_component_ref idref="oc-2b"/>
      </symbol>
      <symbol id="sm-141">
         <name>FLCTL_IRQHandler</name>
         <value>0x66b</value>
         <object_component_ref idref="oc-2b"/>
      </symbol>
      <symbol id="sm-142">
         <name>EndCritical</name>
         <value>0x6c9</value>
         <object_component_ref idref="oc-2b"/>
      </symbol>
      <symbol id="sm-143">
         <name>DMA_INT1_IRQHandler</name>
         <value>0x6a3</value>
         <object_component_ref idref="oc-2b"/>
      </symbol>
      <symbol id="sm-144">
         <name>PCM_IRQHandler</name>
         <value>0x665</value>
         <object_component_ref idref="oc-2b"/>
      </symbol>
      <symbol id="sm-145">
         <name>ADC14_IRQHandler</name>
         <value>0x691</value>
         <object_component_ref idref="oc-2b"/>
      </symbol>
      <symbol id="sm-146">
         <name>T32_INTC_IRQHandler</name>
         <value>0x697</value>
         <object_component_ref idref="oc-2b"/>
      </symbol>
      <symbol id="sm-147">
         <name>DMA_INT2_IRQHandler</name>
         <value>0x6a1</value>
         <object_component_ref idref="oc-2b"/>
      </symbol>
      <symbol id="sm-148">
         <name>TA3_0_IRQHandler</name>
         <value>0x67d</value>
         <object_component_ref idref="oc-2b"/>
      </symbol>
      <symbol id="sm-149">
         <name>EUSCIA0_IRQHandler</name>
         <value>0x681</value>
         <object_component_ref idref="oc-2b"/>
      </symbol>
      <symbol id="sm-14a">
         <name>DMA_ERR_IRQHandler</name>
         <value>0x69d</value>
         <object_component_ref idref="oc-2b"/>
      </symbol>
      <symbol id="sm-14b">
         <name>DisableInterrupts</name>
         <value>0x6b3</value>
         <object_component_ref idref="oc-2b"/>
      </symbol>
      <symbol id="sm-14c">
         <name>PORT5_IRQHandler</name>
         <value>0x6af</value>
         <object_component_ref idref="oc-2b"/>
      </symbol>
      <symbol id="sm-14d">
         <name>TA1_0_IRQHandler</name>
         <value>0x675</value>
         <object_component_ref idref="oc-2b"/>
      </symbol>
      <symbol id="sm-14e">
         <name>TA2_N_IRQHandler</name>
         <value>0x67b</value>
         <object_component_ref idref="oc-2b"/>
      </symbol>
      <symbol id="sm-14f">
         <name>COMP_E1_IRQHandler</name>
         <value>0x66f</value>
         <object_component_ref idref="oc-2b"/>
      </symbol>
      <symbol id="sm-150">
         <name>EUSCIB3_IRQHandler</name>
         <value>0x68f</value>
         <object_component_ref idref="oc-2b"/>
      </symbol>
      <symbol id="sm-151">
         <name>WaitForInterrupt</name>
         <value>0x6d1</value>
         <object_component_ref idref="oc-2b"/>
      </symbol>
      <symbol id="sm-152">
         <name>interruptVectors</name>
         <value>0x0</value>
         <object_component_ref idref="oc-10"/>
      </symbol>
      <symbol id="sm-153">
         <name>EnableInterrupts</name>
         <value>0x6b9</value>
         <object_component_ref idref="oc-2b"/>
      </symbol>
      <symbol id="sm-154">
         <name>PORT6_IRQHandler</name>
         <value>0x6b1</value>
         <object_component_ref idref="oc-2b"/>
      </symbol>
      <symbol id="sm-155">
         <name>TA0_N_IRQHandler</name>
         <value>0x673</value>
         <object_component_ref idref="oc-2b"/>
      </symbol>
      <symbol id="sm-156">
         <name>T32_INT1_IRQHandler</name>
         <value>0x693</value>
         <object_component_ref idref="oc-2b"/>
      </symbol>
      <symbol id="sm-157">
         <name>DebugMon_Handler</name>
         <value>0x65b</value>
         <object_component_ref idref="oc-2b"/>
      </symbol>
      <symbol id="sm-158">
         <name>DMA_INT0_IRQHandler</name>
         <value>0x6a5</value>
         <object_component_ref idref="oc-2b"/>
      </symbol>
      <symbol id="sm-159">
         <name>PORT3_IRQHandler</name>
         <value>0x6ab</value>
         <object_component_ref idref="oc-2b"/>
      </symbol>
      <symbol id="sm-15a">
         <name>CS_IRQHandler</name>
         <value>0x663</value>
         <object_component_ref idref="oc-2b"/>
      </symbol>
      <symbol id="sm-16c">
         <name>_c_int00</name>
         <value>0x829</value>
         <object_component_ref idref="oc-25"/>
      </symbol>
      <symbol id="sm-16d">
         <name>__stack</name>
         <value>0x2000fe00</value>
         <object_component_ref idref="oc-2a"/>
      </symbol>
      <symbol id="sm-184">
         <name>__TI_decompress_none</name>
         <value>0x935</value>
         <object_component_ref idref="oc-13"/>
      </symbol>
      <symbol id="sm-1ac">
         <name>__TI_decompress_rle24</name>
         <value>0x943</value>
         <object_component_ref idref="oc-19"/>
      </symbol>
      <symbol id="sm-1cc">
         <name>C$$EXIT</name>
         <value>0x8c5</value>
         <object_component_ref idref="oc-71"/>
      </symbol>
      <symbol id="sm-1cd">
         <name>abort</name>
         <value>0x8c9</value>
         <object_component_ref idref="oc-71"/>
      </symbol>
      <symbol id="sm-1ce">
         <name>exit</name>
         <value>0x8d1</value>
         <object_component_ref idref="oc-71"/>
      </symbol>
      <symbol id="sm-1cf">
         <name>__TI_dtors_ptr</name>
         <value>0x20000020</value>
         <object_component_ref idref="oc-b2"/>
      </symbol>
      <symbol id="sm-1d0">
         <name>__TI_cleanup_ptr</name>
         <value>0x2000001c</value>
         <object_component_ref idref="oc-b2"/>
      </symbol>
      <symbol id="sm-1eb">
         <name>memcpy</name>
         <value>0x5a1</value>
         <object_component_ref idref="oc-3a"/>
      </symbol>
      <symbol id="sm-1ec">
         <name>__aeabi_memcpy</name>
         <value>0x5a1</value>
         <object_component_ref idref="oc-3a"/>
      </symbol>
      <symbol id="sm-1ed">
         <name>__aeabi_memcpy8</name>
         <value>0x5a1</value>
         <object_component_ref idref="oc-3a"/>
      </symbol>
      <symbol id="sm-1ee">
         <name>__aeabi_memcpy4</name>
         <value>0x5a1</value>
         <object_component_ref idref="oc-3a"/>
      </symbol>
      <symbol id="sm-1fd">
         <name>__aeabi_memset</name>
         <value>0x6d9</value>
         <object_component_ref idref="oc-53"/>
      </symbol>
      <symbol id="sm-1fe">
         <name>memset</name>
         <value>0x6df</value>
         <object_component_ref idref="oc-53"/>
      </symbol>
      <symbol id="sm-1ff">
         <name>__aeabi_memset8</name>
         <value>0x6d9</value>
         <object_component_ref idref="oc-53"/>
      </symbol>
      <symbol id="sm-200">
         <name>__aeabi_memset4</name>
         <value>0x6d9</value>
         <object_component_ref idref="oc-53"/>
      </symbol>
      <symbol id="sm-201">
         <name>__aeabi_memclr8</name>
         <value>0x6d7</value>
         <object_component_ref idref="oc-53"/>
      </symbol>
      <symbol id="sm-202">
         <name>__aeabi_memclr4</name>
         <value>0x6d7</value>
         <object_component_ref idref="oc-53"/>
      </symbol>
      <symbol id="sm-203">
         <name>__aeabi_memclr</name>
         <value>0x6d7</value>
         <object_component_ref idref="oc-53"/>
      </symbol>
      <symbol id="sm-20d">
         <name>_system_pre_init</name>
         <value>0x949</value>
         <object_component_ref idref="oc-5f"/>
      </symbol>
      <symbol id="sm-215">
         <name>main_func_sp</name>
         <value>0x20000024</value>
         <object_component_ref idref="oc-77"/>
      </symbol>
      <symbol id="sm-22e">
         <name>_nop</name>
         <value>0x92f</value>
         <object_component_ref idref="oc-d2"/>
      </symbol>
      <symbol id="sm-22f">
         <name>_lock</name>
         <value>0x20000014</value>
         <object_component_ref idref="oc-af"/>
      </symbol>
      <symbol id="sm-230">
         <name>_unlock</name>
         <value>0x20000018</value>
         <object_component_ref idref="oc-af"/>
      </symbol>
      <symbol id="sm-231">
         <name>_register_lock</name>
         <value>0x927</value>
         <object_component_ref idref="oc-d2"/>
      </symbol>
      <symbol id="sm-232">
         <name>_register_unlock</name>
         <value>0x921</value>
         <object_component_ref idref="oc-d2"/>
      </symbol>
      <symbol id="sm-247">
         <name>_args_main</name>
         <value>0x909</value>
         <object_component_ref idref="oc-6b"/>
      </symbol>
      <symbol id="sm-26d">
         <name>__TI_auto_init</name>
         <value>0x751</value>
         <object_component_ref idref="oc-65"/>
      </symbol>
      <symbol id="sm-287">
         <name>copy_in</name>
         <value>0x879</value>
         <object_component_ref idref="oc-a5"/>
      </symbol>
      <symbol id="sm-288">
         <name>__TI_static_base__</name>
         <value>0x0</value>
      </symbol>
      <symbol id="sm-28b">
         <name>SHT$$INIT_ARRAY$$Limit</name>
         <value>0x0</value>
      </symbol>
      <symbol id="sm-28c">
         <name>SHT$$INIT_ARRAY$$Base</name>
         <value>0x0</value>
      </symbol>
   </symbol_table>
   <title>Link successful</title>
</link_info>
