<?xml version="1.0"?>
<link_info>
   <banner>TI ARM Linker PC v5.2.2</banner>
   <copyright>Copyright (c) 1996-2015 Texas Instruments Incorporated</copyright>
   <link_time>0x575f2097</link_time>
   <link_errors>0x0</link_errors>
   <output_file>LinearInterpolation_MSP432asm.out</output_file>
   <entry_point>
      <name>_c_int00</name>
      <address>0x869</address>
   </entry_point>
   <input_file_list>
      <input_file id="fl-2">
         <path>.\</path>
         <kind>object</kind>
         <file>LinearInterpolation.obj</file>
         <name>LinearInterpolation.obj</name>
      </input_file>
      <input_file id="fl-3">
         <path>.\</path>
         <kind>object</kind>
         <file>msp432_startup_ccs.obj</file>
         <name>msp432_startup_ccs.obj</name>
      </input_file>
      <input_file id="fl-4">
         <path>.\</path>
         <kind>object</kind>
         <file>sin.obj</file>
         <name>sin.obj</name>
      </input_file>
      <input_file id="fl-12a">
         <path>C:\ti\ccsv6\tools\compiler\ti-cgt-arm_5.2.2\lib\</path>
         <kind>archive</kind>
         <file>rtsv7M4_T_le_v4SPD16_eabi.lib</file>
         <name>boot.obj</name>
      </input_file>
      <input_file id="fl-12b">
         <path>C:\ti\ccsv6\tools\compiler\ti-cgt-arm_5.2.2\lib\</path>
         <kind>archive</kind>
         <file>rtsv7M4_T_le_v4SPD16_eabi.lib</file>
         <name>exit.obj</name>
      </input_file>
      <input_file id="fl-12c">
         <path>C:\ti\ccsv6\tools\compiler\ti-cgt-arm_5.2.2\lib\</path>
         <kind>archive</kind>
         <file>rtsv7M4_T_le_v4SPD16_eabi.lib</file>
         <name>pre_init.obj</name>
      </input_file>
      <input_file id="fl-12d">
         <path>C:\ti\ccsv6\tools\compiler\ti-cgt-arm_5.2.2\lib\</path>
         <kind>archive</kind>
         <file>rtsv7M4_T_le_v4SPD16_eabi.lib</file>
         <name>stkdepth_vars.obj</name>
      </input_file>
      <input_file id="fl-12e">
         <path>C:\ti\ccsv6\tools\compiler\ti-cgt-arm_5.2.2\lib\</path>
         <kind>archive</kind>
         <file>rtsv7M4_T_le_v4SPD16_eabi.lib</file>
         <name>_lock.obj</name>
      </input_file>
      <input_file id="fl-12f">
         <path>C:\ti\ccsv6\tools\compiler\ti-cgt-arm_5.2.2\lib\</path>
         <kind>archive</kind>
         <file>rtsv7M4_T_le_v4SPD16_eabi.lib</file>
         <name>args_main.obj</name>
      </input_file>
      <input_file id="fl-130">
         <path>C:\ti\ccsv6\tools\compiler\ti-cgt-arm_5.2.2\lib\</path>
         <kind>archive</kind>
         <file>rtsv7M4_T_le_v4SPD16_eabi.lib</file>
         <name>autoinit.obj</name>
      </input_file>
      <input_file id="fl-131">
         <path>C:\ti\ccsv6\tools\compiler\ti-cgt-arm_5.2.2\lib\</path>
         <kind>archive</kind>
         <file>rtsv7M4_T_le_v4SPD16_eabi.lib</file>
         <name>cpy_tbl.obj</name>
      </input_file>
      <input_file id="fl-132">
         <path>C:\ti\ccsv6\tools\compiler\ti-cgt-arm_5.2.2\lib\</path>
         <kind>archive</kind>
         <file>rtsv7M4_T_le_v4SPD16_eabi.lib</file>
         <name>memcpy_t2.obj</name>
      </input_file>
   </input_file_list>
   <object_component_list>
      <object_component id="oc-10">
         <name>.intvecs</name>
         <load_address>0x0</load_address>
         <run_address>0x0</run_address>
         <size>0x144</size>
         <input_file_ref idref="fl-3"/>
      </object_component>
      <object_component id="oc-4f">
         <name>.text</name>
         <load_address>0x144</load_address>
         <run_address>0x144</run_address>
         <size>0x490</size>
         <input_file_ref idref="fl-2"/>
      </object_component>
      <object_component id="oc-74">
         <name>.text</name>
         <load_address>0x5d4</load_address>
         <run_address>0x5d4</run_address>
         <size>0xf0</size>
         <input_file_ref idref="fl-4"/>
      </object_component>
      <object_component id="oc-61">
         <name>.text</name>
         <load_address>0x6c4</load_address>
         <run_address>0x6c4</run_address>
         <size>0x9c</size>
         <input_file_ref idref="fl-132"/>
      </object_component>
      <object_component id="oc-14">
         <name>.text</name>
         <load_address>0x760</load_address>
         <run_address>0x760</run_address>
         <size>0x9a</size>
         <input_file_ref idref="fl-3"/>
      </object_component>
      <object_component id="oc-30">
         <name>.text</name>
         <load_address>0x7fc</load_address>
         <run_address>0x7fc</run_address>
         <size>0x6c</size>
         <input_file_ref idref="fl-130"/>
      </object_component>
      <object_component id="oc-1d">
         <name>.text</name>
         <load_address>0x868</load_address>
         <run_address>0x868</run_address>
         <size>0x50</size>
         <input_file_ref idref="fl-12a"/>
      </object_component>
      <object_component id="oc-47">
         <name>.text</name>
         <load_address>0x8b8</load_address>
         <run_address>0x8b8</run_address>
         <size>0x4c</size>
         <input_file_ref idref="fl-131"/>
      </object_component>
      <object_component id="oc-3c">
         <name>.text</name>
         <load_address>0x904</load_address>
         <run_address>0x904</run_address>
         <size>0x44</size>
         <input_file_ref idref="fl-12b"/>
      </object_component>
      <object_component id="oc-36">
         <name>.text</name>
         <load_address>0x948</load_address>
         <run_address>0x948</run_address>
         <size>0x18</size>
         <input_file_ref idref="fl-12f"/>
      </object_component>
      <object_component id="oc-81">
         <name>.text</name>
         <load_address>0x960</load_address>
         <run_address>0x960</run_address>
         <size>0x14</size>
         <input_file_ref idref="fl-12e"/>
      </object_component>
      <object_component id="oc-2a">
         <name>.text</name>
         <load_address>0x974</load_address>
         <run_address>0x974</run_address>
         <size>0x4</size>
         <input_file_ref idref="fl-12c"/>
      </object_component>
      <object_component id="oc-13">
         <name>.stack</name>
         <uninitialized>true</uninitialized>
         <run_address>0x20010000</run_address>
         <size>0x0</size>
         <input_file_ref idref="fl-12a"/>
      </object_component>
      <object_component id="oc-c2">
         <name>.stack</name>
         <uninitialized>true</uninitialized>
         <run_address>0x20010000</run_address>
         <size>0x0</size>
      </object_component>
      <object_component id="oc-56">
         <name>.data</name>
         <load_address>0x20000000</load_address>
         <run_address>0x20000000</run_address>
         <size>0x8</size>
         <input_file_ref idref="fl-12e"/>
      </object_component>
      <object_component id="oc-59">
         <name>.data</name>
         <load_address>0x20000008</load_address>
         <run_address>0x20000008</run_address>
         <size>0x8</size>
         <input_file_ref idref="fl-12b"/>
      </object_component>
      <object_component id="oc-42">
         <name>.data</name>
         <load_address>0x20000010</load_address>
         <run_address>0x20000010</run_address>
         <size>0x4</size>
         <input_file_ref idref="fl-12d"/>
      </object_component>
      <object_component id="oc-50">
         <name>.debug_info</name>
         <load_address>0x0</load_address>
         <run_address>0x0</run_address>
         <size>0xfb</size>
         <input_file_ref idref="fl-2"/>
      </object_component>
      <object_component id="oc-1c">
         <name>.debug_info</name>
         <load_address>0xfb</load_address>
         <run_address>0xfb</run_address>
         <size>0x112</size>
         <input_file_ref idref="fl-3"/>
      </object_component>
      <object_component id="oc-11">
         <name>.debug_info</name>
         <load_address>0x20d</load_address>
         <run_address>0x20d</run_address>
         <size>0xff</size>
         <input_file_ref idref="fl-3"/>
      </object_component>
      <object_component id="oc-15">
         <name>.debug_info</name>
         <load_address>0x30c</load_address>
         <run_address>0x30c</run_address>
         <size>0x16ab</size>
         <input_file_ref idref="fl-3"/>
      </object_component>
      <object_component id="oc-25">
         <name>.debug_info</name>
         <load_address>0x19b7</load_address>
         <run_address>0x19b7</run_address>
         <size>0x84</size>
         <input_file_ref idref="fl-3"/>
      </object_component>
      <object_component id="oc-75">
         <name>.debug_info</name>
         <load_address>0x1a3b</load_address>
         <run_address>0x1a3b</run_address>
         <size>0xe5</size>
         <input_file_ref idref="fl-4"/>
      </object_component>
      <object_component id="oc-1e">
         <name>.debug_info</name>
         <load_address>0x1b20</load_address>
         <run_address>0x1b20</run_address>
         <size>0x138</size>
         <input_file_ref idref="fl-12a"/>
      </object_component>
      <object_component id="oc-5d">
         <name>.debug_info</name>
         <load_address>0x1c58</load_address>
         <run_address>0x1c58</run_address>
         <size>0x174</size>
         <input_file_ref idref="fl-12b"/>
      </object_component>
      <object_component id="oc-5a">
         <name>.debug_info</name>
         <load_address>0x1dcc</load_address>
         <run_address>0x1dcc</run_address>
         <size>0x119</size>
         <input_file_ref idref="fl-12b"/>
      </object_component>
      <object_component id="oc-3d">
         <name>.debug_info</name>
         <load_address>0x1ee5</load_address>
         <run_address>0x1ee5</run_address>
         <size>0x1f0</size>
         <input_file_ref idref="fl-12b"/>
      </object_component>
      <object_component id="oc-2b">
         <name>.debug_info</name>
         <load_address>0x20d5</load_address>
         <run_address>0x20d5</run_address>
         <size>0x12b</size>
         <input_file_ref idref="fl-12c"/>
      </object_component>
      <object_component id="oc-43">
         <name>.debug_info</name>
         <load_address>0x2200</load_address>
         <run_address>0x2200</run_address>
         <size>0xec</size>
         <input_file_ref idref="fl-12d"/>
      </object_component>
      <object_component id="oc-89">
         <name>.debug_info</name>
         <load_address>0x22ec</load_address>
         <run_address>0x22ec</run_address>
         <size>0x107</size>
         <input_file_ref idref="fl-12e"/>
      </object_component>
      <object_component id="oc-57">
         <name>.debug_info</name>
         <load_address>0x23f3</load_address>
         <run_address>0x23f3</run_address>
         <size>0xf6</size>
         <input_file_ref idref="fl-12e"/>
      </object_component>
      <object_component id="oc-82">
         <name>.debug_info</name>
         <load_address>0x24e9</load_address>
         <run_address>0x24e9</run_address>
         <size>0x202</size>
         <input_file_ref idref="fl-12e"/>
      </object_component>
      <object_component id="oc-55">
         <name>.debug_info</name>
         <load_address>0x26eb</load_address>
         <run_address>0x26eb</run_address>
         <size>0x149</size>
         <input_file_ref idref="fl-12f"/>
      </object_component>
      <object_component id="oc-37">
         <name>.debug_info</name>
         <load_address>0x2834</load_address>
         <run_address>0x2834</run_address>
         <size>0x14a</size>
         <input_file_ref idref="fl-12f"/>
      </object_component>
      <object_component id="oc-7c">
         <name>.debug_info</name>
         <load_address>0x297e</load_address>
         <run_address>0x297e</run_address>
         <size>0x5e</size>
         <input_file_ref idref="fl-12f"/>
      </object_component>
      <object_component id="oc-4e">
         <name>.debug_info</name>
         <load_address>0x29dc</load_address>
         <run_address>0x29dc</run_address>
         <size>0x2a0</size>
         <input_file_ref idref="fl-130"/>
      </object_component>
      <object_component id="oc-31">
         <name>.debug_info</name>
         <load_address>0x2c7c</load_address>
         <run_address>0x2c7c</run_address>
         <size>0x15a</size>
         <input_file_ref idref="fl-130"/>
      </object_component>
      <object_component id="oc-6a">
         <name>.debug_info</name>
         <load_address>0x2dd6</load_address>
         <run_address>0x2dd6</run_address>
         <size>0x39</size>
         <input_file_ref idref="fl-130"/>
      </object_component>
      <object_component id="oc-6f">
         <name>.debug_info</name>
         <load_address>0x2e0f</load_address>
         <run_address>0x2e0f</run_address>
         <size>0xcd</size>
         <input_file_ref idref="fl-130"/>
      </object_component>
      <object_component id="oc-67">
         <name>.debug_info</name>
         <load_address>0x2edc</load_address>
         <run_address>0x2edc</run_address>
         <size>0x1c3</size>
         <input_file_ref idref="fl-131"/>
      </object_component>
      <object_component id="oc-48">
         <name>.debug_info</name>
         <load_address>0x309f</load_address>
         <run_address>0x309f</run_address>
         <size>0x17f</size>
         <input_file_ref idref="fl-131"/>
      </object_component>
      <object_component id="oc-97">
         <name>.debug_info</name>
         <load_address>0x321e</load_address>
         <run_address>0x321e</run_address>
         <size>0x2c</size>
         <input_file_ref idref="fl-131"/>
      </object_component>
      <object_component id="oc-92">
         <name>.debug_info</name>
         <load_address>0x324a</load_address>
         <run_address>0x324a</run_address>
         <size>0x2c</size>
         <input_file_ref idref="fl-131"/>
      </object_component>
      <object_component id="oc-62">
         <name>.debug_info</name>
         <load_address>0x3276</load_address>
         <run_address>0x3276</run_address>
         <size>0xfa</size>
         <input_file_ref idref="fl-132"/>
      </object_component>
      <object_component id="oc-c3">
         <name>.debug_info</name>
         <load_address>0x3370</load_address>
         <run_address>0x3370</run_address>
         <size>0xb7</size>
      </object_component>
      <object_component id="oc-53">
         <name>.debug_line</name>
         <load_address>0x0</load_address>
         <run_address>0x0</run_address>
         <size>0x76</size>
         <input_file_ref idref="fl-2"/>
      </object_component>
      <object_component id="oc-24">
         <name>.debug_line</name>
         <load_address>0x76</load_address>
         <run_address>0x76</run_address>
         <size>0x3b</size>
         <input_file_ref idref="fl-3"/>
      </object_component>
      <object_component id="oc-1b">
         <name>.debug_line</name>
         <load_address>0xb1</load_address>
         <run_address>0xb1</run_address>
         <size>0x3b</size>
         <input_file_ref idref="fl-3"/>
      </object_component>
      <object_component id="oc-18">
         <name>.debug_line</name>
         <load_address>0xec</load_address>
         <run_address>0xec</run_address>
         <size>0x55a</size>
         <input_file_ref idref="fl-3"/>
      </object_component>
      <object_component id="oc-28">
         <name>.debug_line</name>
         <load_address>0x646</load_address>
         <run_address>0x646</run_address>
         <size>0x20</size>
         <input_file_ref idref="fl-3"/>
      </object_component>
      <object_component id="oc-78">
         <name>.debug_line</name>
         <load_address>0x666</load_address>
         <run_address>0x666</run_address>
         <size>0x4e</size>
         <input_file_ref idref="fl-4"/>
      </object_component>
      <object_component id="oc-21">
         <name>.debug_line</name>
         <load_address>0x6b4</load_address>
         <run_address>0x6b4</run_address>
         <size>0x52</size>
         <input_file_ref idref="fl-12a"/>
      </object_component>
      <object_component id="oc-8e">
         <name>.debug_line</name>
         <load_address>0x706</load_address>
         <run_address>0x706</run_address>
         <size>0x71</size>
         <input_file_ref idref="fl-12b"/>
      </object_component>
      <object_component id="oc-8c">
         <name>.debug_line</name>
         <load_address>0x777</load_address>
         <run_address>0x777</run_address>
         <size>0x2a</size>
         <input_file_ref idref="fl-12b"/>
      </object_component>
      <object_component id="oc-40">
         <name>.debug_line</name>
         <load_address>0x7a1</load_address>
         <run_address>0x7a1</run_address>
         <size>0x7a</size>
         <input_file_ref idref="fl-12b"/>
      </object_component>
      <object_component id="oc-2e">
         <name>.debug_line</name>
         <load_address>0x81b</load_address>
         <run_address>0x81b</run_address>
         <size>0x40</size>
         <input_file_ref idref="fl-12c"/>
      </object_component>
      <object_component id="oc-60">
         <name>.debug_line</name>
         <load_address>0x85b</load_address>
         <run_address>0x85b</run_address>
         <size>0x33</size>
         <input_file_ref idref="fl-12d"/>
      </object_component>
      <object_component id="oc-9f">
         <name>.debug_line</name>
         <load_address>0x88e</load_address>
         <run_address>0x88e</run_address>
         <size>0x20</size>
         <input_file_ref idref="fl-12e"/>
      </object_component>
      <object_component id="oc-88">
         <name>.debug_line</name>
         <load_address>0x8ae</load_address>
         <run_address>0x8ae</run_address>
         <size>0x2b</size>
         <input_file_ref idref="fl-12e"/>
      </object_component>
      <object_component id="oc-85">
         <name>.debug_line</name>
         <load_address>0x8d9</load_address>
         <run_address>0x8d9</run_address>
         <size>0x68</size>
         <input_file_ref idref="fl-12e"/>
      </object_component>
      <object_component id="oc-7b">
         <name>.debug_line</name>
         <load_address>0x941</load_address>
         <run_address>0x941</run_address>
         <size>0x2b</size>
         <input_file_ref idref="fl-12f"/>
      </object_component>
      <object_component id="oc-3a">
         <name>.debug_line</name>
         <load_address>0x96c</load_address>
         <run_address>0x96c</run_address>
         <size>0x50</size>
         <input_file_ref idref="fl-12f"/>
      </object_component>
      <object_component id="oc-7f">
         <name>.debug_line</name>
         <load_address>0x9bc</load_address>
         <run_address>0x9bc</run_address>
         <size>0x2b</size>
         <input_file_ref idref="fl-12f"/>
      </object_component>
      <object_component id="oc-69">
         <name>.debug_line</name>
         <load_address>0x9e7</load_address>
         <run_address>0x9e7</run_address>
         <size>0x81</size>
         <input_file_ref idref="fl-130"/>
      </object_component>
      <object_component id="oc-34">
         <name>.debug_line</name>
         <load_address>0xa68</load_address>
         <run_address>0xa68</run_address>
         <size>0x79</size>
         <input_file_ref idref="fl-130"/>
      </object_component>
      <object_component id="oc-6d">
         <name>.debug_line</name>
         <load_address>0xae1</load_address>
         <run_address>0xae1</run_address>
         <size>0x2e</size>
         <input_file_ref idref="fl-130"/>
      </object_component>
      <object_component id="oc-72">
         <name>.debug_line</name>
         <load_address>0xb0f</load_address>
         <run_address>0xb0f</run_address>
         <size>0x73</size>
         <input_file_ref idref="fl-130"/>
      </object_component>
      <object_component id="oc-91">
         <name>.debug_line</name>
         <load_address>0xb82</load_address>
         <run_address>0xb82</run_address>
         <size>0x80</size>
         <input_file_ref idref="fl-131"/>
      </object_component>
      <object_component id="oc-4b">
         <name>.debug_line</name>
         <load_address>0xc02</load_address>
         <run_address>0xc02</run_address>
         <size>0x68</size>
         <input_file_ref idref="fl-131"/>
      </object_component>
      <object_component id="oc-9a">
         <name>.debug_line</name>
         <load_address>0xc6a</load_address>
         <run_address>0xc6a</run_address>
         <size>0x2e</size>
         <input_file_ref idref="fl-131"/>
      </object_component>
      <object_component id="oc-95">
         <name>.debug_line</name>
         <load_address>0xc98</load_address>
         <run_address>0xc98</run_address>
         <size>0x72</size>
         <input_file_ref idref="fl-131"/>
      </object_component>
      <object_component id="oc-65">
         <name>.debug_line</name>
         <load_address>0xd0a</load_address>
         <run_address>0xd0a</run_address>
         <size>0x88</size>
         <input_file_ref idref="fl-132"/>
      </object_component>
      <object_component id="oc-79">
         <name>.debug_abbrev</name>
         <load_address>0x0</load_address>
         <run_address>0x0</run_address>
         <size>0x3a</size>
         <input_file_ref idref="fl-2"/>
      </object_component>
      <object_component id="oc-23">
         <name>.debug_abbrev</name>
         <load_address>0x3a</load_address>
         <run_address>0x3a</run_address>
         <size>0x5d</size>
         <input_file_ref idref="fl-3"/>
      </object_component>
      <object_component id="oc-1a">
         <name>.debug_abbrev</name>
         <load_address>0x97</load_address>
         <run_address>0x97</run_address>
         <size>0x29</size>
         <input_file_ref idref="fl-3"/>
      </object_component>
      <object_component id="oc-22">
         <name>.debug_abbrev</name>
         <load_address>0xc0</load_address>
         <run_address>0xc0</run_address>
         <size>0xf8</size>
         <input_file_ref idref="fl-3"/>
      </object_component>
      <object_component id="oc-27">
         <name>.debug_abbrev</name>
         <load_address>0x1b8</load_address>
         <run_address>0x1b8</run_address>
         <size>0x1f</size>
         <input_file_ref idref="fl-3"/>
      </object_component>
      <object_component id="oc-9c">
         <name>.debug_abbrev</name>
         <load_address>0x1d7</load_address>
         <run_address>0x1d7</run_address>
         <size>0x38</size>
         <input_file_ref idref="fl-4"/>
      </object_component>
      <object_component id="oc-45">
         <name>.debug_abbrev</name>
         <load_address>0x20f</load_address>
         <run_address>0x20f</run_address>
         <size>0x3d</size>
         <input_file_ref idref="fl-12a"/>
      </object_component>
      <object_component id="oc-8d">
         <name>.debug_abbrev</name>
         <load_address>0x24c</load_address>
         <run_address>0x24c</run_address>
         <size>0x6b</size>
         <input_file_ref idref="fl-12b"/>
      </object_component>
      <object_component id="oc-8b">
         <name>.debug_abbrev</name>
         <load_address>0x2b7</load_address>
         <run_address>0x2b7</run_address>
         <size>0x29</size>
         <input_file_ref idref="fl-12b"/>
      </object_component>
      <object_component id="oc-5c">
         <name>.debug_abbrev</name>
         <load_address>0x2e0</load_address>
         <run_address>0x2e0</run_address>
         <size>0xba</size>
         <input_file_ref idref="fl-12b"/>
      </object_component>
      <object_component id="oc-46">
         <name>.debug_abbrev</name>
         <load_address>0x39a</load_address>
         <run_address>0x39a</run_address>
         <size>0x55</size>
         <input_file_ref idref="fl-12c"/>
      </object_component>
      <object_component id="oc-5f">
         <name>.debug_abbrev</name>
         <load_address>0x3ef</load_address>
         <run_address>0x3ef</run_address>
         <size>0x27</size>
         <input_file_ref idref="fl-12d"/>
      </object_component>
      <object_component id="oc-9e">
         <name>.debug_abbrev</name>
         <load_address>0x416</load_address>
         <run_address>0x416</run_address>
         <size>0x45</size>
         <input_file_ref idref="fl-12e"/>
      </object_component>
      <object_component id="oc-87">
         <name>.debug_abbrev</name>
         <load_address>0x45b</load_address>
         <run_address>0x45b</run_address>
         <size>0x29</size>
         <input_file_ref idref="fl-12e"/>
      </object_component>
      <object_component id="oc-9d">
         <name>.debug_abbrev</name>
         <load_address>0x484</load_address>
         <run_address>0x484</run_address>
         <size>0x6f</size>
         <input_file_ref idref="fl-12e"/>
      </object_component>
      <object_component id="oc-7a">
         <name>.debug_abbrev</name>
         <load_address>0x4f3</load_address>
         <run_address>0x4f3</run_address>
         <size>0x8e</size>
         <input_file_ref idref="fl-12f"/>
      </object_component>
      <object_component id="oc-54">
         <name>.debug_abbrev</name>
         <load_address>0x581</load_address>
         <run_address>0x581</run_address>
         <size>0x68</size>
         <input_file_ref idref="fl-12f"/>
      </object_component>
      <object_component id="oc-7e">
         <name>.debug_abbrev</name>
         <load_address>0x5e9</load_address>
         <run_address>0x5e9</run_address>
         <size>0x49</size>
         <input_file_ref idref="fl-12f"/>
      </object_component>
      <object_component id="oc-68">
         <name>.debug_abbrev</name>
         <load_address>0x632</load_address>
         <run_address>0x632</run_address>
         <size>0x9a</size>
         <input_file_ref idref="fl-130"/>
      </object_component>
      <object_component id="oc-4d">
         <name>.debug_abbrev</name>
         <load_address>0x6cc</load_address>
         <run_address>0x6cc</run_address>
         <size>0x7e</size>
         <input_file_ref idref="fl-130"/>
      </object_component>
      <object_component id="oc-6c">
         <name>.debug_abbrev</name>
         <load_address>0x74a</load_address>
         <run_address>0x74a</run_address>
         <size>0x24</size>
         <input_file_ref idref="fl-130"/>
      </object_component>
      <object_component id="oc-71">
         <name>.debug_abbrev</name>
         <load_address>0x76e</load_address>
         <run_address>0x76e</run_address>
         <size>0x4b</size>
         <input_file_ref idref="fl-130"/>
      </object_component>
      <object_component id="oc-90">
         <name>.debug_abbrev</name>
         <load_address>0x7b9</load_address>
         <run_address>0x7b9</run_address>
         <size>0x9c</size>
         <input_file_ref idref="fl-131"/>
      </object_component>
      <object_component id="oc-66">
         <name>.debug_abbrev</name>
         <load_address>0x855</load_address>
         <run_address>0x855</run_address>
         <size>0x8c</size>
         <input_file_ref idref="fl-131"/>
      </object_component>
      <object_component id="oc-99">
         <name>.debug_abbrev</name>
         <load_address>0x8e1</load_address>
         <run_address>0x8e1</run_address>
         <size>0x24</size>
         <input_file_ref idref="fl-131"/>
      </object_component>
      <object_component id="oc-94">
         <name>.debug_abbrev</name>
         <load_address>0x905</load_address>
         <run_address>0x905</run_address>
         <size>0x24</size>
         <input_file_ref idref="fl-131"/>
      </object_component>
      <object_component id="oc-8f">
         <name>.debug_abbrev</name>
         <load_address>0x929</load_address>
         <run_address>0x929</run_address>
         <size>0x3d</size>
         <input_file_ref idref="fl-132"/>
      </object_component>
      <object_component id="oc-c4">
         <name>.debug_abbrev</name>
         <load_address>0x966</load_address>
         <run_address>0x966</run_address>
         <size>0xf</size>
      </object_component>
      <object_component id="oc-51">
         <name>.debug_aranges</name>
         <load_address>0x0</load_address>
         <run_address>0x0</run_address>
         <size>0x20</size>
         <input_file_ref idref="fl-2"/>
      </object_component>
      <object_component id="oc-16">
         <name>.debug_aranges</name>
         <load_address>0x20</load_address>
         <run_address>0x20</run_address>
         <size>0x1c8</size>
         <input_file_ref idref="fl-3"/>
      </object_component>
      <object_component id="oc-76">
         <name>.debug_aranges</name>
         <load_address>0x1e8</load_address>
         <run_address>0x1e8</run_address>
         <size>0x20</size>
         <input_file_ref idref="fl-4"/>
      </object_component>
      <object_component id="oc-1f">
         <name>.debug_aranges</name>
         <load_address>0x208</load_address>
         <run_address>0x208</run_address>
         <size>0x20</size>
         <input_file_ref idref="fl-12a"/>
      </object_component>
      <object_component id="oc-3e">
         <name>.debug_aranges</name>
         <load_address>0x228</load_address>
         <run_address>0x228</run_address>
         <size>0x30</size>
         <input_file_ref idref="fl-12b"/>
      </object_component>
      <object_component id="oc-2c">
         <name>.debug_aranges</name>
         <load_address>0x258</load_address>
         <run_address>0x258</run_address>
         <size>0x20</size>
         <input_file_ref idref="fl-12c"/>
      </object_component>
      <object_component id="oc-83">
         <name>.debug_aranges</name>
         <load_address>0x278</load_address>
         <run_address>0x278</run_address>
         <size>0x30</size>
         <input_file_ref idref="fl-12e"/>
      </object_component>
      <object_component id="oc-38">
         <name>.debug_aranges</name>
         <load_address>0x2a8</load_address>
         <run_address>0x2a8</run_address>
         <size>0x20</size>
         <input_file_ref idref="fl-12f"/>
      </object_component>
      <object_component id="oc-32">
         <name>.debug_aranges</name>
         <load_address>0x2c8</load_address>
         <run_address>0x2c8</run_address>
         <size>0x20</size>
         <input_file_ref idref="fl-130"/>
      </object_component>
      <object_component id="oc-49">
         <name>.debug_aranges</name>
         <load_address>0x2e8</load_address>
         <run_address>0x2e8</run_address>
         <size>0x20</size>
         <input_file_ref idref="fl-131"/>
      </object_component>
      <object_component id="oc-63">
         <name>.debug_aranges</name>
         <load_address>0x308</load_address>
         <run_address>0x308</run_address>
         <size>0x20</size>
         <input_file_ref idref="fl-132"/>
      </object_component>
      <object_component id="oc-52">
         <name>.debug_pubnames</name>
         <load_address>0x0</load_address>
         <run_address>0x0</run_address>
         <size>0x1b</size>
         <input_file_ref idref="fl-2"/>
      </object_component>
      <object_component id="oc-12">
         <name>.debug_pubnames</name>
         <load_address>0x1b</load_address>
         <run_address>0x1b</run_address>
         <size>0x27</size>
         <input_file_ref idref="fl-3"/>
      </object_component>
      <object_component id="oc-17">
         <name>.debug_pubnames</name>
         <load_address>0x42</load_address>
         <run_address>0x42</run_address>
         <size>0x474</size>
         <input_file_ref idref="fl-3"/>
      </object_component>
      <object_component id="oc-77">
         <name>.debug_pubnames</name>
         <load_address>0x4b6</load_address>
         <run_address>0x4b6</run_address>
         <size>0x1a</size>
         <input_file_ref idref="fl-4"/>
      </object_component>
      <object_component id="oc-20">
         <name>.debug_pubnames</name>
         <load_address>0x4d0</load_address>
         <run_address>0x4d0</run_address>
         <size>0x1f</size>
         <input_file_ref idref="fl-12a"/>
      </object_component>
      <object_component id="oc-5b">
         <name>.debug_pubnames</name>
         <load_address>0x4ef</load_address>
         <run_address>0x4ef</run_address>
         <size>0x3a</size>
         <input_file_ref idref="fl-12b"/>
      </object_component>
      <object_component id="oc-3f">
         <name>.debug_pubnames</name>
         <load_address>0x529</load_address>
         <run_address>0x529</run_address>
         <size>0x35</size>
         <input_file_ref idref="fl-12b"/>
      </object_component>
      <object_component id="oc-2d">
         <name>.debug_pubnames</name>
         <load_address>0x55e</load_address>
         <run_address>0x55e</run_address>
         <size>0x27</size>
         <input_file_ref idref="fl-12c"/>
      </object_component>
      <object_component id="oc-44">
         <name>.debug_pubnames</name>
         <load_address>0x585</load_address>
         <run_address>0x585</run_address>
         <size>0x23</size>
         <input_file_ref idref="fl-12d"/>
      </object_component>
      <object_component id="oc-58">
         <name>.debug_pubnames</name>
         <load_address>0x5a8</load_address>
         <run_address>0x5a8</run_address>
         <size>0x28</size>
         <input_file_ref idref="fl-12e"/>
      </object_component>
      <object_component id="oc-84">
         <name>.debug_pubnames</name>
         <load_address>0x5d0</load_address>
         <run_address>0x5d0</run_address>
         <size>0x43</size>
         <input_file_ref idref="fl-12e"/>
      </object_component>
      <object_component id="oc-39">
         <name>.debug_pubnames</name>
         <load_address>0x613</load_address>
         <run_address>0x613</run_address>
         <size>0x21</size>
         <input_file_ref idref="fl-12f"/>
      </object_component>
      <object_component id="oc-33">
         <name>.debug_pubnames</name>
         <load_address>0x634</load_address>
         <run_address>0x634</run_address>
         <size>0x25</size>
         <input_file_ref idref="fl-130"/>
      </object_component>
      <object_component id="oc-4a">
         <name>.debug_pubnames</name>
         <load_address>0x659</load_address>
         <run_address>0x659</run_address>
         <size>0x1e</size>
         <input_file_ref idref="fl-131"/>
      </object_component>
      <object_component id="oc-64">
         <name>.debug_pubnames</name>
         <load_address>0x677</load_address>
         <run_address>0x677</run_address>
         <size>0x1d</size>
         <input_file_ref idref="fl-132"/>
      </object_component>
      <object_component id="oc-19">
         <name>.debug_frame</name>
         <load_address>0x0</load_address>
         <run_address>0x0</run_address>
         <size>0x404</size>
         <input_file_ref idref="fl-3"/>
      </object_component>
      <object_component id="oc-41">
         <name>.debug_frame</name>
         <load_address>0x404</load_address>
         <run_address>0x404</run_address>
         <size>0xb3</size>
         <input_file_ref idref="fl-12b"/>
      </object_component>
      <object_component id="oc-2f">
         <name>.debug_frame</name>
         <load_address>0x4b7</load_address>
         <run_address>0x4b7</run_address>
         <size>0x7f</size>
         <input_file_ref idref="fl-12c"/>
      </object_component>
      <object_component id="oc-86">
         <name>.debug_frame</name>
         <load_address>0x536</load_address>
         <run_address>0x536</run_address>
         <size>0xa1</size>
         <input_file_ref idref="fl-12e"/>
      </object_component>
      <object_component id="oc-3b">
         <name>.debug_frame</name>
         <load_address>0x5d7</load_address>
         <run_address>0x5d7</run_address>
         <size>0x7f</size>
         <input_file_ref idref="fl-12f"/>
      </object_component>
      <object_component id="oc-35">
         <name>.debug_frame</name>
         <load_address>0x656</load_address>
         <run_address>0x656</run_address>
         <size>0x8a</size>
         <input_file_ref idref="fl-130"/>
      </object_component>
      <object_component id="oc-4c">
         <name>.debug_frame</name>
         <load_address>0x6e0</load_address>
         <run_address>0x6e0</run_address>
         <size>0x8e</size>
         <input_file_ref idref="fl-131"/>
      </object_component>
      <object_component id="oc-29">
         <name>.debug_str</name>
         <load_address>0x0</load_address>
         <run_address>0x0</run_address>
         <size>0xf5</size>
         <input_file_ref idref="fl-3"/>
      </object_component>
      <object_component id="oc-80">
         <name>.debug_str</name>
         <load_address>0xf5</load_address>
         <run_address>0xf5</run_address>
         <size>0xb9</size>
         <input_file_ref idref="fl-12f"/>
      </object_component>
      <object_component id="oc-6e">
         <name>.debug_str</name>
         <load_address>0x1ae</load_address>
         <run_address>0x1ae</run_address>
         <size>0xc5</size>
         <input_file_ref idref="fl-130"/>
      </object_component>
      <object_component id="oc-73">
         <name>.debug_str</name>
         <load_address>0x273</load_address>
         <run_address>0x273</run_address>
         <size>0x14f</size>
         <input_file_ref idref="fl-130"/>
      </object_component>
      <object_component id="oc-9b">
         <name>.debug_str</name>
         <load_address>0x3c2</load_address>
         <run_address>0x3c2</run_address>
         <size>0xba</size>
         <input_file_ref idref="fl-131"/>
      </object_component>
      <object_component id="oc-96">
         <name>.debug_str</name>
         <load_address>0x47c</load_address>
         <run_address>0x47c</run_address>
         <size>0xf8</size>
         <input_file_ref idref="fl-131"/>
      </object_component>
      <object_component id="oc-26">
         <name>.debug_pubtypes</name>
         <load_address>0x0</load_address>
         <run_address>0x0</run_address>
         <size>0xed</size>
         <input_file_ref idref="fl-3"/>
      </object_component>
      <object_component id="oc-5e">
         <name>.debug_pubtypes</name>
         <load_address>0xed</load_address>
         <run_address>0xed</run_address>
         <size>0x1f</size>
         <input_file_ref idref="fl-12b"/>
      </object_component>
      <object_component id="oc-8a">
         <name>.debug_pubtypes</name>
         <load_address>0x10c</load_address>
         <run_address>0x10c</run_address>
         <size>0x1f</size>
         <input_file_ref idref="fl-12e"/>
      </object_component>
      <object_component id="oc-7d">
         <name>.debug_pubtypes</name>
         <load_address>0x12b</load_address>
         <run_address>0x12b</run_address>
         <size>0x1b</size>
         <input_file_ref idref="fl-12f"/>
      </object_component>
      <object_component id="oc-6b">
         <name>.debug_pubtypes</name>
         <load_address>0x146</load_address>
         <run_address>0x146</run_address>
         <size>0x32</size>
         <input_file_ref idref="fl-130"/>
      </object_component>
      <object_component id="oc-70">
         <name>.debug_pubtypes</name>
         <load_address>0x178</load_address>
         <run_address>0x178</run_address>
         <size>0x50</size>
         <input_file_ref idref="fl-130"/>
      </object_component>
      <object_component id="oc-98">
         <name>.debug_pubtypes</name>
         <load_address>0x1c8</load_address>
         <run_address>0x1c8</run_address>
         <size>0x23</size>
         <input_file_ref idref="fl-131"/>
      </object_component>
      <object_component id="oc-93">
         <name>.debug_pubtypes</name>
         <load_address>0x1eb</load_address>
         <run_address>0x1eb</run_address>
         <size>0x1d</size>
         <input_file_ref idref="fl-131"/>
      </object_component>
   </object_component_list>
   <logical_group_list>
      <logical_group id="lg-4" display="no" color="cyan">
         <name>.intvecs</name>
         <load_address>0x0</load_address>
         <run_address>0x0</run_address>
         <size>0x144</size>
         <contents>
            <object_component_ref idref="oc-10"/>
         </contents>
      </logical_group>
      <logical_group id="lg-5" display="no" color="cyan">
         <name>.text</name>
         <load_address>0x144</load_address>
         <run_address>0x144</run_address>
         <size>0x834</size>
         <contents>
            <object_component_ref idref="oc-4f"/>
            <object_component_ref idref="oc-74"/>
            <object_component_ref idref="oc-61"/>
            <object_component_ref idref="oc-14"/>
            <object_component_ref idref="oc-30"/>
            <object_component_ref idref="oc-1d"/>
            <object_component_ref idref="oc-47"/>
            <object_component_ref idref="oc-3c"/>
            <object_component_ref idref="oc-36"/>
            <object_component_ref idref="oc-81"/>
            <object_component_ref idref="oc-2a"/>
         </contents>
      </logical_group>
      <logical_group id="lg-6" display="no" color="cyan">
         <name>.const</name>
         <run_address>0x0</run_address>
         <size>0x0</size>
         <contents>
         </contents>
      </logical_group>
      <logical_group id="lg-7" display="no" color="cyan">
         <name>.cinit</name>
         <run_address>0x0</run_address>
         <size>0x0</size>
         <contents>
         </contents>
      </logical_group>
      <logical_group id="lg-8" display="no" color="cyan">
         <name>.pinit</name>
         <run_address>0x0</run_address>
         <size>0x0</size>
         <contents>
         </contents>
      </logical_group>
      <logical_group id="lg-9" display="no" color="cyan">
         <name>.flashMailbox</name>
         <run_address>0x0</run_address>
         <size>0x0</size>
         <contents>
         </contents>
      </logical_group>
      <logical_group id="lg-a" display="no" color="cyan">
         <name>.vtable</name>
         <run_address>0x0</run_address>
         <size>0x0</size>
         <contents>
         </contents>
      </logical_group>
      <logical_group id="lg-d" display="no" color="cyan">
         <name>.sysmem</name>
         <run_address>0x0</run_address>
         <size>0x0</size>
         <contents>
         </contents>
      </logical_group>
      <logical_group id="lg-e" display="no" color="cyan">
         <name>.stack</name>
         <run_address>0x20010000</run_address>
         <size>0x0</size>
         <contents>
            <object_component_ref idref="oc-13"/>
            <object_component_ref idref="oc-c2"/>
         </contents>
      </logical_group>
      <logical_group id="lg-a1" display="no" color="cyan">
         <name>.TI.noinit</name>
         <run_address>0x0</run_address>
         <size>0x0</size>
         <contents>
         </contents>
      </logical_group>
      <logical_group id="lg-c" display="no" color="cyan">
         <name>.bss</name>
         <run_address>0x0</run_address>
         <size>0x0</size>
         <contents>
         </contents>
      </logical_group>
      <logical_group id="lg-a0" display="no" color="cyan">
         <name>BSS_GROUP</name>
         <run_address>0x0</run_address>
         <size>0x0</size>
         <contents>
            <logical_group_ref idref="lg-a1"/>
            <logical_group_ref idref="lg-c"/>
         </contents>
      </logical_group>
      <logical_group id="lg-a3" display="no" color="cyan">
         <name>.TI.persistent</name>
         <run_address>0x20000000</run_address>
         <size>0x0</size>
         <contents>
         </contents>
      </logical_group>
      <logical_group id="lg-b" display="no" color="cyan">
         <name>.data</name>
         <load_address>0x20000000</load_address>
         <run_address>0x20000000</run_address>
         <size>0x14</size>
         <contents>
            <object_component_ref idref="oc-56"/>
            <object_component_ref idref="oc-59"/>
            <object_component_ref idref="oc-42"/>
         </contents>
      </logical_group>
      <logical_group id="lg-a2" display="no" color="cyan">
         <name>DATA_GROUP</name>
         <load_address>0x20000000</load_address>
         <run_address>0x20000000</run_address>
         <size>0x14</size>
         <contents>
            <logical_group_ref idref="lg-a3"/>
            <logical_group_ref idref="lg-b"/>
         </contents>
      </logical_group>
      <logical_group id="lg-b1" display="never" color="cyan">
         <name>.debug_info</name>
         <load_address>0x0</load_address>
         <run_address>0x0</run_address>
         <size>0x3427</size>
         <contents>
            <object_component_ref idref="oc-50"/>
            <object_component_ref idref="oc-1c"/>
            <object_component_ref idref="oc-11"/>
            <object_component_ref idref="oc-15"/>
            <object_component_ref idref="oc-25"/>
            <object_component_ref idref="oc-75"/>
            <object_component_ref idref="oc-1e"/>
            <object_component_ref idref="oc-5d"/>
            <object_component_ref idref="oc-5a"/>
            <object_component_ref idref="oc-3d"/>
            <object_component_ref idref="oc-2b"/>
            <object_component_ref idref="oc-43"/>
            <object_component_ref idref="oc-89"/>
            <object_component_ref idref="oc-57"/>
            <object_component_ref idref="oc-82"/>
            <object_component_ref idref="oc-55"/>
            <object_component_ref idref="oc-37"/>
            <object_component_ref idref="oc-7c"/>
            <object_component_ref idref="oc-4e"/>
            <object_component_ref idref="oc-31"/>
            <object_component_ref idref="oc-6a"/>
            <object_component_ref idref="oc-6f"/>
            <object_component_ref idref="oc-67"/>
            <object_component_ref idref="oc-48"/>
            <object_component_ref idref="oc-97"/>
            <object_component_ref idref="oc-92"/>
            <object_component_ref idref="oc-62"/>
            <object_component_ref idref="oc-c3"/>
         </contents>
      </logical_group>
      <logical_group id="lg-b3" display="never" color="cyan">
         <name>.debug_line</name>
         <load_address>0x0</load_address>
         <run_address>0x0</run_address>
         <size>0xd92</size>
         <contents>
            <object_component_ref idref="oc-53"/>
            <object_component_ref idref="oc-24"/>
            <object_component_ref idref="oc-1b"/>
            <object_component_ref idref="oc-18"/>
            <object_component_ref idref="oc-28"/>
            <object_component_ref idref="oc-78"/>
            <object_component_ref idref="oc-21"/>
            <object_component_ref idref="oc-8e"/>
            <object_component_ref idref="oc-8c"/>
            <object_component_ref idref="oc-40"/>
            <object_component_ref idref="oc-2e"/>
            <object_component_ref idref="oc-60"/>
            <object_component_ref idref="oc-9f"/>
            <object_component_ref idref="oc-88"/>
            <object_component_ref idref="oc-85"/>
            <object_component_ref idref="oc-7b"/>
            <object_component_ref idref="oc-3a"/>
            <object_component_ref idref="oc-7f"/>
            <object_component_ref idref="oc-69"/>
            <object_component_ref idref="oc-34"/>
            <object_component_ref idref="oc-6d"/>
            <object_component_ref idref="oc-72"/>
            <object_component_ref idref="oc-91"/>
            <object_component_ref idref="oc-4b"/>
            <object_component_ref idref="oc-9a"/>
            <object_component_ref idref="oc-95"/>
            <object_component_ref idref="oc-65"/>
         </contents>
      </logical_group>
      <logical_group id="lg-b5" display="never" color="cyan">
         <name>.debug_abbrev</name>
         <load_address>0x0</load_address>
         <run_address>0x0</run_address>
         <size>0x975</size>
         <contents>
            <object_component_ref idref="oc-79"/>
            <object_component_ref idref="oc-23"/>
            <object_component_ref idref="oc-1a"/>
            <object_component_ref idref="oc-22"/>
            <object_component_ref idref="oc-27"/>
            <object_component_ref idref="oc-9c"/>
            <object_component_ref idref="oc-45"/>
            <object_component_ref idref="oc-8d"/>
            <object_component_ref idref="oc-8b"/>
            <object_component_ref idref="oc-5c"/>
            <object_component_ref idref="oc-46"/>
            <object_component_ref idref="oc-5f"/>
            <object_component_ref idref="oc-9e"/>
            <object_component_ref idref="oc-87"/>
            <object_component_ref idref="oc-9d"/>
            <object_component_ref idref="oc-7a"/>
            <object_component_ref idref="oc-54"/>
            <object_component_ref idref="oc-7e"/>
            <object_component_ref idref="oc-68"/>
            <object_component_ref idref="oc-4d"/>
            <object_component_ref idref="oc-6c"/>
            <object_component_ref idref="oc-71"/>
            <object_component_ref idref="oc-90"/>
            <object_component_ref idref="oc-66"/>
            <object_component_ref idref="oc-99"/>
            <object_component_ref idref="oc-94"/>
            <object_component_ref idref="oc-8f"/>
            <object_component_ref idref="oc-c4"/>
         </contents>
      </logical_group>
      <logical_group id="lg-b7" display="never" color="cyan">
         <name>.debug_aranges</name>
         <load_address>0x0</load_address>
         <run_address>0x0</run_address>
         <size>0x328</size>
         <contents>
            <object_component_ref idref="oc-51"/>
            <object_component_ref idref="oc-16"/>
            <object_component_ref idref="oc-76"/>
            <object_component_ref idref="oc-1f"/>
            <object_component_ref idref="oc-3e"/>
            <object_component_ref idref="oc-2c"/>
            <object_component_ref idref="oc-83"/>
            <object_component_ref idref="oc-38"/>
            <object_component_ref idref="oc-32"/>
            <object_component_ref idref="oc-49"/>
            <object_component_ref idref="oc-63"/>
         </contents>
      </logical_group>
      <logical_group id="lg-b9" display="never" color="cyan">
         <name>.debug_pubnames</name>
         <load_address>0x0</load_address>
         <run_address>0x0</run_address>
         <size>0x694</size>
         <contents>
            <object_component_ref idref="oc-52"/>
            <object_component_ref idref="oc-12"/>
            <object_component_ref idref="oc-17"/>
            <object_component_ref idref="oc-77"/>
            <object_component_ref idref="oc-20"/>
            <object_component_ref idref="oc-5b"/>
            <object_component_ref idref="oc-3f"/>
            <object_component_ref idref="oc-2d"/>
            <object_component_ref idref="oc-44"/>
            <object_component_ref idref="oc-58"/>
            <object_component_ref idref="oc-84"/>
            <object_component_ref idref="oc-39"/>
            <object_component_ref idref="oc-33"/>
            <object_component_ref idref="oc-4a"/>
            <object_component_ref idref="oc-64"/>
         </contents>
      </logical_group>
      <logical_group id="lg-bb" display="never" color="cyan">
         <name>.debug_frame</name>
         <load_address>0x0</load_address>
         <run_address>0x0</run_address>
         <size>0x76e</size>
         <contents>
            <object_component_ref idref="oc-19"/>
            <object_component_ref idref="oc-41"/>
            <object_component_ref idref="oc-2f"/>
            <object_component_ref idref="oc-86"/>
            <object_component_ref idref="oc-3b"/>
            <object_component_ref idref="oc-35"/>
            <object_component_ref idref="oc-4c"/>
         </contents>
      </logical_group>
      <logical_group id="lg-bd" display="never" color="cyan">
         <name>.debug_str</name>
         <load_address>0x0</load_address>
         <run_address>0x0</run_address>
         <size>0x574</size>
         <contents>
            <object_component_ref idref="oc-29"/>
            <object_component_ref idref="oc-80"/>
            <object_component_ref idref="oc-6e"/>
            <object_component_ref idref="oc-73"/>
            <object_component_ref idref="oc-9b"/>
            <object_component_ref idref="oc-96"/>
         </contents>
      </logical_group>
      <logical_group id="lg-bf" display="never" color="cyan">
         <name>.debug_pubtypes</name>
         <load_address>0x0</load_address>
         <run_address>0x0</run_address>
         <size>0x208</size>
         <contents>
            <object_component_ref idref="oc-26"/>
            <object_component_ref idref="oc-5e"/>
            <object_component_ref idref="oc-8a"/>
            <object_component_ref idref="oc-7d"/>
            <object_component_ref idref="oc-6b"/>
            <object_component_ref idref="oc-70"/>
            <object_component_ref idref="oc-98"/>
            <object_component_ref idref="oc-93"/>
         </contents>
      </logical_group>
      <load_segment id="lg-c6" display="no" color="cyan">
         <name>SEGMENT_0</name>
         <load_address>0x0</load_address>
         <run_address>0x0</run_address>
         <size>0x978</size>
         <flags>0x5</flags>
         <contents>
            <logical_group_ref idref="lg-4"/>
            <logical_group_ref idref="lg-5"/>
         </contents>
      </load_segment>
      <load_segment id="lg-c7" display="no" color="cyan">
         <name>SEGMENT_1</name>
         <load_address>0x20000000</load_address>
         <run_address>0x20000000</run_address>
         <size>0x14</size>
         <flags>0x6</flags>
         <contents>
            <logical_group_ref idref="lg-b"/>
         </contents>
      </load_segment>
   </logical_group_list>
   <placement_map>
      <memory_area display="yes" color="green">
         <name>MAIN</name>
         <page_id>0x0</page_id>
         <origin>0x0</origin>
         <length>0x40000</length>
         <used_space>0x978</used_space>
         <unused_space>0x3f688</unused_space>
         <attributes>RX</attributes>
         <usage_details>
            <allocated_space>
               <start_address>0x0</start_address>
               <size>0x144</size>
               <logical_group_ref idref="lg-4"/>
            </allocated_space>
            <allocated_space>
               <start_address>0x144</start_address>
               <size>0x834</size>
               <logical_group_ref idref="lg-5"/>
            </allocated_space>
            <available_space>
               <start_address>0x978</start_address>
               <size>0x3f688</size>
            </available_space>
         </usage_details>
      </memory_area>
      <memory_area display="yes" color="green">
         <name>INFO</name>
         <page_id>0x0</page_id>
         <origin>0x200000</origin>
         <length>0x4000</length>
         <used_space>0x0</used_space>
         <unused_space>0x4000</unused_space>
         <attributes>RX</attributes>
         <usage_details>
         </usage_details>
      </memory_area>
      <memory_area display="yes" color="green">
         <name>SRAM_CODE</name>
         <page_id>0x0</page_id>
         <origin>0x1000000</origin>
         <length>0x10000</length>
         <used_space>0x0</used_space>
         <unused_space>0x10000</unused_space>
         <attributes>RWX</attributes>
         <usage_details>
         </usage_details>
      </memory_area>
      <memory_area display="yes" color="green">
         <name>SRAM_DATA</name>
         <page_id>0x0</page_id>
         <origin>0x20000000</origin>
         <length>0x10000</length>
         <used_space>0x14</used_space>
         <unused_space>0xffec</unused_space>
         <attributes>RW</attributes>
         <usage_details>
            <allocated_space>
               <start_address>0x20000000</start_address>
               <size>0x14</size>
               <logical_group_ref idref="lg-a2"/>
            </allocated_space>
            <available_space>
               <start_address>0x20000014</start_address>
               <size>0xffec</size>
            </available_space>
            <allocated_space>
               <start_address>0x20010000</start_address>
               <size>0x0</size>
               <logical_group_ref idref="lg-e"/>
            </allocated_space>
         </usage_details>
      </memory_area>
   </placement_map>
   <symbol_table>
      <symbol id="sm-1">
         <name>WDTCTL_SYM</name>
         <value>0x4000480c</value>
      </symbol>
      <symbol id="sm-2">
         <name>binit</name>
         <value>0xffffffff</value>
      </symbol>
      <symbol id="sm-3">
         <name>__binit__</name>
         <value>0xffffffff</value>
      </symbol>
      <symbol id="sm-4">
         <name>__STACK_SIZE</name>
         <value>0x0</value>
      </symbol>
      <symbol id="sm-5">
         <name>__STACK_END</name>
         <value>0x20010000</value>
      </symbol>
      <symbol id="sm-6">
         <name>__c_args__</name>
         <value>0xffffffff</value>
      </symbol>
      <symbol id="sm-7">
         <name>__TI_static_base__</name>
         <value>0x0</value>
      </symbol>
      <symbol id="sm-32">
         <name>main</name>
         <value>0x545</value>
         <object_component_ref idref="oc-4f"/>
      </symbol>
      <symbol id="sm-b7">
         <name>T32_INT2_IRQHandler</name>
         <value>0x7b9</value>
         <object_component_ref idref="oc-14"/>
      </symbol>
      <symbol id="sm-b8">
         <name>PendSV_Handler</name>
         <value>0x781</value>
         <object_component_ref idref="oc-14"/>
      </symbol>
      <symbol id="sm-b9">
         <name>SysTick_Handler</name>
         <value>0x783</value>
         <object_component_ref idref="oc-14"/>
      </symbol>
      <symbol id="sm-ba">
         <name>EUSCIA3_IRQHandler</name>
         <value>0x7ab</value>
         <object_component_ref idref="oc-14"/>
      </symbol>
      <symbol id="sm-bb">
         <name>SVC_Handler</name>
         <value>0x77d</value>
         <object_component_ref idref="oc-14"/>
      </symbol>
      <symbol id="sm-bc">
         <name>EUSCIB1_IRQHandler</name>
         <value>0x7af</value>
         <object_component_ref idref="oc-14"/>
      </symbol>
      <symbol id="sm-bd">
         <name>PORT4_IRQHandler</name>
         <value>0x7d1</value>
         <object_component_ref idref="oc-14"/>
      </symbol>
      <symbol id="sm-be">
         <name>AES256_IRQHandler</name>
         <value>0x7bd</value>
         <object_component_ref idref="oc-14"/>
      </symbol>
      <symbol id="sm-bf">
         <name>FPU_IRQHandler</name>
         <value>0x78d</value>
         <object_component_ref idref="oc-14"/>
      </symbol>
      <symbol id="sm-c0">
         <name>EUSCIB2_IRQHandler</name>
         <value>0x7b1</value>
         <object_component_ref idref="oc-14"/>
      </symbol>
      <symbol id="sm-c1">
         <name>PORT1_IRQHandler</name>
         <value>0x7cb</value>
         <object_component_ref idref="oc-14"/>
      </symbol>
      <symbol id="sm-c2">
         <name>RTC_C_IRQHandler</name>
         <value>0x7bf</value>
         <object_component_ref idref="oc-14"/>
      </symbol>
      <symbol id="sm-c3">
         <name>TA2_0_IRQHandler</name>
         <value>0x79d</value>
         <object_component_ref idref="oc-14"/>
      </symbol>
      <symbol id="sm-c4">
         <name>TA3_N_IRQHandler</name>
         <value>0x7a3</value>
         <object_component_ref idref="oc-14"/>
      </symbol>
      <symbol id="sm-c5">
         <name>DMA_INT3_IRQHandler</name>
         <value>0x7c3</value>
         <object_component_ref idref="oc-14"/>
      </symbol>
      <symbol id="sm-c6">
         <name>PORT2_IRQHandler</name>
         <value>0x7cd</value>
         <object_component_ref idref="oc-14"/>
      </symbol>
      <symbol id="sm-c7">
         <name>StartCritical</name>
         <value>0x7e3</value>
         <object_component_ref idref="oc-14"/>
      </symbol>
      <symbol id="sm-c8">
         <name>TA0_0_IRQHandler</name>
         <value>0x795</value>
         <object_component_ref idref="oc-14"/>
      </symbol>
      <symbol id="sm-c9">
         <name>PSS_IRQHandler</name>
         <value>0x785</value>
         <object_component_ref idref="oc-14"/>
      </symbol>
      <symbol id="sm-ca">
         <name>TA1_N_IRQHandler</name>
         <value>0x79b</value>
         <object_component_ref idref="oc-14"/>
      </symbol>
      <symbol id="sm-cb">
         <name>EUSCIA1_IRQHandler</name>
         <value>0x7a7</value>
         <object_component_ref idref="oc-14"/>
      </symbol>
      <symbol id="sm-cc">
         <name>EUSCIA2_IRQHandler</name>
         <value>0x7a9</value>
         <object_component_ref idref="oc-14"/>
      </symbol>
      <symbol id="sm-cd">
         <name>COMP_E0_IRQHandler</name>
         <value>0x791</value>
         <object_component_ref idref="oc-14"/>
      </symbol>
      <symbol id="sm-ce">
         <name>WDT_A_IRQHandler</name>
         <value>0x78b</value>
         <object_component_ref idref="oc-14"/>
      </symbol>
      <symbol id="sm-cf">
         <name>EUSCIB0_IRQHandler</name>
         <value>0x7ad</value>
         <object_component_ref idref="oc-14"/>
      </symbol>
      <symbol id="sm-d0">
         <name>FLCTL_IRQHandler</name>
         <value>0x78f</value>
         <object_component_ref idref="oc-14"/>
      </symbol>
      <symbol id="sm-d1">
         <name>EndCritical</name>
         <value>0x7ed</value>
         <object_component_ref idref="oc-14"/>
      </symbol>
      <symbol id="sm-d2">
         <name>DMA_INT1_IRQHandler</name>
         <value>0x7c7</value>
         <object_component_ref idref="oc-14"/>
      </symbol>
      <symbol id="sm-d3">
         <name>PCM_IRQHandler</name>
         <value>0x789</value>
         <object_component_ref idref="oc-14"/>
      </symbol>
      <symbol id="sm-d4">
         <name>ADC14_IRQHandler</name>
         <value>0x7b5</value>
         <object_component_ref idref="oc-14"/>
      </symbol>
      <symbol id="sm-d5">
         <name>T32_INTC_IRQHandler</name>
         <value>0x7bb</value>
         <object_component_ref idref="oc-14"/>
      </symbol>
      <symbol id="sm-d6">
         <name>DMA_INT2_IRQHandler</name>
         <value>0x7c5</value>
         <object_component_ref idref="oc-14"/>
      </symbol>
      <symbol id="sm-d7">
         <name>TA3_0_IRQHandler</name>
         <value>0x7a1</value>
         <object_component_ref idref="oc-14"/>
      </symbol>
      <symbol id="sm-d8">
         <name>EUSCIA0_IRQHandler</name>
         <value>0x7a5</value>
         <object_component_ref idref="oc-14"/>
      </symbol>
      <symbol id="sm-d9">
         <name>DMA_ERR_IRQHandler</name>
         <value>0x7c1</value>
         <object_component_ref idref="oc-14"/>
      </symbol>
      <symbol id="sm-da">
         <name>DisableInterrupts</name>
         <value>0x7d7</value>
         <object_component_ref idref="oc-14"/>
      </symbol>
      <symbol id="sm-db">
         <name>PORT5_IRQHandler</name>
         <value>0x7d3</value>
         <object_component_ref idref="oc-14"/>
      </symbol>
      <symbol id="sm-dc">
         <name>TA1_0_IRQHandler</name>
         <value>0x799</value>
         <object_component_ref idref="oc-14"/>
      </symbol>
      <symbol id="sm-dd">
         <name>TA2_N_IRQHandler</name>
         <value>0x79f</value>
         <object_component_ref idref="oc-14"/>
      </symbol>
      <symbol id="sm-de">
         <name>COMP_E1_IRQHandler</name>
         <value>0x793</value>
         <object_component_ref idref="oc-14"/>
      </symbol>
      <symbol id="sm-df">
         <name>EUSCIB3_IRQHandler</name>
         <value>0x7b3</value>
         <object_component_ref idref="oc-14"/>
      </symbol>
      <symbol id="sm-e0">
         <name>WaitForInterrupt</name>
         <value>0x7f5</value>
         <object_component_ref idref="oc-14"/>
      </symbol>
      <symbol id="sm-e1">
         <name>interruptVectors</name>
         <value>0x0</value>
         <object_component_ref idref="oc-10"/>
      </symbol>
      <symbol id="sm-e2">
         <name>EnableInterrupts</name>
         <value>0x7dd</value>
         <object_component_ref idref="oc-14"/>
      </symbol>
      <symbol id="sm-e3">
         <name>PORT6_IRQHandler</name>
         <value>0x7d5</value>
         <object_component_ref idref="oc-14"/>
      </symbol>
      <symbol id="sm-e4">
         <name>TA0_N_IRQHandler</name>
         <value>0x797</value>
         <object_component_ref idref="oc-14"/>
      </symbol>
      <symbol id="sm-e5">
         <name>T32_INT1_IRQHandler</name>
         <value>0x7b7</value>
         <object_component_ref idref="oc-14"/>
      </symbol>
      <symbol id="sm-e6">
         <name>DebugMon_Handler</name>
         <value>0x77f</value>
         <object_component_ref idref="oc-14"/>
      </symbol>
      <symbol id="sm-e7">
         <name>DMA_INT0_IRQHandler</name>
         <value>0x7c9</value>
         <object_component_ref idref="oc-14"/>
      </symbol>
      <symbol id="sm-e8">
         <name>PORT3_IRQHandler</name>
         <value>0x7cf</value>
         <object_component_ref idref="oc-14"/>
      </symbol>
      <symbol id="sm-e9">
         <name>CS_IRQHandler</name>
         <value>0x787</value>
         <object_component_ref idref="oc-14"/>
      </symbol>
      <symbol id="sm-fa">
         <name>Sin</name>
         <value>0x685</value>
         <object_component_ref idref="oc-74"/>
      </symbol>
      <symbol id="sm-10d">
         <name>_c_int00</name>
         <value>0x869</value>
         <object_component_ref idref="oc-1d"/>
      </symbol>
      <symbol id="sm-10e">
         <name>__stack</name>
         <value>0x20010000</value>
         <object_component_ref idref="oc-13"/>
      </symbol>
      <symbol id="sm-12d">
         <name>C$$EXIT</name>
         <value>0x905</value>
         <object_component_ref idref="oc-3c"/>
      </symbol>
      <symbol id="sm-12e">
         <name>abort</name>
         <value>0x909</value>
         <object_component_ref idref="oc-3c"/>
      </symbol>
      <symbol id="sm-12f">
         <name>exit</name>
         <value>0x911</value>
         <object_component_ref idref="oc-3c"/>
      </symbol>
      <symbol id="sm-130">
         <name>__TI_dtors_ptr</name>
         <value>0x2000000c</value>
         <object_component_ref idref="oc-59"/>
      </symbol>
      <symbol id="sm-131">
         <name>__TI_cleanup_ptr</name>
         <value>0x20000008</value>
         <object_component_ref idref="oc-59"/>
      </symbol>
      <symbol id="sm-13b">
         <name>_system_pre_init</name>
         <value>0x975</value>
         <object_component_ref idref="oc-2a"/>
      </symbol>
      <symbol id="sm-143">
         <name>main_func_sp</name>
         <value>0x20000010</value>
         <object_component_ref idref="oc-42"/>
      </symbol>
      <symbol id="sm-15c">
         <name>_nop</name>
         <value>0x96f</value>
         <object_component_ref idref="oc-81"/>
      </symbol>
      <symbol id="sm-15d">
         <name>_lock</name>
         <value>0x20000000</value>
         <object_component_ref idref="oc-56"/>
      </symbol>
      <symbol id="sm-15e">
         <name>_unlock</name>
         <value>0x20000004</value>
         <object_component_ref idref="oc-56"/>
      </symbol>
      <symbol id="sm-15f">
         <name>_register_lock</name>
         <value>0x967</value>
         <object_component_ref idref="oc-81"/>
      </symbol>
      <symbol id="sm-160">
         <name>_register_unlock</name>
         <value>0x961</value>
         <object_component_ref idref="oc-81"/>
      </symbol>
      <symbol id="sm-175">
         <name>_args_main</name>
         <value>0x949</value>
         <object_component_ref idref="oc-36"/>
      </symbol>
      <symbol id="sm-19b">
         <name>__TI_auto_init</name>
         <value>0x7fd</value>
         <object_component_ref idref="oc-30"/>
      </symbol>
      <symbol id="sm-1ba">
         <name>copy_in</name>
         <value>0x8b9</value>
         <object_component_ref idref="oc-47"/>
      </symbol>
      <symbol id="sm-1d5">
         <name>memcpy</name>
         <value>0x6c5</value>
         <object_component_ref idref="oc-61"/>
      </symbol>
      <symbol id="sm-1d6">
         <name>__aeabi_memcpy</name>
         <value>0x6c5</value>
         <object_component_ref idref="oc-61"/>
      </symbol>
      <symbol id="sm-1d7">
         <name>__aeabi_memcpy8</name>
         <value>0x6c5</value>
         <object_component_ref idref="oc-61"/>
      </symbol>
      <symbol id="sm-1d8">
         <name>__aeabi_memcpy4</name>
         <value>0x6c5</value>
         <object_component_ref idref="oc-61"/>
      </symbol>
      <symbol id="sm-1d9">
         <name>__TI_Handler_Table_Base</name>
         <value>0x0</value>
      </symbol>
      <symbol id="sm-1da">
         <name>__TI_Handler_Table_Limit</name>
         <value>0x0</value>
      </symbol>
      <symbol id="sm-1db">
         <name>__TI_CINIT_Limit</name>
         <value>0x0</value>
      </symbol>
      <symbol id="sm-1dc">
         <name>__TI_CINIT_Base</name>
         <value>0x0</value>
      </symbol>
      <symbol id="sm-1dd">
         <name>SHT$$INIT_ARRAY$$Limit</name>
         <value>0x0</value>
      </symbol>
      <symbol id="sm-1de">
         <name>SHT$$INIT_ARRAY$$Base</name>
         <value>0x0</value>
      </symbol>
   </symbol_table>
   <title>Link successful</title>
</link_info>
