<?xml version="1.0"?>
<link_info>
   <banner>TI ARM Linker PC v5.2.4</banner>
   <copyright>Copyright (c) 1996-2015 Texas Instruments Incorporated</copyright>
   <link_time>0x575f2094</link_time>
   <link_errors>0x0</link_errors>
   <output_file>LLFifo_MSP432asm.out</output_file>
   <entry_point>
      <name>_c_int00</name>
      <address>0x565</address>
   </entry_point>
   <input_file_list>
      <input_file id="fl-2">
         <path>.\</path>
         <kind>object</kind>
         <file>LLFifo.obj</file>
         <name>LLFifo.obj</name>
      </input_file>
      <input_file id="fl-3">
         <path>.\</path>
         <kind>object</kind>
         <file>LLFifoTestMain.obj</file>
         <name>LLFifoTestMain.obj</name>
      </input_file>
      <input_file id="fl-4">
         <path>.\</path>
         <kind>object</kind>
         <file>heap.obj</file>
         <name>heap.obj</name>
      </input_file>
      <input_file id="fl-5">
         <path>.\</path>
         <kind>object</kind>
         <file>msp432_startup_ccs.obj</file>
         <name>msp432_startup_ccs.obj</name>
      </input_file>
      <input_file id="fl-12b">
         <path>C:\ti\ccsv6\tools\compiler\ti-cgt-arm_5.2.4\lib\</path>
         <kind>archive</kind>
         <file>rtsv7M4_T_le_v4SPD16_eabi.lib</file>
         <name>boot.obj</name>
      </input_file>
      <input_file id="fl-12c">
         <path>C:\ti\ccsv6\tools\compiler\ti-cgt-arm_5.2.4\lib\</path>
         <kind>archive</kind>
         <file>rtsv7M4_T_le_v4SPD16_eabi.lib</file>
         <name>exit.obj</name>
      </input_file>
      <input_file id="fl-12d">
         <path>C:\ti\ccsv6\tools\compiler\ti-cgt-arm_5.2.4\lib\</path>
         <kind>archive</kind>
         <file>rtsv7M4_T_le_v4SPD16_eabi.lib</file>
         <name>pre_init.obj</name>
      </input_file>
      <input_file id="fl-12e">
         <path>C:\ti\ccsv6\tools\compiler\ti-cgt-arm_5.2.4\lib\</path>
         <kind>archive</kind>
         <file>rtsv7M4_T_le_v4SPD16_eabi.lib</file>
         <name>stkdepth_vars.obj</name>
      </input_file>
      <input_file id="fl-12f">
         <path>C:\ti\ccsv6\tools\compiler\ti-cgt-arm_5.2.4\lib\</path>
         <kind>archive</kind>
         <file>rtsv7M4_T_le_v4SPD16_eabi.lib</file>
         <name>_lock.obj</name>
      </input_file>
      <input_file id="fl-130">
         <path>C:\ti\ccsv6\tools\compiler\ti-cgt-arm_5.2.4\lib\</path>
         <kind>archive</kind>
         <file>rtsv7M4_T_le_v4SPD16_eabi.lib</file>
         <name>args_main.obj</name>
      </input_file>
      <input_file id="fl-131">
         <path>C:\ti\ccsv6\tools\compiler\ti-cgt-arm_5.2.4\lib\</path>
         <kind>archive</kind>
         <file>rtsv7M4_T_le_v4SPD16_eabi.lib</file>
         <name>autoinit.obj</name>
      </input_file>
      <input_file id="fl-132">
         <path>C:\ti\ccsv6\tools\compiler\ti-cgt-arm_5.2.4\lib\</path>
         <kind>archive</kind>
         <file>rtsv7M4_T_le_v4SPD16_eabi.lib</file>
         <name>cpy_tbl.obj</name>
      </input_file>
      <input_file id="fl-133">
         <path>C:\ti\ccsv6\tools\compiler\ti-cgt-arm_5.2.4\lib\</path>
         <kind>archive</kind>
         <file>rtsv7M4_T_le_v4SPD16_eabi.lib</file>
         <name>memcpy_t2.obj</name>
      </input_file>
   </input_file_list>
   <object_component_list>
      <object_component id="oc-10">
         <name>.intvecs</name>
         <load_address>0x0</load_address>
         <run_address>0x0</run_address>
         <size>0x144</size>
         <input_file_ref idref="fl-5"/>
      </object_component>
      <object_component id="oc-4f">
         <name>.text</name>
         <load_address>0x144</load_address>
         <run_address>0x144</run_address>
         <size>0x1f4</size>
         <input_file_ref idref="fl-3"/>
      </object_component>
      <object_component id="oc-61">
         <name>.text</name>
         <load_address>0x338</load_address>
         <run_address>0x338</run_address>
         <size>0x9c</size>
         <input_file_ref idref="fl-133"/>
      </object_component>
      <object_component id="oc-14">
         <name>.text</name>
         <load_address>0x3d4</load_address>
         <run_address>0x3d4</run_address>
         <size>0x9a</size>
         <input_file_ref idref="fl-5"/>
      </object_component>
      <object_component id="oc-74">
         <name>.text</name>
         <load_address>0x470</load_address>
         <run_address>0x470</run_address>
         <size>0x86</size>
         <input_file_ref idref="fl-2"/>
      </object_component>
      <object_component id="oc-30">
         <name>.text</name>
         <load_address>0x4f8</load_address>
         <run_address>0x4f8</run_address>
         <size>0x6c</size>
         <input_file_ref idref="fl-131"/>
      </object_component>
      <object_component id="oc-1d">
         <name>.text</name>
         <load_address>0x564</load_address>
         <run_address>0x564</run_address>
         <size>0x50</size>
         <input_file_ref idref="fl-12b"/>
      </object_component>
      <object_component id="oc-47">
         <name>.text</name>
         <load_address>0x5b4</load_address>
         <run_address>0x5b4</run_address>
         <size>0x4c</size>
         <input_file_ref idref="fl-132"/>
      </object_component>
      <object_component id="oc-9e">
         <name>.text</name>
         <load_address>0x600</load_address>
         <run_address>0x600</run_address>
         <size>0x48</size>
         <input_file_ref idref="fl-4"/>
      </object_component>
      <object_component id="oc-3c">
         <name>.text</name>
         <load_address>0x648</load_address>
         <run_address>0x648</run_address>
         <size>0x44</size>
         <input_file_ref idref="fl-12c"/>
      </object_component>
      <object_component id="oc-36">
         <name>.text</name>
         <load_address>0x68c</load_address>
         <run_address>0x68c</run_address>
         <size>0x18</size>
         <input_file_ref idref="fl-130"/>
      </object_component>
      <object_component id="oc-82">
         <name>.text</name>
         <load_address>0x6a4</load_address>
         <run_address>0x6a4</run_address>
         <size>0x14</size>
         <input_file_ref idref="fl-12f"/>
      </object_component>
      <object_component id="oc-2a">
         <name>.text</name>
         <load_address>0x6b8</load_address>
         <run_address>0x6b8</run_address>
         <size>0x4</size>
         <input_file_ref idref="fl-12d"/>
      </object_component>
      <object_component id="oc-13">
         <name>.stack</name>
         <uninitialized>true</uninitialized>
         <run_address>0x20010000</run_address>
         <size>0x0</size>
         <input_file_ref idref="fl-12b"/>
      </object_component>
      <object_component id="oc-cb">
         <name>.stack</name>
         <uninitialized>true</uninitialized>
         <run_address>0x20010000</run_address>
         <size>0x0</size>
      </object_component>
      <object_component id="oc-a7">
         <name>.data</name>
         <load_address>0x20000000</load_address>
         <run_address>0x20000000</run_address>
         <size>0x54</size>
         <input_file_ref idref="fl-4"/>
      </object_component>
      <object_component id="oc-79">
         <name>.data</name>
         <load_address>0x20000054</load_address>
         <run_address>0x20000054</run_address>
         <size>0x14</size>
         <input_file_ref idref="fl-3"/>
      </object_component>
      <object_component id="oc-9d">
         <name>.data</name>
         <load_address>0x20000068</load_address>
         <run_address>0x20000068</run_address>
         <size>0x8</size>
         <input_file_ref idref="fl-2"/>
      </object_component>
      <object_component id="oc-56">
         <name>.data</name>
         <load_address>0x20000070</load_address>
         <run_address>0x20000070</run_address>
         <size>0x8</size>
         <input_file_ref idref="fl-12f"/>
      </object_component>
      <object_component id="oc-59">
         <name>.data</name>
         <load_address>0x20000078</load_address>
         <run_address>0x20000078</run_address>
         <size>0x8</size>
         <input_file_ref idref="fl-12c"/>
      </object_component>
      <object_component id="oc-42">
         <name>.data</name>
         <load_address>0x20000080</load_address>
         <run_address>0x20000080</run_address>
         <size>0x4</size>
         <input_file_ref idref="fl-12e"/>
      </object_component>
      <object_component id="oc-75">
         <name>.debug_info</name>
         <load_address>0x0</load_address>
         <run_address>0x0</run_address>
         <size>0x16e</size>
         <input_file_ref idref="fl-2"/>
      </object_component>
      <object_component id="oc-50">
         <name>.debug_info</name>
         <load_address>0x16e</load_address>
         <run_address>0x16e</run_address>
         <size>0x3dc</size>
         <input_file_ref idref="fl-3"/>
      </object_component>
      <object_component id="oc-9f">
         <name>.debug_info</name>
         <load_address>0x54a</load_address>
         <run_address>0x54a</run_address>
         <size>0x150</size>
         <input_file_ref idref="fl-4"/>
      </object_component>
      <object_component id="oc-1c">
         <name>.debug_info</name>
         <load_address>0x69a</load_address>
         <run_address>0x69a</run_address>
         <size>0x105</size>
         <input_file_ref idref="fl-5"/>
      </object_component>
      <object_component id="oc-11">
         <name>.debug_info</name>
         <load_address>0x79f</load_address>
         <run_address>0x79f</run_address>
         <size>0xf2</size>
         <input_file_ref idref="fl-5"/>
      </object_component>
      <object_component id="oc-15">
         <name>.debug_info</name>
         <load_address>0x891</load_address>
         <run_address>0x891</run_address>
         <size>0x169e</size>
         <input_file_ref idref="fl-5"/>
      </object_component>
      <object_component id="oc-25">
         <name>.debug_info</name>
         <load_address>0x1f2f</load_address>
         <run_address>0x1f2f</run_address>
         <size>0x84</size>
         <input_file_ref idref="fl-5"/>
      </object_component>
      <object_component id="oc-1e">
         <name>.debug_info</name>
         <load_address>0x1fb3</load_address>
         <run_address>0x1fb3</run_address>
         <size>0x136</size>
         <input_file_ref idref="fl-12b"/>
      </object_component>
      <object_component id="oc-5d">
         <name>.debug_info</name>
         <load_address>0x20e9</load_address>
         <run_address>0x20e9</run_address>
         <size>0x174</size>
         <input_file_ref idref="fl-12c"/>
      </object_component>
      <object_component id="oc-5a">
         <name>.debug_info</name>
         <load_address>0x225d</load_address>
         <run_address>0x225d</run_address>
         <size>0x119</size>
         <input_file_ref idref="fl-12c"/>
      </object_component>
      <object_component id="oc-3d">
         <name>.debug_info</name>
         <load_address>0x2376</load_address>
         <run_address>0x2376</run_address>
         <size>0x1f0</size>
         <input_file_ref idref="fl-12c"/>
      </object_component>
      <object_component id="oc-2b">
         <name>.debug_info</name>
         <load_address>0x2566</load_address>
         <run_address>0x2566</run_address>
         <size>0x12b</size>
         <input_file_ref idref="fl-12d"/>
      </object_component>
      <object_component id="oc-43">
         <name>.debug_info</name>
         <load_address>0x2691</load_address>
         <run_address>0x2691</run_address>
         <size>0xec</size>
         <input_file_ref idref="fl-12e"/>
      </object_component>
      <object_component id="oc-8a">
         <name>.debug_info</name>
         <load_address>0x277d</load_address>
         <run_address>0x277d</run_address>
         <size>0x107</size>
         <input_file_ref idref="fl-12f"/>
      </object_component>
      <object_component id="oc-57">
         <name>.debug_info</name>
         <load_address>0x2884</load_address>
         <run_address>0x2884</run_address>
         <size>0xf6</size>
         <input_file_ref idref="fl-12f"/>
      </object_component>
      <object_component id="oc-83">
         <name>.debug_info</name>
         <load_address>0x297a</load_address>
         <run_address>0x297a</run_address>
         <size>0x202</size>
         <input_file_ref idref="fl-12f"/>
      </object_component>
      <object_component id="oc-55">
         <name>.debug_info</name>
         <load_address>0x2b7c</load_address>
         <run_address>0x2b7c</run_address>
         <size>0x149</size>
         <input_file_ref idref="fl-130"/>
      </object_component>
      <object_component id="oc-37">
         <name>.debug_info</name>
         <load_address>0x2cc5</load_address>
         <run_address>0x2cc5</run_address>
         <size>0x14a</size>
         <input_file_ref idref="fl-130"/>
      </object_component>
      <object_component id="oc-7d">
         <name>.debug_info</name>
         <load_address>0x2e0f</load_address>
         <run_address>0x2e0f</run_address>
         <size>0x5e</size>
         <input_file_ref idref="fl-130"/>
      </object_component>
      <object_component id="oc-4e">
         <name>.debug_info</name>
         <load_address>0x2e6d</load_address>
         <run_address>0x2e6d</run_address>
         <size>0x2a0</size>
         <input_file_ref idref="fl-131"/>
      </object_component>
      <object_component id="oc-31">
         <name>.debug_info</name>
         <load_address>0x310d</load_address>
         <run_address>0x310d</run_address>
         <size>0x15a</size>
         <input_file_ref idref="fl-131"/>
      </object_component>
      <object_component id="oc-6a">
         <name>.debug_info</name>
         <load_address>0x3267</load_address>
         <run_address>0x3267</run_address>
         <size>0x39</size>
         <input_file_ref idref="fl-131"/>
      </object_component>
      <object_component id="oc-6f">
         <name>.debug_info</name>
         <load_address>0x32a0</load_address>
         <run_address>0x32a0</run_address>
         <size>0xcd</size>
         <input_file_ref idref="fl-131"/>
      </object_component>
      <object_component id="oc-67">
         <name>.debug_info</name>
         <load_address>0x336d</load_address>
         <run_address>0x336d</run_address>
         <size>0x1c3</size>
         <input_file_ref idref="fl-132"/>
      </object_component>
      <object_component id="oc-48">
         <name>.debug_info</name>
         <load_address>0x3530</load_address>
         <run_address>0x3530</run_address>
         <size>0x166</size>
         <input_file_ref idref="fl-132"/>
      </object_component>
      <object_component id="oc-98">
         <name>.debug_info</name>
         <load_address>0x3696</load_address>
         <run_address>0x3696</run_address>
         <size>0x2c</size>
         <input_file_ref idref="fl-132"/>
      </object_component>
      <object_component id="oc-93">
         <name>.debug_info</name>
         <load_address>0x36c2</load_address>
         <run_address>0x36c2</run_address>
         <size>0x2c</size>
         <input_file_ref idref="fl-132"/>
      </object_component>
      <object_component id="oc-64">
         <name>.debug_info</name>
         <load_address>0x36ee</load_address>
         <run_address>0x36ee</run_address>
         <size>0xf8</size>
         <input_file_ref idref="fl-133"/>
      </object_component>
      <object_component id="oc-cc">
         <name>.debug_info</name>
         <load_address>0x37e6</load_address>
         <run_address>0x37e6</run_address>
         <size>0xaa</size>
      </object_component>
      <object_component id="oc-78">
         <name>.debug_line</name>
         <load_address>0x0</load_address>
         <run_address>0x0</run_address>
         <size>0x88</size>
         <input_file_ref idref="fl-2"/>
      </object_component>
      <object_component id="oc-53">
         <name>.debug_line</name>
         <load_address>0x88</load_address>
         <run_address>0x88</run_address>
         <size>0xf8</size>
         <input_file_ref idref="fl-3"/>
      </object_component>
      <object_component id="oc-a2">
         <name>.debug_line</name>
         <load_address>0x180</load_address>
         <run_address>0x180</run_address>
         <size>0x6f</size>
         <input_file_ref idref="fl-4"/>
      </object_component>
      <object_component id="oc-24">
         <name>.debug_line</name>
         <load_address>0x1ef</load_address>
         <run_address>0x1ef</run_address>
         <size>0x3b</size>
         <input_file_ref idref="fl-5"/>
      </object_component>
      <object_component id="oc-1b">
         <name>.debug_line</name>
         <load_address>0x22a</load_address>
         <run_address>0x22a</run_address>
         <size>0x3b</size>
         <input_file_ref idref="fl-5"/>
      </object_component>
      <object_component id="oc-18">
         <name>.debug_line</name>
         <load_address>0x265</load_address>
         <run_address>0x265</run_address>
         <size>0x55a</size>
         <input_file_ref idref="fl-5"/>
      </object_component>
      <object_component id="oc-28">
         <name>.debug_line</name>
         <load_address>0x7bf</load_address>
         <run_address>0x7bf</run_address>
         <size>0x20</size>
         <input_file_ref idref="fl-5"/>
      </object_component>
      <object_component id="oc-21">
         <name>.debug_line</name>
         <load_address>0x7df</load_address>
         <run_address>0x7df</run_address>
         <size>0x52</size>
         <input_file_ref idref="fl-12b"/>
      </object_component>
      <object_component id="oc-8f">
         <name>.debug_line</name>
         <load_address>0x831</load_address>
         <run_address>0x831</run_address>
         <size>0x71</size>
         <input_file_ref idref="fl-12c"/>
      </object_component>
      <object_component id="oc-8d">
         <name>.debug_line</name>
         <load_address>0x8a2</load_address>
         <run_address>0x8a2</run_address>
         <size>0x2a</size>
         <input_file_ref idref="fl-12c"/>
      </object_component>
      <object_component id="oc-40">
         <name>.debug_line</name>
         <load_address>0x8cc</load_address>
         <run_address>0x8cc</run_address>
         <size>0x7a</size>
         <input_file_ref idref="fl-12c"/>
      </object_component>
      <object_component id="oc-2e">
         <name>.debug_line</name>
         <load_address>0x946</load_address>
         <run_address>0x946</run_address>
         <size>0x40</size>
         <input_file_ref idref="fl-12d"/>
      </object_component>
      <object_component id="oc-60">
         <name>.debug_line</name>
         <load_address>0x986</load_address>
         <run_address>0x986</run_address>
         <size>0x33</size>
         <input_file_ref idref="fl-12e"/>
      </object_component>
      <object_component id="oc-a6">
         <name>.debug_line</name>
         <load_address>0x9b9</load_address>
         <run_address>0x9b9</run_address>
         <size>0x20</size>
         <input_file_ref idref="fl-12f"/>
      </object_component>
      <object_component id="oc-89">
         <name>.debug_line</name>
         <load_address>0x9d9</load_address>
         <run_address>0x9d9</run_address>
         <size>0x2b</size>
         <input_file_ref idref="fl-12f"/>
      </object_component>
      <object_component id="oc-86">
         <name>.debug_line</name>
         <load_address>0xa04</load_address>
         <run_address>0xa04</run_address>
         <size>0x68</size>
         <input_file_ref idref="fl-12f"/>
      </object_component>
      <object_component id="oc-7c">
         <name>.debug_line</name>
         <load_address>0xa6c</load_address>
         <run_address>0xa6c</run_address>
         <size>0x2b</size>
         <input_file_ref idref="fl-130"/>
      </object_component>
      <object_component id="oc-3a">
         <name>.debug_line</name>
         <load_address>0xa97</load_address>
         <run_address>0xa97</run_address>
         <size>0x50</size>
         <input_file_ref idref="fl-130"/>
      </object_component>
      <object_component id="oc-80">
         <name>.debug_line</name>
         <load_address>0xae7</load_address>
         <run_address>0xae7</run_address>
         <size>0x2b</size>
         <input_file_ref idref="fl-130"/>
      </object_component>
      <object_component id="oc-69">
         <name>.debug_line</name>
         <load_address>0xb12</load_address>
         <run_address>0xb12</run_address>
         <size>0x81</size>
         <input_file_ref idref="fl-131"/>
      </object_component>
      <object_component id="oc-34">
         <name>.debug_line</name>
         <load_address>0xb93</load_address>
         <run_address>0xb93</run_address>
         <size>0x79</size>
         <input_file_ref idref="fl-131"/>
      </object_component>
      <object_component id="oc-6d">
         <name>.debug_line</name>
         <load_address>0xc0c</load_address>
         <run_address>0xc0c</run_address>
         <size>0x2e</size>
         <input_file_ref idref="fl-131"/>
      </object_component>
      <object_component id="oc-72">
         <name>.debug_line</name>
         <load_address>0xc3a</load_address>
         <run_address>0xc3a</run_address>
         <size>0x73</size>
         <input_file_ref idref="fl-131"/>
      </object_component>
      <object_component id="oc-92">
         <name>.debug_line</name>
         <load_address>0xcad</load_address>
         <run_address>0xcad</run_address>
         <size>0x80</size>
         <input_file_ref idref="fl-132"/>
      </object_component>
      <object_component id="oc-4b">
         <name>.debug_line</name>
         <load_address>0xd2d</load_address>
         <run_address>0xd2d</run_address>
         <size>0x68</size>
         <input_file_ref idref="fl-132"/>
      </object_component>
      <object_component id="oc-9b">
         <name>.debug_line</name>
         <load_address>0xd95</load_address>
         <run_address>0xd95</run_address>
         <size>0x2e</size>
         <input_file_ref idref="fl-132"/>
      </object_component>
      <object_component id="oc-96">
         <name>.debug_line</name>
         <load_address>0xdc3</load_address>
         <run_address>0xdc3</run_address>
         <size>0x72</size>
         <input_file_ref idref="fl-132"/>
      </object_component>
      <object_component id="oc-62">
         <name>.debug_line</name>
         <load_address>0xe35</load_address>
         <run_address>0xe35</run_address>
         <size>0x88</size>
         <input_file_ref idref="fl-133"/>
      </object_component>
      <object_component id="oc-a3">
         <name>.debug_abbrev</name>
         <load_address>0x0</load_address>
         <run_address>0x0</run_address>
         <size>0x47</size>
         <input_file_ref idref="fl-2"/>
      </object_component>
      <object_component id="oc-7a">
         <name>.debug_abbrev</name>
         <load_address>0x47</load_address>
         <run_address>0x47</run_address>
         <size>0x5f</size>
         <input_file_ref idref="fl-3"/>
      </object_component>
      <object_component id="oc-a8">
         <name>.debug_abbrev</name>
         <load_address>0xa6</load_address>
         <run_address>0xa6</run_address>
         <size>0x3b</size>
         <input_file_ref idref="fl-4"/>
      </object_component>
      <object_component id="oc-23">
         <name>.debug_abbrev</name>
         <load_address>0xe1</load_address>
         <run_address>0xe1</run_address>
         <size>0x5d</size>
         <input_file_ref idref="fl-5"/>
      </object_component>
      <object_component id="oc-1a">
         <name>.debug_abbrev</name>
         <load_address>0x13e</load_address>
         <run_address>0x13e</run_address>
         <size>0x29</size>
         <input_file_ref idref="fl-5"/>
      </object_component>
      <object_component id="oc-22">
         <name>.debug_abbrev</name>
         <load_address>0x167</load_address>
         <run_address>0x167</run_address>
         <size>0xf8</size>
         <input_file_ref idref="fl-5"/>
      </object_component>
      <object_component id="oc-27">
         <name>.debug_abbrev</name>
         <load_address>0x25f</load_address>
         <run_address>0x25f</run_address>
         <size>0x1f</size>
         <input_file_ref idref="fl-5"/>
      </object_component>
      <object_component id="oc-45">
         <name>.debug_abbrev</name>
         <load_address>0x27e</load_address>
         <run_address>0x27e</run_address>
         <size>0x3e</size>
         <input_file_ref idref="fl-12b"/>
      </object_component>
      <object_component id="oc-8e">
         <name>.debug_abbrev</name>
         <load_address>0x2bc</load_address>
         <run_address>0x2bc</run_address>
         <size>0x6b</size>
         <input_file_ref idref="fl-12c"/>
      </object_component>
      <object_component id="oc-8c">
         <name>.debug_abbrev</name>
         <load_address>0x327</load_address>
         <run_address>0x327</run_address>
         <size>0x29</size>
         <input_file_ref idref="fl-12c"/>
      </object_component>
      <object_component id="oc-5c">
         <name>.debug_abbrev</name>
         <load_address>0x350</load_address>
         <run_address>0x350</run_address>
         <size>0xba</size>
         <input_file_ref idref="fl-12c"/>
      </object_component>
      <object_component id="oc-46">
         <name>.debug_abbrev</name>
         <load_address>0x40a</load_address>
         <run_address>0x40a</run_address>
         <size>0x55</size>
         <input_file_ref idref="fl-12d"/>
      </object_component>
      <object_component id="oc-5f">
         <name>.debug_abbrev</name>
         <load_address>0x45f</load_address>
         <run_address>0x45f</run_address>
         <size>0x27</size>
         <input_file_ref idref="fl-12e"/>
      </object_component>
      <object_component id="oc-a5">
         <name>.debug_abbrev</name>
         <load_address>0x486</load_address>
         <run_address>0x486</run_address>
         <size>0x45</size>
         <input_file_ref idref="fl-12f"/>
      </object_component>
      <object_component id="oc-88">
         <name>.debug_abbrev</name>
         <load_address>0x4cb</load_address>
         <run_address>0x4cb</run_address>
         <size>0x29</size>
         <input_file_ref idref="fl-12f"/>
      </object_component>
      <object_component id="oc-a4">
         <name>.debug_abbrev</name>
         <load_address>0x4f4</load_address>
         <run_address>0x4f4</run_address>
         <size>0x6f</size>
         <input_file_ref idref="fl-12f"/>
      </object_component>
      <object_component id="oc-7b">
         <name>.debug_abbrev</name>
         <load_address>0x563</load_address>
         <run_address>0x563</run_address>
         <size>0x8e</size>
         <input_file_ref idref="fl-130"/>
      </object_component>
      <object_component id="oc-54">
         <name>.debug_abbrev</name>
         <load_address>0x5f1</load_address>
         <run_address>0x5f1</run_address>
         <size>0x68</size>
         <input_file_ref idref="fl-130"/>
      </object_component>
      <object_component id="oc-7f">
         <name>.debug_abbrev</name>
         <load_address>0x659</load_address>
         <run_address>0x659</run_address>
         <size>0x49</size>
         <input_file_ref idref="fl-130"/>
      </object_component>
      <object_component id="oc-68">
         <name>.debug_abbrev</name>
         <load_address>0x6a2</load_address>
         <run_address>0x6a2</run_address>
         <size>0x9a</size>
         <input_file_ref idref="fl-131"/>
      </object_component>
      <object_component id="oc-4d">
         <name>.debug_abbrev</name>
         <load_address>0x73c</load_address>
         <run_address>0x73c</run_address>
         <size>0x7e</size>
         <input_file_ref idref="fl-131"/>
      </object_component>
      <object_component id="oc-6c">
         <name>.debug_abbrev</name>
         <load_address>0x7ba</load_address>
         <run_address>0x7ba</run_address>
         <size>0x24</size>
         <input_file_ref idref="fl-131"/>
      </object_component>
      <object_component id="oc-71">
         <name>.debug_abbrev</name>
         <load_address>0x7de</load_address>
         <run_address>0x7de</run_address>
         <size>0x4b</size>
         <input_file_ref idref="fl-131"/>
      </object_component>
      <object_component id="oc-91">
         <name>.debug_abbrev</name>
         <load_address>0x829</load_address>
         <run_address>0x829</run_address>
         <size>0x9c</size>
         <input_file_ref idref="fl-132"/>
      </object_component>
      <object_component id="oc-66">
         <name>.debug_abbrev</name>
         <load_address>0x8c5</load_address>
         <run_address>0x8c5</run_address>
         <size>0x8c</size>
         <input_file_ref idref="fl-132"/>
      </object_component>
      <object_component id="oc-9a">
         <name>.debug_abbrev</name>
         <load_address>0x951</load_address>
         <run_address>0x951</run_address>
         <size>0x24</size>
         <input_file_ref idref="fl-132"/>
      </object_component>
      <object_component id="oc-95">
         <name>.debug_abbrev</name>
         <load_address>0x975</load_address>
         <run_address>0x975</run_address>
         <size>0x24</size>
         <input_file_ref idref="fl-132"/>
      </object_component>
      <object_component id="oc-90">
         <name>.debug_abbrev</name>
         <load_address>0x999</load_address>
         <run_address>0x999</run_address>
         <size>0x3e</size>
         <input_file_ref idref="fl-133"/>
      </object_component>
      <object_component id="oc-cd">
         <name>.debug_abbrev</name>
         <load_address>0x9d7</load_address>
         <run_address>0x9d7</run_address>
         <size>0xf</size>
      </object_component>
      <object_component id="oc-76">
         <name>.debug_aranges</name>
         <load_address>0x0</load_address>
         <run_address>0x0</run_address>
         <size>0x30</size>
         <input_file_ref idref="fl-2"/>
      </object_component>
      <object_component id="oc-51">
         <name>.debug_aranges</name>
         <load_address>0x30</load_address>
         <run_address>0x30</run_address>
         <size>0x28</size>
         <input_file_ref idref="fl-3"/>
      </object_component>
      <object_component id="oc-a0">
         <name>.debug_aranges</name>
         <load_address>0x58</load_address>
         <run_address>0x58</run_address>
         <size>0x30</size>
         <input_file_ref idref="fl-4"/>
      </object_component>
      <object_component id="oc-16">
         <name>.debug_aranges</name>
         <load_address>0x88</load_address>
         <run_address>0x88</run_address>
         <size>0x1c8</size>
         <input_file_ref idref="fl-5"/>
      </object_component>
      <object_component id="oc-20">
         <name>.debug_aranges</name>
         <load_address>0x250</load_address>
         <run_address>0x250</run_address>
         <size>0x20</size>
         <input_file_ref idref="fl-12b"/>
      </object_component>
      <object_component id="oc-3e">
         <name>.debug_aranges</name>
         <load_address>0x270</load_address>
         <run_address>0x270</run_address>
         <size>0x30</size>
         <input_file_ref idref="fl-12c"/>
      </object_component>
      <object_component id="oc-2c">
         <name>.debug_aranges</name>
         <load_address>0x2a0</load_address>
         <run_address>0x2a0</run_address>
         <size>0x20</size>
         <input_file_ref idref="fl-12d"/>
      </object_component>
      <object_component id="oc-84">
         <name>.debug_aranges</name>
         <load_address>0x2c0</load_address>
         <run_address>0x2c0</run_address>
         <size>0x30</size>
         <input_file_ref idref="fl-12f"/>
      </object_component>
      <object_component id="oc-38">
         <name>.debug_aranges</name>
         <load_address>0x2f0</load_address>
         <run_address>0x2f0</run_address>
         <size>0x20</size>
         <input_file_ref idref="fl-130"/>
      </object_component>
      <object_component id="oc-32">
         <name>.debug_aranges</name>
         <load_address>0x310</load_address>
         <run_address>0x310</run_address>
         <size>0x20</size>
         <input_file_ref idref="fl-131"/>
      </object_component>
      <object_component id="oc-49">
         <name>.debug_aranges</name>
         <load_address>0x330</load_address>
         <run_address>0x330</run_address>
         <size>0x20</size>
         <input_file_ref idref="fl-132"/>
      </object_component>
      <object_component id="oc-63">
         <name>.debug_aranges</name>
         <load_address>0x350</load_address>
         <run_address>0x350</run_address>
         <size>0x20</size>
         <input_file_ref idref="fl-133"/>
      </object_component>
      <object_component id="oc-77">
         <name>.debug_pubnames</name>
         <load_address>0x0</load_address>
         <run_address>0x0</run_address>
         <size>0x3a</size>
         <input_file_ref idref="fl-2"/>
      </object_component>
      <object_component id="oc-52">
         <name>.debug_pubnames</name>
         <load_address>0x3a</load_address>
         <run_address>0x3a</run_address>
         <size>0x25</size>
         <input_file_ref idref="fl-3"/>
      </object_component>
      <object_component id="oc-a1">
         <name>.debug_pubnames</name>
         <load_address>0x5f</load_address>
         <run_address>0x5f</run_address>
         <size>0x43</size>
         <input_file_ref idref="fl-4"/>
      </object_component>
      <object_component id="oc-12">
         <name>.debug_pubnames</name>
         <load_address>0xa2</load_address>
         <run_address>0xa2</run_address>
         <size>0x27</size>
         <input_file_ref idref="fl-5"/>
      </object_component>
      <object_component id="oc-17">
         <name>.debug_pubnames</name>
         <load_address>0xc9</load_address>
         <run_address>0xc9</run_address>
         <size>0x474</size>
         <input_file_ref idref="fl-5"/>
      </object_component>
      <object_component id="oc-1f">
         <name>.debug_pubnames</name>
         <load_address>0x53d</load_address>
         <run_address>0x53d</run_address>
         <size>0x1f</size>
         <input_file_ref idref="fl-12b"/>
      </object_component>
      <object_component id="oc-5b">
         <name>.debug_pubnames</name>
         <load_address>0x55c</load_address>
         <run_address>0x55c</run_address>
         <size>0x3a</size>
         <input_file_ref idref="fl-12c"/>
      </object_component>
      <object_component id="oc-3f">
         <name>.debug_pubnames</name>
         <load_address>0x596</load_address>
         <run_address>0x596</run_address>
         <size>0x35</size>
         <input_file_ref idref="fl-12c"/>
      </object_component>
      <object_component id="oc-2d">
         <name>.debug_pubnames</name>
         <load_address>0x5cb</load_address>
         <run_address>0x5cb</run_address>
         <size>0x27</size>
         <input_file_ref idref="fl-12d"/>
      </object_component>
      <object_component id="oc-44">
         <name>.debug_pubnames</name>
         <load_address>0x5f2</load_address>
         <run_address>0x5f2</run_address>
         <size>0x23</size>
         <input_file_ref idref="fl-12e"/>
      </object_component>
      <object_component id="oc-58">
         <name>.debug_pubnames</name>
         <load_address>0x615</load_address>
         <run_address>0x615</run_address>
         <size>0x28</size>
         <input_file_ref idref="fl-12f"/>
      </object_component>
      <object_component id="oc-85">
         <name>.debug_pubnames</name>
         <load_address>0x63d</load_address>
         <run_address>0x63d</run_address>
         <size>0x43</size>
         <input_file_ref idref="fl-12f"/>
      </object_component>
      <object_component id="oc-39">
         <name>.debug_pubnames</name>
         <load_address>0x680</load_address>
         <run_address>0x680</run_address>
         <size>0x21</size>
         <input_file_ref idref="fl-130"/>
      </object_component>
      <object_component id="oc-33">
         <name>.debug_pubnames</name>
         <load_address>0x6a1</load_address>
         <run_address>0x6a1</run_address>
         <size>0x25</size>
         <input_file_ref idref="fl-131"/>
      </object_component>
      <object_component id="oc-4a">
         <name>.debug_pubnames</name>
         <load_address>0x6c6</load_address>
         <run_address>0x6c6</run_address>
         <size>0x1e</size>
         <input_file_ref idref="fl-132"/>
      </object_component>
      <object_component id="oc-65">
         <name>.debug_pubnames</name>
         <load_address>0x6e4</load_address>
         <run_address>0x6e4</run_address>
         <size>0x1d</size>
         <input_file_ref idref="fl-133"/>
      </object_component>
      <object_component id="oc-19">
         <name>.debug_frame</name>
         <load_address>0x0</load_address>
         <run_address>0x0</run_address>
         <size>0x404</size>
         <input_file_ref idref="fl-5"/>
      </object_component>
      <object_component id="oc-41">
         <name>.debug_frame</name>
         <load_address>0x404</load_address>
         <run_address>0x404</run_address>
         <size>0xb3</size>
         <input_file_ref idref="fl-12c"/>
      </object_component>
      <object_component id="oc-2f">
         <name>.debug_frame</name>
         <load_address>0x4b7</load_address>
         <run_address>0x4b7</run_address>
         <size>0x7f</size>
         <input_file_ref idref="fl-12d"/>
      </object_component>
      <object_component id="oc-87">
         <name>.debug_frame</name>
         <load_address>0x536</load_address>
         <run_address>0x536</run_address>
         <size>0xa1</size>
         <input_file_ref idref="fl-12f"/>
      </object_component>
      <object_component id="oc-3b">
         <name>.debug_frame</name>
         <load_address>0x5d7</load_address>
         <run_address>0x5d7</run_address>
         <size>0x7f</size>
         <input_file_ref idref="fl-130"/>
      </object_component>
      <object_component id="oc-35">
         <name>.debug_frame</name>
         <load_address>0x656</load_address>
         <run_address>0x656</run_address>
         <size>0x8a</size>
         <input_file_ref idref="fl-131"/>
      </object_component>
      <object_component id="oc-4c">
         <name>.debug_frame</name>
         <load_address>0x6e0</load_address>
         <run_address>0x6e0</run_address>
         <size>0x8e</size>
         <input_file_ref idref="fl-132"/>
      </object_component>
      <object_component id="oc-29">
         <name>.debug_str</name>
         <load_address>0x0</load_address>
         <run_address>0x0</run_address>
         <size>0xf5</size>
         <input_file_ref idref="fl-5"/>
      </object_component>
      <object_component id="oc-81">
         <name>.debug_str</name>
         <load_address>0xf5</load_address>
         <run_address>0xf5</run_address>
         <size>0xb9</size>
         <input_file_ref idref="fl-130"/>
      </object_component>
      <object_component id="oc-6e">
         <name>.debug_str</name>
         <load_address>0x1ae</load_address>
         <run_address>0x1ae</run_address>
         <size>0xc5</size>
         <input_file_ref idref="fl-131"/>
      </object_component>
      <object_component id="oc-73">
         <name>.debug_str</name>
         <load_address>0x273</load_address>
         <run_address>0x273</run_address>
         <size>0x14f</size>
         <input_file_ref idref="fl-131"/>
      </object_component>
      <object_component id="oc-9c">
         <name>.debug_str</name>
         <load_address>0x3c2</load_address>
         <run_address>0x3c2</run_address>
         <size>0xba</size>
         <input_file_ref idref="fl-132"/>
      </object_component>
      <object_component id="oc-97">
         <name>.debug_str</name>
         <load_address>0x47c</load_address>
         <run_address>0x47c</run_address>
         <size>0xf8</size>
         <input_file_ref idref="fl-132"/>
      </object_component>
      <object_component id="oc-26">
         <name>.debug_pubtypes</name>
         <load_address>0x0</load_address>
         <run_address>0x0</run_address>
         <size>0xed</size>
         <input_file_ref idref="fl-5"/>
      </object_component>
      <object_component id="oc-5e">
         <name>.debug_pubtypes</name>
         <load_address>0xed</load_address>
         <run_address>0xed</run_address>
         <size>0x1f</size>
         <input_file_ref idref="fl-12c"/>
      </object_component>
      <object_component id="oc-8b">
         <name>.debug_pubtypes</name>
         <load_address>0x10c</load_address>
         <run_address>0x10c</run_address>
         <size>0x1f</size>
         <input_file_ref idref="fl-12f"/>
      </object_component>
      <object_component id="oc-7e">
         <name>.debug_pubtypes</name>
         <load_address>0x12b</load_address>
         <run_address>0x12b</run_address>
         <size>0x1b</size>
         <input_file_ref idref="fl-130"/>
      </object_component>
      <object_component id="oc-6b">
         <name>.debug_pubtypes</name>
         <load_address>0x146</load_address>
         <run_address>0x146</run_address>
         <size>0x32</size>
         <input_file_ref idref="fl-131"/>
      </object_component>
      <object_component id="oc-70">
         <name>.debug_pubtypes</name>
         <load_address>0x178</load_address>
         <run_address>0x178</run_address>
         <size>0x50</size>
         <input_file_ref idref="fl-131"/>
      </object_component>
      <object_component id="oc-99">
         <name>.debug_pubtypes</name>
         <load_address>0x1c8</load_address>
         <run_address>0x1c8</run_address>
         <size>0x23</size>
         <input_file_ref idref="fl-132"/>
      </object_component>
      <object_component id="oc-94">
         <name>.debug_pubtypes</name>
         <load_address>0x1eb</load_address>
         <run_address>0x1eb</run_address>
         <size>0x1d</size>
         <input_file_ref idref="fl-132"/>
      </object_component>
   </object_component_list>
   <logical_group_list>
      <logical_group id="lg-4" display="no" color="cyan">
         <name>.intvecs</name>
         <load_address>0x0</load_address>
         <run_address>0x0</run_address>
         <size>0x144</size>
         <contents>
            <object_component_ref idref="oc-10"/>
         </contents>
      </logical_group>
      <logical_group id="lg-5" display="no" color="cyan">
         <name>.text</name>
         <load_address>0x144</load_address>
         <run_address>0x144</run_address>
         <size>0x578</size>
         <contents>
            <object_component_ref idref="oc-4f"/>
            <object_component_ref idref="oc-61"/>
            <object_component_ref idref="oc-14"/>
            <object_component_ref idref="oc-74"/>
            <object_component_ref idref="oc-30"/>
            <object_component_ref idref="oc-1d"/>
            <object_component_ref idref="oc-47"/>
            <object_component_ref idref="oc-9e"/>
            <object_component_ref idref="oc-3c"/>
            <object_component_ref idref="oc-36"/>
            <object_component_ref idref="oc-82"/>
            <object_component_ref idref="oc-2a"/>
         </contents>
      </logical_group>
      <logical_group id="lg-6" display="no" color="cyan">
         <name>.const</name>
         <run_address>0x0</run_address>
         <size>0x0</size>
         <contents>
         </contents>
      </logical_group>
      <logical_group id="lg-7" display="no" color="cyan">
         <name>.cinit</name>
         <run_address>0x0</run_address>
         <size>0x0</size>
         <contents>
         </contents>
      </logical_group>
      <logical_group id="lg-8" display="no" color="cyan">
         <name>.pinit</name>
         <run_address>0x0</run_address>
         <size>0x0</size>
         <contents>
         </contents>
      </logical_group>
      <logical_group id="lg-9" display="no" color="cyan">
         <name>.flashMailbox</name>
         <run_address>0x0</run_address>
         <size>0x0</size>
         <contents>
         </contents>
      </logical_group>
      <logical_group id="lg-a" display="no" color="cyan">
         <name>.vtable</name>
         <run_address>0x0</run_address>
         <size>0x0</size>
         <contents>
         </contents>
      </logical_group>
      <logical_group id="lg-d" display="no" color="cyan">
         <name>.sysmem</name>
         <run_address>0x0</run_address>
         <size>0x0</size>
         <contents>
         </contents>
      </logical_group>
      <logical_group id="lg-e" display="no" color="cyan">
         <name>.stack</name>
         <run_address>0x20010000</run_address>
         <size>0x0</size>
         <contents>
            <object_component_ref idref="oc-13"/>
            <object_component_ref idref="oc-cb"/>
         </contents>
      </logical_group>
      <logical_group id="lg-aa" display="no" color="cyan">
         <name>.TI.noinit</name>
         <run_address>0x0</run_address>
         <size>0x0</size>
         <contents>
         </contents>
      </logical_group>
      <logical_group id="lg-c" display="no" color="cyan">
         <name>.bss</name>
         <run_address>0x0</run_address>
         <size>0x0</size>
         <contents>
         </contents>
      </logical_group>
      <logical_group id="lg-a9" display="no" color="cyan">
         <name>BSS_GROUP</name>
         <run_address>0x0</run_address>
         <size>0x0</size>
         <contents>
            <logical_group_ref idref="lg-aa"/>
            <logical_group_ref idref="lg-c"/>
         </contents>
      </logical_group>
      <logical_group id="lg-ac" display="no" color="cyan">
         <name>.TI.persistent</name>
         <run_address>0x20000000</run_address>
         <size>0x0</size>
         <contents>
         </contents>
      </logical_group>
      <logical_group id="lg-b" display="no" color="cyan">
         <name>.data</name>
         <load_address>0x20000000</load_address>
         <run_address>0x20000000</run_address>
         <size>0x84</size>
         <contents>
            <object_component_ref idref="oc-a7"/>
            <object_component_ref idref="oc-79"/>
            <object_component_ref idref="oc-9d"/>
            <object_component_ref idref="oc-56"/>
            <object_component_ref idref="oc-59"/>
            <object_component_ref idref="oc-42"/>
         </contents>
      </logical_group>
      <logical_group id="lg-ab" display="no" color="cyan">
         <name>DATA_GROUP</name>
         <load_address>0x20000000</load_address>
         <run_address>0x20000000</run_address>
         <size>0x84</size>
         <contents>
            <logical_group_ref idref="lg-ac"/>
            <logical_group_ref idref="lg-b"/>
         </contents>
      </logical_group>
      <logical_group id="lg-ba" display="never" color="cyan">
         <name>.debug_info</name>
         <load_address>0x0</load_address>
         <run_address>0x0</run_address>
         <size>0x3890</size>
         <contents>
            <object_component_ref idref="oc-75"/>
            <object_component_ref idref="oc-50"/>
            <object_component_ref idref="oc-9f"/>
            <object_component_ref idref="oc-1c"/>
            <object_component_ref idref="oc-11"/>
            <object_component_ref idref="oc-15"/>
            <object_component_ref idref="oc-25"/>
            <object_component_ref idref="oc-1e"/>
            <object_component_ref idref="oc-5d"/>
            <object_component_ref idref="oc-5a"/>
            <object_component_ref idref="oc-3d"/>
            <object_component_ref idref="oc-2b"/>
            <object_component_ref idref="oc-43"/>
            <object_component_ref idref="oc-8a"/>
            <object_component_ref idref="oc-57"/>
            <object_component_ref idref="oc-83"/>
            <object_component_ref idref="oc-55"/>
            <object_component_ref idref="oc-37"/>
            <object_component_ref idref="oc-7d"/>
            <object_component_ref idref="oc-4e"/>
            <object_component_ref idref="oc-31"/>
            <object_component_ref idref="oc-6a"/>
            <object_component_ref idref="oc-6f"/>
            <object_component_ref idref="oc-67"/>
            <object_component_ref idref="oc-48"/>
            <object_component_ref idref="oc-98"/>
            <object_component_ref idref="oc-93"/>
            <object_component_ref idref="oc-64"/>
            <object_component_ref idref="oc-cc"/>
         </contents>
      </logical_group>
      <logical_group id="lg-bc" display="never" color="cyan">
         <name>.debug_line</name>
         <load_address>0x0</load_address>
         <run_address>0x0</run_address>
         <size>0xebd</size>
         <contents>
            <object_component_ref idref="oc-78"/>
            <object_component_ref idref="oc-53"/>
            <object_component_ref idref="oc-a2"/>
            <object_component_ref idref="oc-24"/>
            <object_component_ref idref="oc-1b"/>
            <object_component_ref idref="oc-18"/>
            <object_component_ref idref="oc-28"/>
            <object_component_ref idref="oc-21"/>
            <object_component_ref idref="oc-8f"/>
            <object_component_ref idref="oc-8d"/>
            <object_component_ref idref="oc-40"/>
            <object_component_ref idref="oc-2e"/>
            <object_component_ref idref="oc-60"/>
            <object_component_ref idref="oc-a6"/>
            <object_component_ref idref="oc-89"/>
            <object_component_ref idref="oc-86"/>
            <object_component_ref idref="oc-7c"/>
            <object_component_ref idref="oc-3a"/>
            <object_component_ref idref="oc-80"/>
            <object_component_ref idref="oc-69"/>
            <object_component_ref idref="oc-34"/>
            <object_component_ref idref="oc-6d"/>
            <object_component_ref idref="oc-72"/>
            <object_component_ref idref="oc-92"/>
            <object_component_ref idref="oc-4b"/>
            <object_component_ref idref="oc-9b"/>
            <object_component_ref idref="oc-96"/>
            <object_component_ref idref="oc-62"/>
         </contents>
      </logical_group>
      <logical_group id="lg-be" display="never" color="cyan">
         <name>.debug_abbrev</name>
         <load_address>0x0</load_address>
         <run_address>0x0</run_address>
         <size>0x9e6</size>
         <contents>
            <object_component_ref idref="oc-a3"/>
            <object_component_ref idref="oc-7a"/>
            <object_component_ref idref="oc-a8"/>
            <object_component_ref idref="oc-23"/>
            <object_component_ref idref="oc-1a"/>
            <object_component_ref idref="oc-22"/>
            <object_component_ref idref="oc-27"/>
            <object_component_ref idref="oc-45"/>
            <object_component_ref idref="oc-8e"/>
            <object_component_ref idref="oc-8c"/>
            <object_component_ref idref="oc-5c"/>
            <object_component_ref idref="oc-46"/>
            <object_component_ref idref="oc-5f"/>
            <object_component_ref idref="oc-a5"/>
            <object_component_ref idref="oc-88"/>
            <object_component_ref idref="oc-a4"/>
            <object_component_ref idref="oc-7b"/>
            <object_component_ref idref="oc-54"/>
            <object_component_ref idref="oc-7f"/>
            <object_component_ref idref="oc-68"/>
            <object_component_ref idref="oc-4d"/>
            <object_component_ref idref="oc-6c"/>
            <object_component_ref idref="oc-71"/>
            <object_component_ref idref="oc-91"/>
            <object_component_ref idref="oc-66"/>
            <object_component_ref idref="oc-9a"/>
            <object_component_ref idref="oc-95"/>
            <object_component_ref idref="oc-90"/>
            <object_component_ref idref="oc-cd"/>
         </contents>
      </logical_group>
      <logical_group id="lg-c0" display="never" color="cyan">
         <name>.debug_aranges</name>
         <load_address>0x0</load_address>
         <run_address>0x0</run_address>
         <size>0x370</size>
         <contents>
            <object_component_ref idref="oc-76"/>
            <object_component_ref idref="oc-51"/>
            <object_component_ref idref="oc-a0"/>
            <object_component_ref idref="oc-16"/>
            <object_component_ref idref="oc-20"/>
            <object_component_ref idref="oc-3e"/>
            <object_component_ref idref="oc-2c"/>
            <object_component_ref idref="oc-84"/>
            <object_component_ref idref="oc-38"/>
            <object_component_ref idref="oc-32"/>
            <object_component_ref idref="oc-49"/>
            <object_component_ref idref="oc-63"/>
         </contents>
      </logical_group>
      <logical_group id="lg-c2" display="never" color="cyan">
         <name>.debug_pubnames</name>
         <load_address>0x0</load_address>
         <run_address>0x0</run_address>
         <size>0x701</size>
         <contents>
            <object_component_ref idref="oc-77"/>
            <object_component_ref idref="oc-52"/>
            <object_component_ref idref="oc-a1"/>
            <object_component_ref idref="oc-12"/>
            <object_component_ref idref="oc-17"/>
            <object_component_ref idref="oc-1f"/>
            <object_component_ref idref="oc-5b"/>
            <object_component_ref idref="oc-3f"/>
            <object_component_ref idref="oc-2d"/>
            <object_component_ref idref="oc-44"/>
            <object_component_ref idref="oc-58"/>
            <object_component_ref idref="oc-85"/>
            <object_component_ref idref="oc-39"/>
            <object_component_ref idref="oc-33"/>
            <object_component_ref idref="oc-4a"/>
            <object_component_ref idref="oc-65"/>
         </contents>
      </logical_group>
      <logical_group id="lg-c4" display="never" color="cyan">
         <name>.debug_frame</name>
         <load_address>0x0</load_address>
         <run_address>0x0</run_address>
         <size>0x76e</size>
         <contents>
            <object_component_ref idref="oc-19"/>
            <object_component_ref idref="oc-41"/>
            <object_component_ref idref="oc-2f"/>
            <object_component_ref idref="oc-87"/>
            <object_component_ref idref="oc-3b"/>
            <object_component_ref idref="oc-35"/>
            <object_component_ref idref="oc-4c"/>
         </contents>
      </logical_group>
      <logical_group id="lg-c6" display="never" color="cyan">
         <name>.debug_str</name>
         <load_address>0x0</load_address>
         <run_address>0x0</run_address>
         <size>0x574</size>
         <contents>
            <object_component_ref idref="oc-29"/>
            <object_component_ref idref="oc-81"/>
            <object_component_ref idref="oc-6e"/>
            <object_component_ref idref="oc-73"/>
            <object_component_ref idref="oc-9c"/>
            <object_component_ref idref="oc-97"/>
         </contents>
      </logical_group>
      <logical_group id="lg-c8" display="never" color="cyan">
         <name>.debug_pubtypes</name>
         <load_address>0x0</load_address>
         <run_address>0x0</run_address>
         <size>0x208</size>
         <contents>
            <object_component_ref idref="oc-26"/>
            <object_component_ref idref="oc-5e"/>
            <object_component_ref idref="oc-8b"/>
            <object_component_ref idref="oc-7e"/>
            <object_component_ref idref="oc-6b"/>
            <object_component_ref idref="oc-70"/>
            <object_component_ref idref="oc-99"/>
            <object_component_ref idref="oc-94"/>
         </contents>
      </logical_group>
      <load_segment id="lg-d0" display="no" color="cyan">
         <name>SEGMENT_0</name>
         <load_address>0x0</load_address>
         <run_address>0x0</run_address>
         <size>0x6bc</size>
         <flags>0x5</flags>
         <contents>
            <logical_group_ref idref="lg-4"/>
            <logical_group_ref idref="lg-5"/>
         </contents>
      </load_segment>
      <load_segment id="lg-d1" display="no" color="cyan">
         <name>SEGMENT_1</name>
         <load_address>0x20000000</load_address>
         <run_address>0x20000000</run_address>
         <size>0x84</size>
         <flags>0x6</flags>
         <contents>
            <logical_group_ref idref="lg-b"/>
         </contents>
      </load_segment>
   </logical_group_list>
   <placement_map>
      <memory_area display="yes" color="green">
         <name>MAIN</name>
         <page_id>0x0</page_id>
         <origin>0x0</origin>
         <length>0x40000</length>
         <used_space>0x6bc</used_space>
         <unused_space>0x3f944</unused_space>
         <attributes>RX</attributes>
         <usage_details>
            <allocated_space>
               <start_address>0x0</start_address>
               <size>0x144</size>
               <logical_group_ref idref="lg-4"/>
            </allocated_space>
            <allocated_space>
               <start_address>0x144</start_address>
               <size>0x578</size>
               <logical_group_ref idref="lg-5"/>
            </allocated_space>
            <available_space>
               <start_address>0x6bc</start_address>
               <size>0x3f944</size>
            </available_space>
         </usage_details>
      </memory_area>
      <memory_area display="yes" color="green">
         <name>INFO</name>
         <page_id>0x0</page_id>
         <origin>0x200000</origin>
         <length>0x4000</length>
         <used_space>0x0</used_space>
         <unused_space>0x4000</unused_space>
         <attributes>RX</attributes>
         <usage_details>
         </usage_details>
      </memory_area>
      <memory_area display="yes" color="green">
         <name>SRAM_CODE</name>
         <page_id>0x0</page_id>
         <origin>0x1000000</origin>
         <length>0x10000</length>
         <used_space>0x0</used_space>
         <unused_space>0x10000</unused_space>
         <attributes>RWX</attributes>
         <usage_details>
         </usage_details>
      </memory_area>
      <memory_area display="yes" color="green">
         <name>SRAM_DATA</name>
         <page_id>0x0</page_id>
         <origin>0x20000000</origin>
         <length>0x10000</length>
         <used_space>0x84</used_space>
         <unused_space>0xff7c</unused_space>
         <attributes>RW</attributes>
         <usage_details>
            <allocated_space>
               <start_address>0x20000000</start_address>
               <size>0x84</size>
               <logical_group_ref idref="lg-ab"/>
            </allocated_space>
            <available_space>
               <start_address>0x20000084</start_address>
               <size>0xff7c</size>
            </available_space>
            <allocated_space>
               <start_address>0x20010000</start_address>
               <size>0x0</size>
               <logical_group_ref idref="lg-e"/>
            </allocated_space>
         </usage_details>
      </memory_area>
   </placement_map>
   <symbol_table>
      <symbol id="sm-1">
         <name>WDTCTL_SYM</name>
         <value>0x4000480c</value>
      </symbol>
      <symbol id="sm-2">
         <name>binit</name>
         <value>0xffffffff</value>
      </symbol>
      <symbol id="sm-3">
         <name>__binit__</name>
         <value>0xffffffff</value>
      </symbol>
      <symbol id="sm-4">
         <name>__STACK_SIZE</name>
         <value>0x0</value>
      </symbol>
      <symbol id="sm-5">
         <name>__STACK_END</name>
         <value>0x20010000</value>
      </symbol>
      <symbol id="sm-6">
         <name>__c_args__</name>
         <value>0xffffffff</value>
      </symbol>
      <symbol id="sm-7">
         <name>__TI_static_base__</name>
         <value>0x0</value>
      </symbol>
      <symbol id="sm-36">
         <name>Fifo_Put</name>
         <value>0x491</value>
         <object_component_ref idref="oc-74"/>
      </symbol>
      <symbol id="sm-37">
         <name>Fifo_Get</name>
         <value>0x4c7</value>
         <object_component_ref idref="oc-74"/>
      </symbol>
      <symbol id="sm-38">
         <name>Fifo_Init</name>
         <value>0x479</value>
         <object_component_ref idref="oc-74"/>
      </symbol>
      <symbol id="sm-6f">
         <name>main</name>
         <value>0x151</value>
         <object_component_ref idref="oc-4f"/>
      </symbol>
      <symbol id="sm-85">
         <name>Heap_Init</name>
         <value>0x601</value>
         <object_component_ref idref="oc-9e"/>
      </symbol>
      <symbol id="sm-86">
         <name>Heap_Allocate</name>
         <value>0x62d</value>
         <object_component_ref idref="oc-9e"/>
      </symbol>
      <symbol id="sm-87">
         <name>Heap_Release</name>
         <value>0x63d</value>
         <object_component_ref idref="oc-9e"/>
      </symbol>
      <symbol id="sm-10c">
         <name>T32_INT2_IRQHandler</name>
         <value>0x42d</value>
         <object_component_ref idref="oc-14"/>
      </symbol>
      <symbol id="sm-10d">
         <name>PendSV_Handler</name>
         <value>0x3f5</value>
         <object_component_ref idref="oc-14"/>
      </symbol>
      <symbol id="sm-10e">
         <name>SysTick_Handler</name>
         <value>0x3f7</value>
         <object_component_ref idref="oc-14"/>
      </symbol>
      <symbol id="sm-10f">
         <name>EUSCIA3_IRQHandler</name>
         <value>0x41f</value>
         <object_component_ref idref="oc-14"/>
      </symbol>
      <symbol id="sm-110">
         <name>SVC_Handler</name>
         <value>0x3f1</value>
         <object_component_ref idref="oc-14"/>
      </symbol>
      <symbol id="sm-111">
         <name>EUSCIB1_IRQHandler</name>
         <value>0x423</value>
         <object_component_ref idref="oc-14"/>
      </symbol>
      <symbol id="sm-112">
         <name>PORT4_IRQHandler</name>
         <value>0x445</value>
         <object_component_ref idref="oc-14"/>
      </symbol>
      <symbol id="sm-113">
         <name>AES256_IRQHandler</name>
         <value>0x431</value>
         <object_component_ref idref="oc-14"/>
      </symbol>
      <symbol id="sm-114">
         <name>FPU_IRQHandler</name>
         <value>0x401</value>
         <object_component_ref idref="oc-14"/>
      </symbol>
      <symbol id="sm-115">
         <name>EUSCIB2_IRQHandler</name>
         <value>0x425</value>
         <object_component_ref idref="oc-14"/>
      </symbol>
      <symbol id="sm-116">
         <name>PORT1_IRQHandler</name>
         <value>0x43f</value>
         <object_component_ref idref="oc-14"/>
      </symbol>
      <symbol id="sm-117">
         <name>RTC_C_IRQHandler</name>
         <value>0x433</value>
         <object_component_ref idref="oc-14"/>
      </symbol>
      <symbol id="sm-118">
         <name>TA2_0_IRQHandler</name>
         <value>0x411</value>
         <object_component_ref idref="oc-14"/>
      </symbol>
      <symbol id="sm-119">
         <name>TA3_N_IRQHandler</name>
         <value>0x417</value>
         <object_component_ref idref="oc-14"/>
      </symbol>
      <symbol id="sm-11a">
         <name>DMA_INT3_IRQHandler</name>
         <value>0x437</value>
         <object_component_ref idref="oc-14"/>
      </symbol>
      <symbol id="sm-11b">
         <name>PORT2_IRQHandler</name>
         <value>0x441</value>
         <object_component_ref idref="oc-14"/>
      </symbol>
      <symbol id="sm-11c">
         <name>StartCritical</name>
         <value>0x457</value>
         <object_component_ref idref="oc-14"/>
      </symbol>
      <symbol id="sm-11d">
         <name>TA0_0_IRQHandler</name>
         <value>0x409</value>
         <object_component_ref idref="oc-14"/>
      </symbol>
      <symbol id="sm-11e">
         <name>PSS_IRQHandler</name>
         <value>0x3f9</value>
         <object_component_ref idref="oc-14"/>
      </symbol>
      <symbol id="sm-11f">
         <name>TA1_N_IRQHandler</name>
         <value>0x40f</value>
         <object_component_ref idref="oc-14"/>
      </symbol>
      <symbol id="sm-120">
         <name>EUSCIA1_IRQHandler</name>
         <value>0x41b</value>
         <object_component_ref idref="oc-14"/>
      </symbol>
      <symbol id="sm-121">
         <name>EUSCIA2_IRQHandler</name>
         <value>0x41d</value>
         <object_component_ref idref="oc-14"/>
      </symbol>
      <symbol id="sm-122">
         <name>COMP_E0_IRQHandler</name>
         <value>0x405</value>
         <object_component_ref idref="oc-14"/>
      </symbol>
      <symbol id="sm-123">
         <name>WDT_A_IRQHandler</name>
         <value>0x3ff</value>
         <object_component_ref idref="oc-14"/>
      </symbol>
      <symbol id="sm-124">
         <name>EUSCIB0_IRQHandler</name>
         <value>0x421</value>
         <object_component_ref idref="oc-14"/>
      </symbol>
      <symbol id="sm-125">
         <name>FLCTL_IRQHandler</name>
         <value>0x403</value>
         <object_component_ref idref="oc-14"/>
      </symbol>
      <symbol id="sm-126">
         <name>EndCritical</name>
         <value>0x461</value>
         <object_component_ref idref="oc-14"/>
      </symbol>
      <symbol id="sm-127">
         <name>DMA_INT1_IRQHandler</name>
         <value>0x43b</value>
         <object_component_ref idref="oc-14"/>
      </symbol>
      <symbol id="sm-128">
         <name>PCM_IRQHandler</name>
         <value>0x3fd</value>
         <object_component_ref idref="oc-14"/>
      </symbol>
      <symbol id="sm-129">
         <name>ADC14_IRQHandler</name>
         <value>0x429</value>
         <object_component_ref idref="oc-14"/>
      </symbol>
      <symbol id="sm-12a">
         <name>T32_INTC_IRQHandler</name>
         <value>0x42f</value>
         <object_component_ref idref="oc-14"/>
      </symbol>
      <symbol id="sm-12b">
         <name>DMA_INT2_IRQHandler</name>
         <value>0x439</value>
         <object_component_ref idref="oc-14"/>
      </symbol>
      <symbol id="sm-12c">
         <name>TA3_0_IRQHandler</name>
         <value>0x415</value>
         <object_component_ref idref="oc-14"/>
      </symbol>
      <symbol id="sm-12d">
         <name>EUSCIA0_IRQHandler</name>
         <value>0x419</value>
         <object_component_ref idref="oc-14"/>
      </symbol>
      <symbol id="sm-12e">
         <name>DMA_ERR_IRQHandler</name>
         <value>0x435</value>
         <object_component_ref idref="oc-14"/>
      </symbol>
      <symbol id="sm-12f">
         <name>DisableInterrupts</name>
         <value>0x44b</value>
         <object_component_ref idref="oc-14"/>
      </symbol>
      <symbol id="sm-130">
         <name>PORT5_IRQHandler</name>
         <value>0x447</value>
         <object_component_ref idref="oc-14"/>
      </symbol>
      <symbol id="sm-131">
         <name>TA1_0_IRQHandler</name>
         <value>0x40d</value>
         <object_component_ref idref="oc-14"/>
      </symbol>
      <symbol id="sm-132">
         <name>TA2_N_IRQHandler</name>
         <value>0x413</value>
         <object_component_ref idref="oc-14"/>
      </symbol>
      <symbol id="sm-133">
         <name>COMP_E1_IRQHandler</name>
         <value>0x407</value>
         <object_component_ref idref="oc-14"/>
      </symbol>
      <symbol id="sm-134">
         <name>EUSCIB3_IRQHandler</name>
         <value>0x427</value>
         <object_component_ref idref="oc-14"/>
      </symbol>
      <symbol id="sm-135">
         <name>WaitForInterrupt</name>
         <value>0x469</value>
         <object_component_ref idref="oc-14"/>
      </symbol>
      <symbol id="sm-136">
         <name>interruptVectors</name>
         <value>0x0</value>
         <object_component_ref idref="oc-10"/>
      </symbol>
      <symbol id="sm-137">
         <name>EnableInterrupts</name>
         <value>0x451</value>
         <object_component_ref idref="oc-14"/>
      </symbol>
      <symbol id="sm-138">
         <name>PORT6_IRQHandler</name>
         <value>0x449</value>
         <object_component_ref idref="oc-14"/>
      </symbol>
      <symbol id="sm-139">
         <name>TA0_N_IRQHandler</name>
         <value>0x40b</value>
         <object_component_ref idref="oc-14"/>
      </symbol>
      <symbol id="sm-13a">
         <name>T32_INT1_IRQHandler</name>
         <value>0x42b</value>
         <object_component_ref idref="oc-14"/>
      </symbol>
      <symbol id="sm-13b">
         <name>DebugMon_Handler</name>
         <value>0x3f3</value>
         <object_component_ref idref="oc-14"/>
      </symbol>
      <symbol id="sm-13c">
         <name>DMA_INT0_IRQHandler</name>
         <value>0x43d</value>
         <object_component_ref idref="oc-14"/>
      </symbol>
      <symbol id="sm-13d">
         <name>PORT3_IRQHandler</name>
         <value>0x443</value>
         <object_component_ref idref="oc-14"/>
      </symbol>
      <symbol id="sm-13e">
         <name>CS_IRQHandler</name>
         <value>0x3fb</value>
         <object_component_ref idref="oc-14"/>
      </symbol>
      <symbol id="sm-151">
         <name>_c_int00</name>
         <value>0x565</value>
         <object_component_ref idref="oc-1d"/>
      </symbol>
      <symbol id="sm-152">
         <name>__stack</name>
         <value>0x20010000</value>
         <object_component_ref idref="oc-13"/>
      </symbol>
      <symbol id="sm-171">
         <name>C$$EXIT</name>
         <value>0x649</value>
         <object_component_ref idref="oc-3c"/>
      </symbol>
      <symbol id="sm-172">
         <name>abort</name>
         <value>0x64d</value>
         <object_component_ref idref="oc-3c"/>
      </symbol>
      <symbol id="sm-173">
         <name>exit</name>
         <value>0x655</value>
         <object_component_ref idref="oc-3c"/>
      </symbol>
      <symbol id="sm-174">
         <name>__TI_dtors_ptr</name>
         <value>0x2000007c</value>
         <object_component_ref idref="oc-59"/>
      </symbol>
      <symbol id="sm-175">
         <name>__TI_cleanup_ptr</name>
         <value>0x20000078</value>
         <object_component_ref idref="oc-59"/>
      </symbol>
      <symbol id="sm-17f">
         <name>_system_pre_init</name>
         <value>0x6b9</value>
         <object_component_ref idref="oc-2a"/>
      </symbol>
      <symbol id="sm-187">
         <name>main_func_sp</name>
         <value>0x20000080</value>
         <object_component_ref idref="oc-42"/>
      </symbol>
      <symbol id="sm-1a0">
         <name>_nop</name>
         <value>0x6b3</value>
         <object_component_ref idref="oc-82"/>
      </symbol>
      <symbol id="sm-1a1">
         <name>_lock</name>
         <value>0x20000070</value>
         <object_component_ref idref="oc-56"/>
      </symbol>
      <symbol id="sm-1a2">
         <name>_unlock</name>
         <value>0x20000074</value>
         <object_component_ref idref="oc-56"/>
      </symbol>
      <symbol id="sm-1a3">
         <name>_register_lock</name>
         <value>0x6ab</value>
         <object_component_ref idref="oc-82"/>
      </symbol>
      <symbol id="sm-1a4">
         <name>_register_unlock</name>
         <value>0x6a5</value>
         <object_component_ref idref="oc-82"/>
      </symbol>
      <symbol id="sm-1b9">
         <name>_args_main</name>
         <value>0x68d</value>
         <object_component_ref idref="oc-36"/>
      </symbol>
      <symbol id="sm-1df">
         <name>__TI_auto_init</name>
         <value>0x4f9</value>
         <object_component_ref idref="oc-30"/>
      </symbol>
      <symbol id="sm-1fe">
         <name>copy_in</name>
         <value>0x5b5</value>
         <object_component_ref idref="oc-47"/>
      </symbol>
      <symbol id="sm-219">
         <name>memcpy</name>
         <value>0x339</value>
         <object_component_ref idref="oc-61"/>
      </symbol>
      <symbol id="sm-21a">
         <name>__aeabi_memcpy</name>
         <value>0x339</value>
         <object_component_ref idref="oc-61"/>
      </symbol>
      <symbol id="sm-21b">
         <name>__aeabi_memcpy8</name>
         <value>0x339</value>
         <object_component_ref idref="oc-61"/>
      </symbol>
      <symbol id="sm-21c">
         <name>__aeabi_memcpy4</name>
         <value>0x339</value>
         <object_component_ref idref="oc-61"/>
      </symbol>
      <symbol id="sm-21d">
         <name>__TI_Handler_Table_Base</name>
         <value>0x0</value>
      </symbol>
      <symbol id="sm-21e">
         <name>__TI_Handler_Table_Limit</name>
         <value>0x0</value>
      </symbol>
      <symbol id="sm-21f">
         <name>__TI_CINIT_Limit</name>
         <value>0x0</value>
      </symbol>
      <symbol id="sm-220">
         <name>__TI_CINIT_Base</name>
         <value>0x0</value>
      </symbol>
      <symbol id="sm-221">
         <name>SHT$$INIT_ARRAY$$Limit</name>
         <value>0x0</value>
      </symbol>
      <symbol id="sm-222">
         <name>SHT$$INIT_ARRAY$$Base</name>
         <value>0x0</value>
      </symbol>
   </symbol_table>
   <title>Link successful</title>
</link_info>
