<?xml version="1.0"?>
<link_info>
   <banner>TI ARM Linker PC v5.2.4</banner>
   <copyright>Copyright (c) 1996-2015 Texas Instruments Incorporated</copyright>
   <link_time>0x575f2079</link_time>
   <link_errors>0x0</link_errors>
   <output_file>GPIO_MSP432.out</output_file>
   <entry_point>
      <name>_c_int00</name>
      <address>0x501</address>
   </entry_point>
   <input_file_list>
      <input_file id="fl-2">
         <path>.\</path>
         <kind>object</kind>
         <file>GPIO.obj</file>
         <name>GPIO.obj</name>
      </input_file>
      <input_file id="fl-3">
         <path>.\</path>
         <kind>object</kind>
         <file>SysTick.obj</file>
         <name>SysTick.obj</name>
      </input_file>
      <input_file id="fl-4">
         <path>.\</path>
         <kind>object</kind>
         <file>msp432_startup_ccs.obj</file>
         <name>msp432_startup_ccs.obj</name>
      </input_file>
      <input_file id="fl-12a">
         <path>C:\ti\ccsv6\tools\compiler\ti-cgt-arm_5.2.4\lib\</path>
         <kind>archive</kind>
         <file>rtsv7M4_T_le_v4SPD16_eabi.lib</file>
         <name>boot.obj</name>
      </input_file>
      <input_file id="fl-12b">
         <path>C:\ti\ccsv6\tools\compiler\ti-cgt-arm_5.2.4\lib\</path>
         <kind>archive</kind>
         <file>rtsv7M4_T_le_v4SPD16_eabi.lib</file>
         <name>copy_decompress_none.obj</name>
      </input_file>
      <input_file id="fl-12c">
         <path>C:\ti\ccsv6\tools\compiler\ti-cgt-arm_5.2.4\lib\</path>
         <kind>archive</kind>
         <file>rtsv7M4_T_le_v4SPD16_eabi.lib</file>
         <name>copy_decompress_rle.obj</name>
      </input_file>
      <input_file id="fl-12d">
         <path>C:\ti\ccsv6\tools\compiler\ti-cgt-arm_5.2.4\lib\</path>
         <kind>archive</kind>
         <file>rtsv7M4_T_le_v4SPD16_eabi.lib</file>
         <name>copy_zero_init.obj</name>
      </input_file>
      <input_file id="fl-12e">
         <path>C:\ti\ccsv6\tools\compiler\ti-cgt-arm_5.2.4\lib\</path>
         <kind>archive</kind>
         <file>rtsv7M4_T_le_v4SPD16_eabi.lib</file>
         <name>exit.obj</name>
      </input_file>
      <input_file id="fl-12f">
         <path>C:\ti\ccsv6\tools\compiler\ti-cgt-arm_5.2.4\lib\</path>
         <kind>archive</kind>
         <file>rtsv7M4_T_le_v4SPD16_eabi.lib</file>
         <name>memcpy_t2.obj</name>
      </input_file>
      <input_file id="fl-130">
         <path>C:\ti\ccsv6\tools\compiler\ti-cgt-arm_5.2.4\lib\</path>
         <kind>archive</kind>
         <file>rtsv7M4_T_le_v4SPD16_eabi.lib</file>
         <name>memset_t2.obj</name>
      </input_file>
      <input_file id="fl-131">
         <path>C:\ti\ccsv6\tools\compiler\ti-cgt-arm_5.2.4\lib\</path>
         <kind>archive</kind>
         <file>rtsv7M4_T_le_v4SPD16_eabi.lib</file>
         <name>pre_init.obj</name>
      </input_file>
      <input_file id="fl-132">
         <path>C:\ti\ccsv6\tools\compiler\ti-cgt-arm_5.2.4\lib\</path>
         <kind>archive</kind>
         <file>rtsv7M4_T_le_v4SPD16_eabi.lib</file>
         <name>stkdepth_vars.obj</name>
      </input_file>
      <input_file id="fl-133">
         <path>C:\ti\ccsv6\tools\compiler\ti-cgt-arm_5.2.4\lib\</path>
         <kind>archive</kind>
         <file>rtsv7M4_T_le_v4SPD16_eabi.lib</file>
         <name>_lock.obj</name>
      </input_file>
      <input_file id="fl-134">
         <path>C:\ti\ccsv6\tools\compiler\ti-cgt-arm_5.2.4\lib\</path>
         <kind>archive</kind>
         <file>rtsv7M4_T_le_v4SPD16_eabi.lib</file>
         <name>args_main.obj</name>
      </input_file>
      <input_file id="fl-135">
         <path>C:\ti\ccsv6\tools\compiler\ti-cgt-arm_5.2.4\lib\</path>
         <kind>archive</kind>
         <file>rtsv7M4_T_le_v4SPD16_eabi.lib</file>
         <name>autoinit.obj</name>
      </input_file>
      <input_file id="fl-136">
         <path>C:\ti\ccsv6\tools\compiler\ti-cgt-arm_5.2.4\lib\</path>
         <kind>archive</kind>
         <file>rtsv7M4_T_le_v4SPD16_eabi.lib</file>
         <name>cpy_tbl.obj</name>
      </input_file>
   </input_file_list>
   <object_component_list>
      <object_component id="oc-10">
         <name>.intvecs</name>
         <load_address>0x0</load_address>
         <run_address>0x0</run_address>
         <size>0x144</size>
         <input_file_ref idref="fl-4"/>
      </object_component>
      <object_component id="oc-99">
         <name>.text</name>
         <load_address>0x144</load_address>
         <run_address>0x144</run_address>
         <size>0xbc</size>
         <input_file_ref idref="fl-2"/>
      </object_component>
      <object_component id="oc-34">
         <name>.text</name>
         <load_address>0x200</load_address>
         <run_address>0x200</run_address>
         <size>0x9c</size>
         <input_file_ref idref="fl-12f"/>
      </object_component>
      <object_component id="oc-2b">
         <name>.text</name>
         <load_address>0x29c</load_address>
         <run_address>0x29c</run_address>
         <size>0x9a</size>
         <input_file_ref idref="fl-4"/>
      </object_component>
      <object_component id="oc-4d">
         <name>.text</name>
         <load_address>0x336</load_address>
         <run_address>0x336</run_address>
         <size>0x7a</size>
         <input_file_ref idref="fl-130"/>
      </object_component>
      <object_component id="oc-ba">
         <name>.text</name>
         <load_address>0x3b0</load_address>
         <run_address>0x3b0</run_address>
         <size>0x78</size>
         <input_file_ref idref="fl-3"/>
      </object_component>
      <object_component id="oc-5f">
         <name>.text</name>
         <load_address>0x428</load_address>
         <run_address>0x428</run_address>
         <size>0x6c</size>
         <input_file_ref idref="fl-135"/>
      </object_component>
      <object_component id="oc-40">
         <name>.text</name>
         <load_address>0x494</load_address>
         <run_address>0x494</run_address>
         <size>0x6a</size>
         <input_file_ref idref="fl-12c"/>
      </object_component>
      <object_component id="oc-25">
         <name>.text</name>
         <load_address>0x500</load_address>
         <run_address>0x500</run_address>
         <size>0x50</size>
         <input_file_ref idref="fl-12a"/>
      </object_component>
      <object_component id="oc-91">
         <name>.text</name>
         <load_address>0x550</load_address>
         <run_address>0x550</run_address>
         <size>0x4c</size>
         <input_file_ref idref="fl-136"/>
      </object_component>
      <object_component id="oc-6b">
         <name>.text</name>
         <load_address>0x59c</load_address>
         <run_address>0x59c</run_address>
         <size>0x44</size>
         <input_file_ref idref="fl-12e"/>
      </object_component>
      <object_component id="oc-65">
         <name>.text</name>
         <load_address>0x5e0</load_address>
         <run_address>0x5e0</run_address>
         <size>0x18</size>
         <input_file_ref idref="fl-134"/>
      </object_component>
      <object_component id="oc-cd">
         <name>.text</name>
         <load_address>0x5f8</load_address>
         <run_address>0x5f8</run_address>
         <size>0x14</size>
         <input_file_ref idref="fl-133"/>
      </object_component>
      <object_component id="oc-13">
         <name>.text:decompress:none</name>
         <load_address>0x60c</load_address>
         <run_address>0x60c</run_address>
         <size>0xe</size>
         <input_file_ref idref="fl-12b"/>
      </object_component>
      <object_component id="oc-19">
         <name>.text:decompress:rle24</name>
         <load_address>0x61a</load_address>
         <run_address>0x61a</run_address>
         <size>0x6</size>
         <input_file_ref idref="fl-12c"/>
      </object_component>
      <object_component id="oc-59">
         <name>.text</name>
         <load_address>0x620</load_address>
         <run_address>0x620</run_address>
         <size>0x4</size>
         <input_file_ref idref="fl-131"/>
      </object_component>
      <object_component id="oc-109">
         <name>.cinit..data.load</name>
         <load_address>0x628</load_address>
         <run_address>0x628</run_address>
         <size>0xf</size>
      </object_component>
      <object_component id="oc-107">
         <name>__TI_handler_table</name>
         <load_address>0x638</load_address>
         <run_address>0x638</run_address>
         <size>0x8</size>
      </object_component>
      <object_component id="oc-108">
         <name>__TI_cinit_table</name>
         <load_address>0x640</load_address>
         <run_address>0x640</run_address>
         <size>0x8</size>
      </object_component>
      <object_component id="oc-2a">
         <name>.stack</name>
         <uninitialized>true</uninitialized>
         <run_address>0x2000fe00</run_address>
         <size>0x0</size>
         <input_file_ref idref="fl-12a"/>
      </object_component>
      <object_component id="oc-10a">
         <name>.stack</name>
         <uninitialized>true</uninitialized>
         <run_address>0x2000fe00</run_address>
         <size>0x0</size>
      </object_component>
      <object_component id="oc-a4">
         <name>.data</name>
         <load_address>0x20000008</load_address>
         <run_address>0x20000008</run_address>
         <size>0x8</size>
         <input_file_ref idref="fl-12e"/>
      </object_component>
      <object_component id="oc-71">
         <name>.data</name>
         <load_address>0x20000010</load_address>
         <run_address>0x20000010</run_address>
         <size>0x4</size>
         <input_file_ref idref="fl-132"/>
      </object_component>
      <object_component id="oc-a1">
         <name>.data</name>
         <load_address>0x20000000</load_address>
         <run_address>0x20000000</run_address>
         <size>0x8</size>
         <input_file_ref idref="fl-133"/>
      </object_component>
      <object_component id="oc-9a">
         <name>.debug_info</name>
         <load_address>0x0</load_address>
         <run_address>0x0</run_address>
         <size>0x236</size>
         <input_file_ref idref="fl-2"/>
      </object_component>
      <object_component id="oc-78">
         <name>.debug_info</name>
         <load_address>0x236</load_address>
         <run_address>0x236</run_address>
         <size>0x84</size>
         <input_file_ref idref="fl-2"/>
      </object_component>
      <object_component id="oc-c1">
         <name>.debug_info</name>
         <load_address>0x2ba</load_address>
         <run_address>0x2ba</run_address>
         <size>0x18b</size>
         <input_file_ref idref="fl-2"/>
      </object_component>
      <object_component id="oc-bb">
         <name>.debug_info</name>
         <load_address>0x445</load_address>
         <run_address>0x445</run_address>
         <size>0x221</size>
         <input_file_ref idref="fl-3"/>
      </object_component>
      <object_component id="oc-33">
         <name>.debug_info</name>
         <load_address>0x666</load_address>
         <run_address>0x666</run_address>
         <size>0x100</size>
         <input_file_ref idref="fl-4"/>
      </object_component>
      <object_component id="oc-11">
         <name>.debug_info</name>
         <load_address>0x766</load_address>
         <run_address>0x766</run_address>
         <size>0xed</size>
         <input_file_ref idref="fl-4"/>
      </object_component>
      <object_component id="oc-2c">
         <name>.debug_info</name>
         <load_address>0x853</load_address>
         <run_address>0x853</run_address>
         <size>0x1699</size>
         <input_file_ref idref="fl-4"/>
      </object_component>
      <object_component id="oc-28">
         <name>.debug_info</name>
         <load_address>0x1eec</load_address>
         <run_address>0x1eec</run_address>
         <size>0x136</size>
         <input_file_ref idref="fl-12a"/>
      </object_component>
      <object_component id="oc-3f">
         <name>.debug_info</name>
         <load_address>0x2022</load_address>
         <run_address>0x2022</run_address>
         <size>0x123</size>
         <input_file_ref idref="fl-12b"/>
      </object_component>
      <object_component id="oc-17">
         <name>.debug_info</name>
         <load_address>0x2145</load_address>
         <run_address>0x2145</run_address>
         <size>0x1c2</size>
         <input_file_ref idref="fl-12b"/>
      </object_component>
      <object_component id="oc-3a">
         <name>.debug_info</name>
         <load_address>0x2307</load_address>
         <run_address>0x2307</run_address>
         <size>0x46</size>
         <input_file_ref idref="fl-12b"/>
      </object_component>
      <object_component id="oc-7e">
         <name>.debug_info</name>
         <load_address>0x234d</load_address>
         <run_address>0x234d</run_address>
         <size>0x2c</size>
         <input_file_ref idref="fl-12b"/>
      </object_component>
      <object_component id="oc-47">
         <name>.debug_info</name>
         <load_address>0x2379</load_address>
         <run_address>0x2379</run_address>
         <size>0x117</size>
         <input_file_ref idref="fl-12c"/>
      </object_component>
      <object_component id="oc-41">
         <name>.debug_info</name>
         <load_address>0x2490</load_address>
         <run_address>0x2490</run_address>
         <size>0x22a</size>
         <input_file_ref idref="fl-12c"/>
      </object_component>
      <object_component id="oc-1a">
         <name>.debug_info</name>
         <load_address>0x26ba</load_address>
         <run_address>0x26ba</run_address>
         <size>0x194</size>
         <input_file_ref idref="fl-12c"/>
      </object_component>
      <object_component id="oc-48">
         <name>.debug_info</name>
         <load_address>0x284e</load_address>
         <run_address>0x284e</run_address>
         <size>0x39</size>
         <input_file_ref idref="fl-12c"/>
      </object_component>
      <object_component id="oc-88">
         <name>.debug_info</name>
         <load_address>0x2887</load_address>
         <run_address>0x2887</run_address>
         <size>0x2c</size>
         <input_file_ref idref="fl-12c"/>
      </object_component>
      <object_component id="oc-a8">
         <name>.debug_info</name>
         <load_address>0x28b3</load_address>
         <run_address>0x28b3</run_address>
         <size>0x174</size>
         <input_file_ref idref="fl-12e"/>
      </object_component>
      <object_component id="oc-a5">
         <name>.debug_info</name>
         <load_address>0x2a27</load_address>
         <run_address>0x2a27</run_address>
         <size>0x119</size>
         <input_file_ref idref="fl-12e"/>
      </object_component>
      <object_component id="oc-6c">
         <name>.debug_info</name>
         <load_address>0x2b40</load_address>
         <run_address>0x2b40</run_address>
         <size>0x1f0</size>
         <input_file_ref idref="fl-12e"/>
      </object_component>
      <object_component id="oc-35">
         <name>.debug_info</name>
         <load_address>0x2d30</load_address>
         <run_address>0x2d30</run_address>
         <size>0xf8</size>
         <input_file_ref idref="fl-12f"/>
      </object_component>
      <object_component id="oc-4e">
         <name>.debug_info</name>
         <load_address>0x2e28</load_address>
         <run_address>0x2e28</run_address>
         <size>0x126</size>
         <input_file_ref idref="fl-130"/>
      </object_component>
      <object_component id="oc-5c">
         <name>.debug_info</name>
         <load_address>0x2f4e</load_address>
         <run_address>0x2f4e</run_address>
         <size>0x12b</size>
         <input_file_ref idref="fl-131"/>
      </object_component>
      <object_component id="oc-72">
         <name>.debug_info</name>
         <load_address>0x3079</load_address>
         <run_address>0x3079</run_address>
         <size>0xec</size>
         <input_file_ref idref="fl-132"/>
      </object_component>
      <object_component id="oc-d5">
         <name>.debug_info</name>
         <load_address>0x3165</load_address>
         <run_address>0x3165</run_address>
         <size>0x107</size>
         <input_file_ref idref="fl-133"/>
      </object_component>
      <object_component id="oc-a2">
         <name>.debug_info</name>
         <load_address>0x326c</load_address>
         <run_address>0x326c</run_address>
         <size>0xf6</size>
         <input_file_ref idref="fl-133"/>
      </object_component>
      <object_component id="oc-cf">
         <name>.debug_info</name>
         <load_address>0x3362</load_address>
         <run_address>0x3362</run_address>
         <size>0x202</size>
         <input_file_ref idref="fl-133"/>
      </object_component>
      <object_component id="oc-a0">
         <name>.debug_info</name>
         <load_address>0x3564</load_address>
         <run_address>0x3564</run_address>
         <size>0x149</size>
         <input_file_ref idref="fl-134"/>
      </object_component>
      <object_component id="oc-66">
         <name>.debug_info</name>
         <load_address>0x36ad</load_address>
         <run_address>0x36ad</run_address>
         <size>0x14a</size>
         <input_file_ref idref="fl-134"/>
      </object_component>
      <object_component id="oc-c8">
         <name>.debug_info</name>
         <load_address>0x37f7</load_address>
         <run_address>0x37f7</run_address>
         <size>0x5e</size>
         <input_file_ref idref="fl-134"/>
      </object_component>
      <object_component id="oc-98">
         <name>.debug_info</name>
         <load_address>0x3855</load_address>
         <run_address>0x3855</run_address>
         <size>0x2a0</size>
         <input_file_ref idref="fl-135"/>
      </object_component>
      <object_component id="oc-60">
         <name>.debug_info</name>
         <load_address>0x3af5</load_address>
         <run_address>0x3af5</run_address>
         <size>0x15a</size>
         <input_file_ref idref="fl-135"/>
      </object_component>
      <object_component id="oc-b0">
         <name>.debug_info</name>
         <load_address>0x3c4f</load_address>
         <run_address>0x3c4f</run_address>
         <size>0x39</size>
         <input_file_ref idref="fl-135"/>
      </object_component>
      <object_component id="oc-b5">
         <name>.debug_info</name>
         <load_address>0x3c88</load_address>
         <run_address>0x3c88</run_address>
         <size>0xcd</size>
         <input_file_ref idref="fl-135"/>
      </object_component>
      <object_component id="oc-ad">
         <name>.debug_info</name>
         <load_address>0x3d55</load_address>
         <run_address>0x3d55</run_address>
         <size>0x1c3</size>
         <input_file_ref idref="fl-136"/>
      </object_component>
      <object_component id="oc-92">
         <name>.debug_info</name>
         <load_address>0x3f18</load_address>
         <run_address>0x3f18</run_address>
         <size>0x166</size>
         <input_file_ref idref="fl-136"/>
      </object_component>
      <object_component id="oc-dd">
         <name>.debug_info</name>
         <load_address>0x407e</load_address>
         <run_address>0x407e</run_address>
         <size>0x2c</size>
         <input_file_ref idref="fl-136"/>
      </object_component>
      <object_component id="oc-10b">
         <name>.debug_info</name>
         <load_address>0x40aa</load_address>
         <run_address>0x40aa</run_address>
         <size>0xa5</size>
      </object_component>
      <object_component id="oc-9d">
         <name>.debug_line</name>
         <load_address>0x0</load_address>
         <run_address>0x0</run_address>
         <size>0xa8</size>
         <input_file_ref idref="fl-2"/>
      </object_component>
      <object_component id="oc-7b">
         <name>.debug_line</name>
         <load_address>0xa8</load_address>
         <run_address>0xa8</run_address>
         <size>0x20</size>
         <input_file_ref idref="fl-2"/>
      </object_component>
      <object_component id="oc-c4">
         <name>.debug_line</name>
         <load_address>0xc8</load_address>
         <run_address>0xc8</run_address>
         <size>0x60</size>
         <input_file_ref idref="fl-2"/>
      </object_component>
      <object_component id="oc-be">
         <name>.debug_line</name>
         <load_address>0x128</load_address>
         <run_address>0x128</run_address>
         <size>0x92</size>
         <input_file_ref idref="fl-3"/>
      </object_component>
      <object_component id="oc-77">
         <name>.debug_line</name>
         <load_address>0x1ba</load_address>
         <run_address>0x1ba</run_address>
         <size>0x3b</size>
         <input_file_ref idref="fl-4"/>
      </object_component>
      <object_component id="oc-32">
         <name>.debug_line</name>
         <load_address>0x1f5</load_address>
         <run_address>0x1f5</run_address>
         <size>0x3b</size>
         <input_file_ref idref="fl-4"/>
      </object_component>
      <object_component id="oc-2f">
         <name>.debug_line</name>
         <load_address>0x230</load_address>
         <run_address>0x230</run_address>
         <size>0x55a</size>
         <input_file_ref idref="fl-4"/>
      </object_component>
      <object_component id="oc-26">
         <name>.debug_line</name>
         <load_address>0x78a</load_address>
         <run_address>0x78a</run_address>
         <size>0x52</size>
         <input_file_ref idref="fl-12a"/>
      </object_component>
      <object_component id="oc-84">
         <name>.debug_line</name>
         <load_address>0x7dc</load_address>
         <run_address>0x7dc</run_address>
         <size>0x72</size>
         <input_file_ref idref="fl-12b"/>
      </object_component>
      <object_component id="oc-15">
         <name>.debug_line</name>
         <load_address>0x84e</load_address>
         <run_address>0x84e</run_address>
         <size>0x55</size>
         <input_file_ref idref="fl-12b"/>
      </object_component>
      <object_component id="oc-3d">
         <name>.debug_line</name>
         <load_address>0x8a3</load_address>
         <run_address>0x8a3</run_address>
         <size>0x3a</size>
         <input_file_ref idref="fl-12b"/>
      </object_component>
      <object_component id="oc-81">
         <name>.debug_line</name>
         <load_address>0x8dd</load_address>
         <run_address>0x8dd</run_address>
         <size>0x72</size>
         <input_file_ref idref="fl-12b"/>
      </object_component>
      <object_component id="oc-87">
         <name>.debug_line</name>
         <load_address>0x94f</load_address>
         <run_address>0x94f</run_address>
         <size>0x72</size>
         <input_file_ref idref="fl-12c"/>
      </object_component>
      <object_component id="oc-44">
         <name>.debug_line</name>
         <load_address>0x9c1</load_address>
         <run_address>0x9c1</run_address>
         <size>0x98</size>
         <input_file_ref idref="fl-12c"/>
      </object_component>
      <object_component id="oc-1d">
         <name>.debug_line</name>
         <load_address>0xa59</load_address>
         <run_address>0xa59</run_address>
         <size>0x4b</size>
         <input_file_ref idref="fl-12c"/>
      </object_component>
      <object_component id="oc-4b">
         <name>.debug_line</name>
         <load_address>0xaa4</load_address>
         <run_address>0xaa4</run_address>
         <size>0x39</size>
         <input_file_ref idref="fl-12c"/>
      </object_component>
      <object_component id="oc-8b">
         <name>.debug_line</name>
         <load_address>0xadd</load_address>
         <run_address>0xadd</run_address>
         <size>0x72</size>
         <input_file_ref idref="fl-12c"/>
      </object_component>
      <object_component id="oc-da">
         <name>.debug_line</name>
         <load_address>0xb4f</load_address>
         <run_address>0xb4f</run_address>
         <size>0x71</size>
         <input_file_ref idref="fl-12e"/>
      </object_component>
      <object_component id="oc-d8">
         <name>.debug_line</name>
         <load_address>0xbc0</load_address>
         <run_address>0xbc0</run_address>
         <size>0x2a</size>
         <input_file_ref idref="fl-12e"/>
      </object_component>
      <object_component id="oc-6f">
         <name>.debug_line</name>
         <load_address>0xbea</load_address>
         <run_address>0xbea</run_address>
         <size>0x7a</size>
         <input_file_ref idref="fl-12e"/>
      </object_component>
      <object_component id="oc-38">
         <name>.debug_line</name>
         <load_address>0xc64</load_address>
         <run_address>0xc64</run_address>
         <size>0x88</size>
         <input_file_ref idref="fl-12f"/>
      </object_component>
      <object_component id="oc-51">
         <name>.debug_line</name>
         <load_address>0xcec</load_address>
         <run_address>0xcec</run_address>
         <size>0x79</size>
         <input_file_ref idref="fl-130"/>
      </object_component>
      <object_component id="oc-5a">
         <name>.debug_line</name>
         <load_address>0xd65</load_address>
         <run_address>0xd65</run_address>
         <size>0x40</size>
         <input_file_ref idref="fl-131"/>
      </object_component>
      <object_component id="oc-ab">
         <name>.debug_line</name>
         <load_address>0xda5</load_address>
         <run_address>0xda5</run_address>
         <size>0x33</size>
         <input_file_ref idref="fl-132"/>
      </object_component>
      <object_component id="oc-e5">
         <name>.debug_line</name>
         <load_address>0xdd8</load_address>
         <run_address>0xdd8</run_address>
         <size>0x20</size>
         <input_file_ref idref="fl-133"/>
      </object_component>
      <object_component id="oc-d4">
         <name>.debug_line</name>
         <load_address>0xdf8</load_address>
         <run_address>0xdf8</run_address>
         <size>0x2b</size>
         <input_file_ref idref="fl-133"/>
      </object_component>
      <object_component id="oc-ce">
         <name>.debug_line</name>
         <load_address>0xe23</load_address>
         <run_address>0xe23</run_address>
         <size>0x68</size>
         <input_file_ref idref="fl-133"/>
      </object_component>
      <object_component id="oc-c7">
         <name>.debug_line</name>
         <load_address>0xe8b</load_address>
         <run_address>0xe8b</run_address>
         <size>0x2b</size>
         <input_file_ref idref="fl-134"/>
      </object_component>
      <object_component id="oc-69">
         <name>.debug_line</name>
         <load_address>0xeb6</load_address>
         <run_address>0xeb6</run_address>
         <size>0x50</size>
         <input_file_ref idref="fl-134"/>
      </object_component>
      <object_component id="oc-cb">
         <name>.debug_line</name>
         <load_address>0xf06</load_address>
         <run_address>0xf06</run_address>
         <size>0x2b</size>
         <input_file_ref idref="fl-134"/>
      </object_component>
      <object_component id="oc-af">
         <name>.debug_line</name>
         <load_address>0xf31</load_address>
         <run_address>0xf31</run_address>
         <size>0x81</size>
         <input_file_ref idref="fl-135"/>
      </object_component>
      <object_component id="oc-63">
         <name>.debug_line</name>
         <load_address>0xfb2</load_address>
         <run_address>0xfb2</run_address>
         <size>0x79</size>
         <input_file_ref idref="fl-135"/>
      </object_component>
      <object_component id="oc-b3">
         <name>.debug_line</name>
         <load_address>0x102b</load_address>
         <run_address>0x102b</run_address>
         <size>0x2e</size>
         <input_file_ref idref="fl-135"/>
      </object_component>
      <object_component id="oc-b8">
         <name>.debug_line</name>
         <load_address>0x1059</load_address>
         <run_address>0x1059</run_address>
         <size>0x73</size>
         <input_file_ref idref="fl-135"/>
      </object_component>
      <object_component id="oc-dc">
         <name>.debug_line</name>
         <load_address>0x10cc</load_address>
         <run_address>0x10cc</run_address>
         <size>0x80</size>
         <input_file_ref idref="fl-136"/>
      </object_component>
      <object_component id="oc-95">
         <name>.debug_line</name>
         <load_address>0x114c</load_address>
         <run_address>0x114c</run_address>
         <size>0x68</size>
         <input_file_ref idref="fl-136"/>
      </object_component>
      <object_component id="oc-e0">
         <name>.debug_line</name>
         <load_address>0x11b4</load_address>
         <run_address>0x11b4</run_address>
         <size>0x2e</size>
         <input_file_ref idref="fl-136"/>
      </object_component>
      <object_component id="oc-9e">
         <name>.debug_frame</name>
         <load_address>0x0</load_address>
         <run_address>0x0</run_address>
         <size>0xc7</size>
         <input_file_ref idref="fl-2"/>
      </object_component>
      <object_component id="oc-bf">
         <name>.debug_frame</name>
         <load_address>0xc7</load_address>
         <run_address>0xc7</run_address>
         <size>0xb2</size>
         <input_file_ref idref="fl-3"/>
      </object_component>
      <object_component id="oc-30">
         <name>.debug_frame</name>
         <load_address>0x179</load_address>
         <run_address>0x179</run_address>
         <size>0x404</size>
         <input_file_ref idref="fl-4"/>
      </object_component>
      <object_component id="oc-16">
         <name>.debug_frame</name>
         <load_address>0x57d</load_address>
         <run_address>0x57d</run_address>
         <size>0x7f</size>
         <input_file_ref idref="fl-12b"/>
      </object_component>
      <object_component id="oc-45">
         <name>.debug_frame</name>
         <load_address>0x5fc</load_address>
         <run_address>0x5fc</run_address>
         <size>0x8e</size>
         <input_file_ref idref="fl-12c"/>
      </object_component>
      <object_component id="oc-1e">
         <name>.debug_frame</name>
         <load_address>0x68a</load_address>
         <run_address>0x68a</run_address>
         <size>0x7f</size>
         <input_file_ref idref="fl-12c"/>
      </object_component>
      <object_component id="oc-70">
         <name>.debug_frame</name>
         <load_address>0x709</load_address>
         <run_address>0x709</run_address>
         <size>0xb3</size>
         <input_file_ref idref="fl-12e"/>
      </object_component>
      <object_component id="oc-5b">
         <name>.debug_frame</name>
         <load_address>0x7bc</load_address>
         <run_address>0x7bc</run_address>
         <size>0x7f</size>
         <input_file_ref idref="fl-131"/>
      </object_component>
      <object_component id="oc-d2">
         <name>.debug_frame</name>
         <load_address>0x83b</load_address>
         <run_address>0x83b</run_address>
         <size>0xa1</size>
         <input_file_ref idref="fl-133"/>
      </object_component>
      <object_component id="oc-6a">
         <name>.debug_frame</name>
         <load_address>0x8dc</load_address>
         <run_address>0x8dc</run_address>
         <size>0x7f</size>
         <input_file_ref idref="fl-134"/>
      </object_component>
      <object_component id="oc-64">
         <name>.debug_frame</name>
         <load_address>0x95b</load_address>
         <run_address>0x95b</run_address>
         <size>0x8a</size>
         <input_file_ref idref="fl-135"/>
      </object_component>
      <object_component id="oc-96">
         <name>.debug_frame</name>
         <load_address>0x9e5</load_address>
         <run_address>0x9e5</run_address>
         <size>0x8e</size>
         <input_file_ref idref="fl-136"/>
      </object_component>
      <object_component id="oc-c0">
         <name>.debug_abbrev</name>
         <load_address>0x0</load_address>
         <run_address>0x0</run_address>
         <size>0xd4</size>
         <input_file_ref idref="fl-2"/>
      </object_component>
      <object_component id="oc-7a">
         <name>.debug_abbrev</name>
         <load_address>0xd4</load_address>
         <run_address>0xd4</run_address>
         <size>0x1f</size>
         <input_file_ref idref="fl-2"/>
      </object_component>
      <object_component id="oc-c3">
         <name>.debug_abbrev</name>
         <load_address>0xf3</load_address>
         <run_address>0xf3</run_address>
         <size>0x35</size>
         <input_file_ref idref="fl-2"/>
      </object_component>
      <object_component id="oc-e2">
         <name>.debug_abbrev</name>
         <load_address>0x128</load_address>
         <run_address>0x128</run_address>
         <size>0x7a</size>
         <input_file_ref idref="fl-3"/>
      </object_component>
      <object_component id="oc-76">
         <name>.debug_abbrev</name>
         <load_address>0x1a2</load_address>
         <run_address>0x1a2</run_address>
         <size>0x5d</size>
         <input_file_ref idref="fl-4"/>
      </object_component>
      <object_component id="oc-31">
         <name>.debug_abbrev</name>
         <load_address>0x1ff</load_address>
         <run_address>0x1ff</run_address>
         <size>0x29</size>
         <input_file_ref idref="fl-4"/>
      </object_component>
      <object_component id="oc-75">
         <name>.debug_abbrev</name>
         <load_address>0x228</load_address>
         <run_address>0x228</run_address>
         <size>0xf8</size>
         <input_file_ref idref="fl-4"/>
      </object_component>
      <object_component id="oc-74">
         <name>.debug_abbrev</name>
         <load_address>0x320</load_address>
         <run_address>0x320</run_address>
         <size>0x3e</size>
         <input_file_ref idref="fl-12a"/>
      </object_component>
      <object_component id="oc-83">
         <name>.debug_abbrev</name>
         <load_address>0x35e</load_address>
         <run_address>0x35e</run_address>
         <size>0x52</size>
         <input_file_ref idref="fl-12b"/>
      </object_component>
      <object_component id="oc-39">
         <name>.debug_abbrev</name>
         <load_address>0x3b0</load_address>
         <run_address>0x3b0</run_address>
         <size>0x74</size>
         <input_file_ref idref="fl-12b"/>
      </object_component>
      <object_component id="oc-3c">
         <name>.debug_abbrev</name>
         <load_address>0x424</load_address>
         <run_address>0x424</run_address>
         <size>0x24</size>
         <input_file_ref idref="fl-12b"/>
      </object_component>
      <object_component id="oc-80">
         <name>.debug_abbrev</name>
         <load_address>0x448</load_address>
         <run_address>0x448</run_address>
         <size>0x24</size>
         <input_file_ref idref="fl-12b"/>
      </object_component>
      <object_component id="oc-86">
         <name>.debug_abbrev</name>
         <load_address>0x46c</load_address>
         <run_address>0x46c</run_address>
         <size>0x52</size>
         <input_file_ref idref="fl-12c"/>
      </object_component>
      <object_component id="oc-85">
         <name>.debug_abbrev</name>
         <load_address>0x4be</load_address>
         <run_address>0x4be</run_address>
         <size>0x7b</size>
         <input_file_ref idref="fl-12c"/>
      </object_component>
      <object_component id="oc-46">
         <name>.debug_abbrev</name>
         <load_address>0x539</load_address>
         <run_address>0x539</run_address>
         <size>0x66</size>
         <input_file_ref idref="fl-12c"/>
      </object_component>
      <object_component id="oc-4a">
         <name>.debug_abbrev</name>
         <load_address>0x59f</load_address>
         <run_address>0x59f</run_address>
         <size>0x24</size>
         <input_file_ref idref="fl-12c"/>
      </object_component>
      <object_component id="oc-8a">
         <name>.debug_abbrev</name>
         <load_address>0x5c3</load_address>
         <run_address>0x5c3</run_address>
         <size>0x24</size>
         <input_file_ref idref="fl-12c"/>
      </object_component>
      <object_component id="oc-d9">
         <name>.debug_abbrev</name>
         <load_address>0x5e7</load_address>
         <run_address>0x5e7</run_address>
         <size>0x6b</size>
         <input_file_ref idref="fl-12e"/>
      </object_component>
      <object_component id="oc-d7">
         <name>.debug_abbrev</name>
         <load_address>0x652</load_address>
         <run_address>0x652</run_address>
         <size>0x29</size>
         <input_file_ref idref="fl-12e"/>
      </object_component>
      <object_component id="oc-a7">
         <name>.debug_abbrev</name>
         <load_address>0x67b</load_address>
         <run_address>0x67b</run_address>
         <size>0xba</size>
         <input_file_ref idref="fl-12e"/>
      </object_component>
      <object_component id="oc-7d">
         <name>.debug_abbrev</name>
         <load_address>0x735</load_address>
         <run_address>0x735</run_address>
         <size>0x3e</size>
         <input_file_ref idref="fl-12f"/>
      </object_component>
      <object_component id="oc-8d">
         <name>.debug_abbrev</name>
         <load_address>0x773</load_address>
         <run_address>0x773</run_address>
         <size>0x4f</size>
         <input_file_ref idref="fl-130"/>
      </object_component>
      <object_component id="oc-90">
         <name>.debug_abbrev</name>
         <load_address>0x7c2</load_address>
         <run_address>0x7c2</run_address>
         <size>0x55</size>
         <input_file_ref idref="fl-131"/>
      </object_component>
      <object_component id="oc-aa">
         <name>.debug_abbrev</name>
         <load_address>0x817</load_address>
         <run_address>0x817</run_address>
         <size>0x27</size>
         <input_file_ref idref="fl-132"/>
      </object_component>
      <object_component id="oc-e4">
         <name>.debug_abbrev</name>
         <load_address>0x83e</load_address>
         <run_address>0x83e</run_address>
         <size>0x45</size>
         <input_file_ref idref="fl-133"/>
      </object_component>
      <object_component id="oc-d3">
         <name>.debug_abbrev</name>
         <load_address>0x883</load_address>
         <run_address>0x883</run_address>
         <size>0x29</size>
         <input_file_ref idref="fl-133"/>
      </object_component>
      <object_component id="oc-e3">
         <name>.debug_abbrev</name>
         <load_address>0x8ac</load_address>
         <run_address>0x8ac</run_address>
         <size>0x6f</size>
         <input_file_ref idref="fl-133"/>
      </object_component>
      <object_component id="oc-c6">
         <name>.debug_abbrev</name>
         <load_address>0x91b</load_address>
         <run_address>0x91b</run_address>
         <size>0x8e</size>
         <input_file_ref idref="fl-134"/>
      </object_component>
      <object_component id="oc-9f">
         <name>.debug_abbrev</name>
         <load_address>0x9a9</load_address>
         <run_address>0x9a9</run_address>
         <size>0x68</size>
         <input_file_ref idref="fl-134"/>
      </object_component>
      <object_component id="oc-ca">
         <name>.debug_abbrev</name>
         <load_address>0xa11</load_address>
         <run_address>0xa11</run_address>
         <size>0x49</size>
         <input_file_ref idref="fl-134"/>
      </object_component>
      <object_component id="oc-ae">
         <name>.debug_abbrev</name>
         <load_address>0xa5a</load_address>
         <run_address>0xa5a</run_address>
         <size>0x9a</size>
         <input_file_ref idref="fl-135"/>
      </object_component>
      <object_component id="oc-97">
         <name>.debug_abbrev</name>
         <load_address>0xaf4</load_address>
         <run_address>0xaf4</run_address>
         <size>0x7e</size>
         <input_file_ref idref="fl-135"/>
      </object_component>
      <object_component id="oc-b2">
         <name>.debug_abbrev</name>
         <load_address>0xb72</load_address>
         <run_address>0xb72</run_address>
         <size>0x24</size>
         <input_file_ref idref="fl-135"/>
      </object_component>
      <object_component id="oc-b7">
         <name>.debug_abbrev</name>
         <load_address>0xb96</load_address>
         <run_address>0xb96</run_address>
         <size>0x4b</size>
         <input_file_ref idref="fl-135"/>
      </object_component>
      <object_component id="oc-db">
         <name>.debug_abbrev</name>
         <load_address>0xbe1</load_address>
         <run_address>0xbe1</run_address>
         <size>0x9c</size>
         <input_file_ref idref="fl-136"/>
      </object_component>
      <object_component id="oc-ac">
         <name>.debug_abbrev</name>
         <load_address>0xc7d</load_address>
         <run_address>0xc7d</run_address>
         <size>0x8c</size>
         <input_file_ref idref="fl-136"/>
      </object_component>
      <object_component id="oc-df">
         <name>.debug_abbrev</name>
         <load_address>0xd09</load_address>
         <run_address>0xd09</run_address>
         <size>0x24</size>
         <input_file_ref idref="fl-136"/>
      </object_component>
      <object_component id="oc-10c">
         <name>.debug_abbrev</name>
         <load_address>0xd2d</load_address>
         <run_address>0xd2d</run_address>
         <size>0xf</size>
      </object_component>
      <object_component id="oc-7c">
         <name>.debug_str</name>
         <load_address>0x0</load_address>
         <run_address>0x0</run_address>
         <size>0xf5</size>
         <input_file_ref idref="fl-2"/>
      </object_component>
      <object_component id="oc-c5">
         <name>.debug_str</name>
         <load_address>0xf5</load_address>
         <run_address>0xf5</run_address>
         <size>0x213</size>
         <input_file_ref idref="fl-2"/>
      </object_component>
      <object_component id="oc-3e">
         <name>.debug_str</name>
         <load_address>0x308</load_address>
         <run_address>0x308</run_address>
         <size>0xe3</size>
         <input_file_ref idref="fl-12b"/>
      </object_component>
      <object_component id="oc-82">
         <name>.debug_str</name>
         <load_address>0x3eb</load_address>
         <run_address>0x3eb</run_address>
         <size>0xf8</size>
         <input_file_ref idref="fl-12b"/>
      </object_component>
      <object_component id="oc-4c">
         <name>.debug_str</name>
         <load_address>0x4e3</load_address>
         <run_address>0x4e3</run_address>
         <size>0xd5</size>
         <input_file_ref idref="fl-12c"/>
      </object_component>
      <object_component id="oc-8c">
         <name>.debug_str</name>
         <load_address>0x5b8</load_address>
         <run_address>0x5b8</run_address>
         <size>0xf8</size>
         <input_file_ref idref="fl-12c"/>
      </object_component>
      <object_component id="oc-cc">
         <name>.debug_str</name>
         <load_address>0x6b0</load_address>
         <run_address>0x6b0</run_address>
         <size>0xb9</size>
         <input_file_ref idref="fl-134"/>
      </object_component>
      <object_component id="oc-b4">
         <name>.debug_str</name>
         <load_address>0x769</load_address>
         <run_address>0x769</run_address>
         <size>0xc5</size>
         <input_file_ref idref="fl-135"/>
      </object_component>
      <object_component id="oc-b9">
         <name>.debug_str</name>
         <load_address>0x82e</load_address>
         <run_address>0x82e</run_address>
         <size>0x14f</size>
         <input_file_ref idref="fl-135"/>
      </object_component>
      <object_component id="oc-e1">
         <name>.debug_str</name>
         <load_address>0x97d</load_address>
         <run_address>0x97d</run_address>
         <size>0xba</size>
         <input_file_ref idref="fl-136"/>
      </object_component>
      <object_component id="oc-9b">
         <name>.debug_aranges</name>
         <load_address>0x0</load_address>
         <run_address>0x0</run_address>
         <size>0x38</size>
         <input_file_ref idref="fl-2"/>
      </object_component>
      <object_component id="oc-bc">
         <name>.debug_aranges</name>
         <load_address>0x38</load_address>
         <run_address>0x38</run_address>
         <size>0x30</size>
         <input_file_ref idref="fl-3"/>
      </object_component>
      <object_component id="oc-2d">
         <name>.debug_aranges</name>
         <load_address>0x68</load_address>
         <run_address>0x68</run_address>
         <size>0x1c8</size>
         <input_file_ref idref="fl-4"/>
      </object_component>
      <object_component id="oc-27">
         <name>.debug_aranges</name>
         <load_address>0x230</load_address>
         <run_address>0x230</run_address>
         <size>0x20</size>
         <input_file_ref idref="fl-12a"/>
      </object_component>
      <object_component id="oc-14">
         <name>.debug_aranges</name>
         <load_address>0x250</load_address>
         <run_address>0x250</run_address>
         <size>0x20</size>
         <input_file_ref idref="fl-12b"/>
      </object_component>
      <object_component id="oc-42">
         <name>.debug_aranges</name>
         <load_address>0x270</load_address>
         <run_address>0x270</run_address>
         <size>0x20</size>
         <input_file_ref idref="fl-12c"/>
      </object_component>
      <object_component id="oc-1b">
         <name>.debug_aranges</name>
         <load_address>0x290</load_address>
         <run_address>0x290</run_address>
         <size>0x20</size>
         <input_file_ref idref="fl-12c"/>
      </object_component>
      <object_component id="oc-6d">
         <name>.debug_aranges</name>
         <load_address>0x2b0</load_address>
         <run_address>0x2b0</run_address>
         <size>0x30</size>
         <input_file_ref idref="fl-12e"/>
      </object_component>
      <object_component id="oc-36">
         <name>.debug_aranges</name>
         <load_address>0x2e0</load_address>
         <run_address>0x2e0</run_address>
         <size>0x20</size>
         <input_file_ref idref="fl-12f"/>
      </object_component>
      <object_component id="oc-4f">
         <name>.debug_aranges</name>
         <load_address>0x300</load_address>
         <run_address>0x300</run_address>
         <size>0x28</size>
         <input_file_ref idref="fl-130"/>
      </object_component>
      <object_component id="oc-5d">
         <name>.debug_aranges</name>
         <load_address>0x328</load_address>
         <run_address>0x328</run_address>
         <size>0x20</size>
         <input_file_ref idref="fl-131"/>
      </object_component>
      <object_component id="oc-d0">
         <name>.debug_aranges</name>
         <load_address>0x348</load_address>
         <run_address>0x348</run_address>
         <size>0x30</size>
         <input_file_ref idref="fl-133"/>
      </object_component>
      <object_component id="oc-67">
         <name>.debug_aranges</name>
         <load_address>0x378</load_address>
         <run_address>0x378</run_address>
         <size>0x20</size>
         <input_file_ref idref="fl-134"/>
      </object_component>
      <object_component id="oc-61">
         <name>.debug_aranges</name>
         <load_address>0x398</load_address>
         <run_address>0x398</run_address>
         <size>0x20</size>
         <input_file_ref idref="fl-135"/>
      </object_component>
      <object_component id="oc-93">
         <name>.debug_aranges</name>
         <load_address>0x3b8</load_address>
         <run_address>0x3b8</run_address>
         <size>0x20</size>
         <input_file_ref idref="fl-136"/>
      </object_component>
      <object_component id="oc-9c">
         <name>.debug_pubnames</name>
         <load_address>0x0</load_address>
         <run_address>0x0</run_address>
         <size>0x3c</size>
         <input_file_ref idref="fl-2"/>
      </object_component>
      <object_component id="oc-bd">
         <name>.debug_pubnames</name>
         <load_address>0x3c</load_address>
         <run_address>0x3c</run_address>
         <size>0x49</size>
         <input_file_ref idref="fl-3"/>
      </object_component>
      <object_component id="oc-12">
         <name>.debug_pubnames</name>
         <load_address>0x85</load_address>
         <run_address>0x85</run_address>
         <size>0x27</size>
         <input_file_ref idref="fl-4"/>
      </object_component>
      <object_component id="oc-2e">
         <name>.debug_pubnames</name>
         <load_address>0xac</load_address>
         <run_address>0xac</run_address>
         <size>0x474</size>
         <input_file_ref idref="fl-4"/>
      </object_component>
      <object_component id="oc-29">
         <name>.debug_pubnames</name>
         <load_address>0x520</load_address>
         <run_address>0x520</run_address>
         <size>0x1f</size>
         <input_file_ref idref="fl-12a"/>
      </object_component>
      <object_component id="oc-18">
         <name>.debug_pubnames</name>
         <load_address>0x53f</load_address>
         <run_address>0x53f</run_address>
         <size>0x2b</size>
         <input_file_ref idref="fl-12b"/>
      </object_component>
      <object_component id="oc-43">
         <name>.debug_pubnames</name>
         <load_address>0x56a</load_address>
         <run_address>0x56a</run_address>
         <size>0x2f</size>
         <input_file_ref idref="fl-12c"/>
      </object_component>
      <object_component id="oc-1c">
         <name>.debug_pubnames</name>
         <load_address>0x599</load_address>
         <run_address>0x599</run_address>
         <size>0x2c</size>
         <input_file_ref idref="fl-12c"/>
      </object_component>
      <object_component id="oc-a6">
         <name>.debug_pubnames</name>
         <load_address>0x5c5</load_address>
         <run_address>0x5c5</run_address>
         <size>0x3a</size>
         <input_file_ref idref="fl-12e"/>
      </object_component>
      <object_component id="oc-6e">
         <name>.debug_pubnames</name>
         <load_address>0x5ff</load_address>
         <run_address>0x5ff</run_address>
         <size>0x35</size>
         <input_file_ref idref="fl-12e"/>
      </object_component>
      <object_component id="oc-37">
         <name>.debug_pubnames</name>
         <load_address>0x634</load_address>
         <run_address>0x634</run_address>
         <size>0x1d</size>
         <input_file_ref idref="fl-12f"/>
      </object_component>
      <object_component id="oc-50">
         <name>.debug_pubnames</name>
         <load_address>0x651</load_address>
         <run_address>0x651</run_address>
         <size>0x37</size>
         <input_file_ref idref="fl-130"/>
      </object_component>
      <object_component id="oc-5e">
         <name>.debug_pubnames</name>
         <load_address>0x688</load_address>
         <run_address>0x688</run_address>
         <size>0x27</size>
         <input_file_ref idref="fl-131"/>
      </object_component>
      <object_component id="oc-73">
         <name>.debug_pubnames</name>
         <load_address>0x6af</load_address>
         <run_address>0x6af</run_address>
         <size>0x23</size>
         <input_file_ref idref="fl-132"/>
      </object_component>
      <object_component id="oc-a3">
         <name>.debug_pubnames</name>
         <load_address>0x6d2</load_address>
         <run_address>0x6d2</run_address>
         <size>0x28</size>
         <input_file_ref idref="fl-133"/>
      </object_component>
      <object_component id="oc-d1">
         <name>.debug_pubnames</name>
         <load_address>0x6fa</load_address>
         <run_address>0x6fa</run_address>
         <size>0x43</size>
         <input_file_ref idref="fl-133"/>
      </object_component>
      <object_component id="oc-68">
         <name>.debug_pubnames</name>
         <load_address>0x73d</load_address>
         <run_address>0x73d</run_address>
         <size>0x21</size>
         <input_file_ref idref="fl-134"/>
      </object_component>
      <object_component id="oc-62">
         <name>.debug_pubnames</name>
         <load_address>0x75e</load_address>
         <run_address>0x75e</run_address>
         <size>0x25</size>
         <input_file_ref idref="fl-135"/>
      </object_component>
      <object_component id="oc-94">
         <name>.debug_pubnames</name>
         <load_address>0x783</load_address>
         <run_address>0x783</run_address>
         <size>0x1e</size>
         <input_file_ref idref="fl-136"/>
      </object_component>
      <object_component id="oc-79">
         <name>.debug_pubtypes</name>
         <load_address>0x0</load_address>
         <run_address>0x0</run_address>
         <size>0xed</size>
         <input_file_ref idref="fl-2"/>
      </object_component>
      <object_component id="oc-c2">
         <name>.debug_pubtypes</name>
         <load_address>0xed</load_address>
         <run_address>0xed</run_address>
         <size>0x1c6</size>
         <input_file_ref idref="fl-2"/>
      </object_component>
      <object_component id="oc-3b">
         <name>.debug_pubtypes</name>
         <load_address>0x2b3</load_address>
         <run_address>0x2b3</run_address>
         <size>0x48</size>
         <input_file_ref idref="fl-12b"/>
      </object_component>
      <object_component id="oc-7f">
         <name>.debug_pubtypes</name>
         <load_address>0x2fb</load_address>
         <run_address>0x2fb</run_address>
         <size>0x1d</size>
         <input_file_ref idref="fl-12b"/>
      </object_component>
      <object_component id="oc-49">
         <name>.debug_pubtypes</name>
         <load_address>0x318</load_address>
         <run_address>0x318</run_address>
         <size>0x37</size>
         <input_file_ref idref="fl-12c"/>
      </object_component>
      <object_component id="oc-89">
         <name>.debug_pubtypes</name>
         <load_address>0x34f</load_address>
         <run_address>0x34f</run_address>
         <size>0x1d</size>
         <input_file_ref idref="fl-12c"/>
      </object_component>
      <object_component id="oc-a9">
         <name>.debug_pubtypes</name>
         <load_address>0x36c</load_address>
         <run_address>0x36c</run_address>
         <size>0x1f</size>
         <input_file_ref idref="fl-12e"/>
      </object_component>
      <object_component id="oc-d6">
         <name>.debug_pubtypes</name>
         <load_address>0x38b</load_address>
         <run_address>0x38b</run_address>
         <size>0x1f</size>
         <input_file_ref idref="fl-133"/>
      </object_component>
      <object_component id="oc-c9">
         <name>.debug_pubtypes</name>
         <load_address>0x3aa</load_address>
         <run_address>0x3aa</run_address>
         <size>0x1b</size>
         <input_file_ref idref="fl-134"/>
      </object_component>
      <object_component id="oc-b1">
         <name>.debug_pubtypes</name>
         <load_address>0x3c5</load_address>
         <run_address>0x3c5</run_address>
         <size>0x32</size>
         <input_file_ref idref="fl-135"/>
      </object_component>
      <object_component id="oc-b6">
         <name>.debug_pubtypes</name>
         <load_address>0x3f7</load_address>
         <run_address>0x3f7</run_address>
         <size>0x50</size>
         <input_file_ref idref="fl-135"/>
      </object_component>
      <object_component id="oc-de">
         <name>.debug_pubtypes</name>
         <load_address>0x447</load_address>
         <run_address>0x447</run_address>
         <size>0x23</size>
         <input_file_ref idref="fl-136"/>
      </object_component>
   </object_component_list>
   <logical_group_list>
      <logical_group id="lg-4" display="no" color="cyan">
         <name>.intvecs</name>
         <load_address>0x0</load_address>
         <run_address>0x0</run_address>
         <size>0x144</size>
         <contents>
            <object_component_ref idref="oc-10"/>
         </contents>
      </logical_group>
      <logical_group id="lg-5" display="no" color="cyan">
         <name>.text</name>
         <load_address>0x144</load_address>
         <run_address>0x144</run_address>
         <size>0x4e0</size>
         <contents>
            <object_component_ref idref="oc-99"/>
            <object_component_ref idref="oc-34"/>
            <object_component_ref idref="oc-2b"/>
            <object_component_ref idref="oc-4d"/>
            <object_component_ref idref="oc-ba"/>
            <object_component_ref idref="oc-5f"/>
            <object_component_ref idref="oc-40"/>
            <object_component_ref idref="oc-25"/>
            <object_component_ref idref="oc-91"/>
            <object_component_ref idref="oc-6b"/>
            <object_component_ref idref="oc-65"/>
            <object_component_ref idref="oc-cd"/>
            <object_component_ref idref="oc-13"/>
            <object_component_ref idref="oc-19"/>
            <object_component_ref idref="oc-59"/>
         </contents>
      </logical_group>
      <logical_group id="lg-6" display="no" color="cyan">
         <name>.const</name>
         <run_address>0x0</run_address>
         <size>0x0</size>
         <contents>
         </contents>
      </logical_group>
      <logical_group id="lg-7" display="no" color="cyan">
         <name>.cinit</name>
         <load_address>0x628</load_address>
         <run_address>0x628</run_address>
         <size>0x20</size>
         <contents>
            <object_component_ref idref="oc-109"/>
            <object_component_ref idref="oc-107"/>
            <object_component_ref idref="oc-108"/>
         </contents>
      </logical_group>
      <logical_group id="lg-8" display="no" color="cyan">
         <name>.pinit</name>
         <run_address>0x0</run_address>
         <size>0x0</size>
         <contents>
         </contents>
      </logical_group>
      <logical_group id="lg-9" display="no" color="cyan">
         <name>.flashMailbox</name>
         <run_address>0x0</run_address>
         <size>0x0</size>
         <contents>
         </contents>
      </logical_group>
      <logical_group id="lg-a" display="no" color="cyan">
         <name>.vtable</name>
         <run_address>0x0</run_address>
         <size>0x0</size>
         <contents>
         </contents>
      </logical_group>
      <logical_group id="lg-d" display="no" color="cyan">
         <name>.sysmem</name>
         <run_address>0x0</run_address>
         <size>0x0</size>
         <contents>
         </contents>
      </logical_group>
      <logical_group id="lg-e" display="no" color="cyan">
         <name>.stack</name>
         <run_address>0x2000fe00</run_address>
         <size>0x200</size>
         <contents>
            <object_component_ref idref="oc-2a"/>
            <object_component_ref idref="oc-10a"/>
         </contents>
      </logical_group>
      <logical_group id="lg-e7" display="no" color="cyan">
         <name>.TI.noinit</name>
         <run_address>0x0</run_address>
         <size>0x0</size>
         <contents>
         </contents>
      </logical_group>
      <logical_group id="lg-c" display="no" color="cyan">
         <name>.bss</name>
         <run_address>0x0</run_address>
         <size>0x0</size>
         <contents>
         </contents>
      </logical_group>
      <logical_group id="lg-e6" display="no" color="cyan">
         <name>BSS_GROUP</name>
         <run_address>0x0</run_address>
         <size>0x0</size>
         <contents>
            <logical_group_ref idref="lg-e7"/>
            <logical_group_ref idref="lg-c"/>
         </contents>
      </logical_group>
      <logical_group id="lg-e9" display="no" color="cyan">
         <name>.TI.persistent</name>
         <run_address>0x20000000</run_address>
         <size>0x0</size>
         <contents>
         </contents>
      </logical_group>
      <logical_group id="lg-b" display="no" color="cyan">
         <name>.data</name>
         <run_address>0x20000000</run_address>
         <size>0x14</size>
         <contents>
            <object_component_ref idref="oc-a4"/>
            <object_component_ref idref="oc-71"/>
            <object_component_ref idref="oc-a1"/>
         </contents>
      </logical_group>
      <logical_group id="lg-e8" display="no" color="cyan">
         <name>DATA_GROUP</name>
         <load_address>0x20000000</load_address>
         <run_address>0x20000000</run_address>
         <size>0x14</size>
         <contents>
            <logical_group_ref idref="lg-e9"/>
            <logical_group_ref idref="lg-b"/>
         </contents>
      </logical_group>
      <logical_group id="lg-f7" display="never" color="cyan">
         <name>.debug_info</name>
         <load_address>0x0</load_address>
         <run_address>0x0</run_address>
         <size>0x414f</size>
         <contents>
            <object_component_ref idref="oc-9a"/>
            <object_component_ref idref="oc-78"/>
            <object_component_ref idref="oc-c1"/>
            <object_component_ref idref="oc-bb"/>
            <object_component_ref idref="oc-33"/>
            <object_component_ref idref="oc-11"/>
            <object_component_ref idref="oc-2c"/>
            <object_component_ref idref="oc-28"/>
            <object_component_ref idref="oc-3f"/>
            <object_component_ref idref="oc-17"/>
            <object_component_ref idref="oc-3a"/>
            <object_component_ref idref="oc-7e"/>
            <object_component_ref idref="oc-47"/>
            <object_component_ref idref="oc-41"/>
            <object_component_ref idref="oc-1a"/>
            <object_component_ref idref="oc-48"/>
            <object_component_ref idref="oc-88"/>
            <object_component_ref idref="oc-a8"/>
            <object_component_ref idref="oc-a5"/>
            <object_component_ref idref="oc-6c"/>
            <object_component_ref idref="oc-35"/>
            <object_component_ref idref="oc-4e"/>
            <object_component_ref idref="oc-5c"/>
            <object_component_ref idref="oc-72"/>
            <object_component_ref idref="oc-d5"/>
            <object_component_ref idref="oc-a2"/>
            <object_component_ref idref="oc-cf"/>
            <object_component_ref idref="oc-a0"/>
            <object_component_ref idref="oc-66"/>
            <object_component_ref idref="oc-c8"/>
            <object_component_ref idref="oc-98"/>
            <object_component_ref idref="oc-60"/>
            <object_component_ref idref="oc-b0"/>
            <object_component_ref idref="oc-b5"/>
            <object_component_ref idref="oc-ad"/>
            <object_component_ref idref="oc-92"/>
            <object_component_ref idref="oc-dd"/>
            <object_component_ref idref="oc-10b"/>
         </contents>
      </logical_group>
      <logical_group id="lg-f9" display="never" color="cyan">
         <name>.debug_line</name>
         <load_address>0x0</load_address>
         <run_address>0x0</run_address>
         <size>0x11e2</size>
         <contents>
            <object_component_ref idref="oc-9d"/>
            <object_component_ref idref="oc-7b"/>
            <object_component_ref idref="oc-c4"/>
            <object_component_ref idref="oc-be"/>
            <object_component_ref idref="oc-77"/>
            <object_component_ref idref="oc-32"/>
            <object_component_ref idref="oc-2f"/>
            <object_component_ref idref="oc-26"/>
            <object_component_ref idref="oc-84"/>
            <object_component_ref idref="oc-15"/>
            <object_component_ref idref="oc-3d"/>
            <object_component_ref idref="oc-81"/>
            <object_component_ref idref="oc-87"/>
            <object_component_ref idref="oc-44"/>
            <object_component_ref idref="oc-1d"/>
            <object_component_ref idref="oc-4b"/>
            <object_component_ref idref="oc-8b"/>
            <object_component_ref idref="oc-da"/>
            <object_component_ref idref="oc-d8"/>
            <object_component_ref idref="oc-6f"/>
            <object_component_ref idref="oc-38"/>
            <object_component_ref idref="oc-51"/>
            <object_component_ref idref="oc-5a"/>
            <object_component_ref idref="oc-ab"/>
            <object_component_ref idref="oc-e5"/>
            <object_component_ref idref="oc-d4"/>
            <object_component_ref idref="oc-ce"/>
            <object_component_ref idref="oc-c7"/>
            <object_component_ref idref="oc-69"/>
            <object_component_ref idref="oc-cb"/>
            <object_component_ref idref="oc-af"/>
            <object_component_ref idref="oc-63"/>
            <object_component_ref idref="oc-b3"/>
            <object_component_ref idref="oc-b8"/>
            <object_component_ref idref="oc-dc"/>
            <object_component_ref idref="oc-95"/>
            <object_component_ref idref="oc-e0"/>
         </contents>
      </logical_group>
      <logical_group id="lg-fb" display="never" color="cyan">
         <name>.debug_frame</name>
         <load_address>0x0</load_address>
         <run_address>0x0</run_address>
         <size>0xa73</size>
         <contents>
            <object_component_ref idref="oc-9e"/>
            <object_component_ref idref="oc-bf"/>
            <object_component_ref idref="oc-30"/>
            <object_component_ref idref="oc-16"/>
            <object_component_ref idref="oc-45"/>
            <object_component_ref idref="oc-1e"/>
            <object_component_ref idref="oc-70"/>
            <object_component_ref idref="oc-5b"/>
            <object_component_ref idref="oc-d2"/>
            <object_component_ref idref="oc-6a"/>
            <object_component_ref idref="oc-64"/>
            <object_component_ref idref="oc-96"/>
         </contents>
      </logical_group>
      <logical_group id="lg-fd" display="never" color="cyan">
         <name>.debug_abbrev</name>
         <load_address>0x0</load_address>
         <run_address>0x0</run_address>
         <size>0xd3c</size>
         <contents>
            <object_component_ref idref="oc-c0"/>
            <object_component_ref idref="oc-7a"/>
            <object_component_ref idref="oc-c3"/>
            <object_component_ref idref="oc-e2"/>
            <object_component_ref idref="oc-76"/>
            <object_component_ref idref="oc-31"/>
            <object_component_ref idref="oc-75"/>
            <object_component_ref idref="oc-74"/>
            <object_component_ref idref="oc-83"/>
            <object_component_ref idref="oc-39"/>
            <object_component_ref idref="oc-3c"/>
            <object_component_ref idref="oc-80"/>
            <object_component_ref idref="oc-86"/>
            <object_component_ref idref="oc-85"/>
            <object_component_ref idref="oc-46"/>
            <object_component_ref idref="oc-4a"/>
            <object_component_ref idref="oc-8a"/>
            <object_component_ref idref="oc-d9"/>
            <object_component_ref idref="oc-d7"/>
            <object_component_ref idref="oc-a7"/>
            <object_component_ref idref="oc-7d"/>
            <object_component_ref idref="oc-8d"/>
            <object_component_ref idref="oc-90"/>
            <object_component_ref idref="oc-aa"/>
            <object_component_ref idref="oc-e4"/>
            <object_component_ref idref="oc-d3"/>
            <object_component_ref idref="oc-e3"/>
            <object_component_ref idref="oc-c6"/>
            <object_component_ref idref="oc-9f"/>
            <object_component_ref idref="oc-ca"/>
            <object_component_ref idref="oc-ae"/>
            <object_component_ref idref="oc-97"/>
            <object_component_ref idref="oc-b2"/>
            <object_component_ref idref="oc-b7"/>
            <object_component_ref idref="oc-db"/>
            <object_component_ref idref="oc-ac"/>
            <object_component_ref idref="oc-df"/>
            <object_component_ref idref="oc-10c"/>
         </contents>
      </logical_group>
      <logical_group id="lg-ff" display="never" color="cyan">
         <name>.debug_str</name>
         <load_address>0x0</load_address>
         <run_address>0x0</run_address>
         <size>0xa37</size>
         <contents>
            <object_component_ref idref="oc-7c"/>
            <object_component_ref idref="oc-c5"/>
            <object_component_ref idref="oc-3e"/>
            <object_component_ref idref="oc-82"/>
            <object_component_ref idref="oc-4c"/>
            <object_component_ref idref="oc-8c"/>
            <object_component_ref idref="oc-cc"/>
            <object_component_ref idref="oc-b4"/>
            <object_component_ref idref="oc-b9"/>
            <object_component_ref idref="oc-e1"/>
         </contents>
      </logical_group>
      <logical_group id="lg-101" display="never" color="cyan">
         <name>.debug_aranges</name>
         <load_address>0x0</load_address>
         <run_address>0x0</run_address>
         <size>0x3d8</size>
         <contents>
            <object_component_ref idref="oc-9b"/>
            <object_component_ref idref="oc-bc"/>
            <object_component_ref idref="oc-2d"/>
            <object_component_ref idref="oc-27"/>
            <object_component_ref idref="oc-14"/>
            <object_component_ref idref="oc-42"/>
            <object_component_ref idref="oc-1b"/>
            <object_component_ref idref="oc-6d"/>
            <object_component_ref idref="oc-36"/>
            <object_component_ref idref="oc-4f"/>
            <object_component_ref idref="oc-5d"/>
            <object_component_ref idref="oc-d0"/>
            <object_component_ref idref="oc-67"/>
            <object_component_ref idref="oc-61"/>
            <object_component_ref idref="oc-93"/>
         </contents>
      </logical_group>
      <logical_group id="lg-103" display="never" color="cyan">
         <name>.debug_pubnames</name>
         <load_address>0x0</load_address>
         <run_address>0x0</run_address>
         <size>0x7a1</size>
         <contents>
            <object_component_ref idref="oc-9c"/>
            <object_component_ref idref="oc-bd"/>
            <object_component_ref idref="oc-12"/>
            <object_component_ref idref="oc-2e"/>
            <object_component_ref idref="oc-29"/>
            <object_component_ref idref="oc-18"/>
            <object_component_ref idref="oc-43"/>
            <object_component_ref idref="oc-1c"/>
            <object_component_ref idref="oc-a6"/>
            <object_component_ref idref="oc-6e"/>
            <object_component_ref idref="oc-37"/>
            <object_component_ref idref="oc-50"/>
            <object_component_ref idref="oc-5e"/>
            <object_component_ref idref="oc-73"/>
            <object_component_ref idref="oc-a3"/>
            <object_component_ref idref="oc-d1"/>
            <object_component_ref idref="oc-68"/>
            <object_component_ref idref="oc-62"/>
            <object_component_ref idref="oc-94"/>
         </contents>
      </logical_group>
      <logical_group id="lg-105" display="never" color="cyan">
         <name>.debug_pubtypes</name>
         <load_address>0x0</load_address>
         <run_address>0x0</run_address>
         <size>0x46a</size>
         <contents>
            <object_component_ref idref="oc-79"/>
            <object_component_ref idref="oc-c2"/>
            <object_component_ref idref="oc-3b"/>
            <object_component_ref idref="oc-7f"/>
            <object_component_ref idref="oc-49"/>
            <object_component_ref idref="oc-89"/>
            <object_component_ref idref="oc-a9"/>
            <object_component_ref idref="oc-d6"/>
            <object_component_ref idref="oc-c9"/>
            <object_component_ref idref="oc-b1"/>
            <object_component_ref idref="oc-b6"/>
            <object_component_ref idref="oc-de"/>
         </contents>
      </logical_group>
      <load_segment id="lg-10f" display="no" color="cyan">
         <name>SEGMENT_0</name>
         <load_address>0x0</load_address>
         <run_address>0x0</run_address>
         <size>0x648</size>
         <flags>0x5</flags>
         <contents>
            <logical_group_ref idref="lg-4"/>
            <logical_group_ref idref="lg-5"/>
            <logical_group_ref idref="lg-7"/>
         </contents>
      </load_segment>
      <load_segment id="lg-110" display="no" color="cyan">
         <name>SEGMENT_1</name>
         <run_address>0x20000000</run_address>
         <size>0x14</size>
         <flags>0x6</flags>
         <contents>
            <logical_group_ref idref="lg-b"/>
         </contents>
      </load_segment>
      <load_segment id="lg-111" display="no" color="cyan">
         <name>SEGMENT_2</name>
         <run_address>0x2000fe00</run_address>
         <size>0x200</size>
         <flags>0x6</flags>
         <contents>
            <logical_group_ref idref="lg-e"/>
         </contents>
      </load_segment>
   </logical_group_list>
   <placement_map>
      <memory_area display="yes" color="green">
         <name>MAIN</name>
         <page_id>0x0</page_id>
         <origin>0x0</origin>
         <length>0x40000</length>
         <used_space>0x644</used_space>
         <unused_space>0x3f9bc</unused_space>
         <attributes>RX</attributes>
         <usage_details>
            <allocated_space>
               <start_address>0x0</start_address>
               <size>0x144</size>
               <logical_group_ref idref="lg-4"/>
            </allocated_space>
            <allocated_space>
               <start_address>0x144</start_address>
               <size>0x4e0</size>
               <logical_group_ref idref="lg-5"/>
            </allocated_space>
            <available_space>
               <start_address>0x624</start_address>
               <size>0x4</size>
            </available_space>
            <allocated_space>
               <start_address>0x628</start_address>
               <size>0x20</size>
               <logical_group_ref idref="lg-7"/>
            </allocated_space>
            <available_space>
               <start_address>0x648</start_address>
               <size>0x3f9b8</size>
            </available_space>
         </usage_details>
      </memory_area>
      <memory_area display="yes" color="green">
         <name>INFO</name>
         <page_id>0x0</page_id>
         <origin>0x200000</origin>
         <length>0x4000</length>
         <used_space>0x0</used_space>
         <unused_space>0x4000</unused_space>
         <attributes>RX</attributes>
         <usage_details>
         </usage_details>
      </memory_area>
      <memory_area display="yes" color="green">
         <name>SRAM_CODE</name>
         <page_id>0x0</page_id>
         <origin>0x1000000</origin>
         <length>0x10000</length>
         <used_space>0x0</used_space>
         <unused_space>0x10000</unused_space>
         <attributes>RWX</attributes>
         <usage_details>
         </usage_details>
      </memory_area>
      <memory_area display="yes" color="green">
         <name>SRAM_DATA</name>
         <page_id>0x0</page_id>
         <origin>0x20000000</origin>
         <length>0x10000</length>
         <used_space>0x214</used_space>
         <unused_space>0xfdec</unused_space>
         <attributes>RW</attributes>
         <usage_details>
            <allocated_space>
               <start_address>0x20000000</start_address>
               <size>0x14</size>
               <logical_group_ref idref="lg-e8"/>
            </allocated_space>
            <available_space>
               <start_address>0x20000014</start_address>
               <size>0xfdec</size>
            </available_space>
            <allocated_space>
               <start_address>0x2000fe00</start_address>
               <size>0x200</size>
               <logical_group_ref idref="lg-e"/>
            </allocated_space>
         </usage_details>
      </memory_area>
   </placement_map>
   <cptbl_list>
      <cptbl>
         <name>__TI_cinit_table</name>
         <cprec>
            <name>.data</name>
            <load_address>0x628</load_address>
            <load_size>0xf</load_size>
            <run_address>0x20000000</run_address>
            <run_size>0x14</run_size>
            <compression>rle</compression>
         </cprec>
      </cptbl>
   </cptbl_list>
   <handler_table>
      <handler_table_name>__TI_handler_table</handler_table_name>
      <handler>
         <index>0x0</index>
         <name>__TI_decompress_rle24</name>
      </handler>
      <handler>
         <index>0x1</index>
         <name>__TI_decompress_none</name>
      </handler>
   </handler_table>
   <symbol_table>
      <symbol id="sm-1">
         <name>WDTCTL_SYM</name>
         <value>0x4000480c</value>
      </symbol>
      <symbol id="sm-2">
         <name>__TI_CINIT_Base</name>
         <value>0x640</value>
      </symbol>
      <symbol id="sm-3">
         <name>__TI_CINIT_Limit</name>
         <value>0x648</value>
      </symbol>
      <symbol id="sm-4">
         <name>__TI_Handler_Table_Base</name>
         <value>0x638</value>
      </symbol>
      <symbol id="sm-5">
         <name>__TI_Handler_Table_Limit</name>
         <value>0x640</value>
      </symbol>
      <symbol id="sm-6">
         <name>binit</name>
         <value>0xffffffff</value>
      </symbol>
      <symbol id="sm-7">
         <name>__binit__</name>
         <value>0xffffffff</value>
      </symbol>
      <symbol id="sm-8">
         <name>__STACK_SIZE</name>
         <value>0x200</value>
      </symbol>
      <symbol id="sm-9">
         <name>__STACK_END</name>
         <value>0x20010000</value>
      </symbol>
      <symbol id="sm-a">
         <name>__c_args__</name>
         <value>0xffffffff</value>
      </symbol>
      <symbol id="sm-3e">
         <name>main</name>
         <value>0x1cd</value>
         <object_component_ref idref="oc-99"/>
      </symbol>
      <symbol id="sm-3f">
         <name>GPIO_Init</name>
         <value>0x145</value>
         <object_component_ref idref="oc-99"/>
      </symbol>
      <symbol id="sm-40">
         <name>main1</name>
         <value>0x165</value>
         <object_component_ref idref="oc-99"/>
      </symbol>
      <symbol id="sm-54">
         <name>SysTick_Wait</name>
         <value>0x3cd</value>
         <object_component_ref idref="oc-ba"/>
      </symbol>
      <symbol id="sm-55">
         <name>SysTick_Wait10ms</name>
         <value>0x3f3</value>
         <object_component_ref idref="oc-ba"/>
      </symbol>
      <symbol id="sm-56">
         <name>SysTick_Init</name>
         <value>0x3b1</value>
         <object_component_ref idref="oc-ba"/>
      </symbol>
      <symbol id="sm-d6">
         <name>T32_INT2_IRQHandler</name>
         <value>0x2f5</value>
         <object_component_ref idref="oc-2b"/>
      </symbol>
      <symbol id="sm-d7">
         <name>PendSV_Handler</name>
         <value>0x2bd</value>
         <object_component_ref idref="oc-2b"/>
      </symbol>
      <symbol id="sm-d8">
         <name>SysTick_Handler</name>
         <value>0x2bf</value>
         <object_component_ref idref="oc-2b"/>
      </symbol>
      <symbol id="sm-d9">
         <name>EUSCIA3_IRQHandler</name>
         <value>0x2e7</value>
         <object_component_ref idref="oc-2b"/>
      </symbol>
      <symbol id="sm-da">
         <name>SVC_Handler</name>
         <value>0x2b9</value>
         <object_component_ref idref="oc-2b"/>
      </symbol>
      <symbol id="sm-db">
         <name>EUSCIB1_IRQHandler</name>
         <value>0x2eb</value>
         <object_component_ref idref="oc-2b"/>
      </symbol>
      <symbol id="sm-dc">
         <name>PORT4_IRQHandler</name>
         <value>0x30d</value>
         <object_component_ref idref="oc-2b"/>
      </symbol>
      <symbol id="sm-dd">
         <name>AES256_IRQHandler</name>
         <value>0x2f9</value>
         <object_component_ref idref="oc-2b"/>
      </symbol>
      <symbol id="sm-de">
         <name>FPU_IRQHandler</name>
         <value>0x2c9</value>
         <object_component_ref idref="oc-2b"/>
      </symbol>
      <symbol id="sm-df">
         <name>EUSCIB2_IRQHandler</name>
         <value>0x2ed</value>
         <object_component_ref idref="oc-2b"/>
      </symbol>
      <symbol id="sm-e0">
         <name>PORT1_IRQHandler</name>
         <value>0x307</value>
         <object_component_ref idref="oc-2b"/>
      </symbol>
      <symbol id="sm-e1">
         <name>RTC_C_IRQHandler</name>
         <value>0x2fb</value>
         <object_component_ref idref="oc-2b"/>
      </symbol>
      <symbol id="sm-e2">
         <name>TA2_0_IRQHandler</name>
         <value>0x2d9</value>
         <object_component_ref idref="oc-2b"/>
      </symbol>
      <symbol id="sm-e3">
         <name>TA3_N_IRQHandler</name>
         <value>0x2df</value>
         <object_component_ref idref="oc-2b"/>
      </symbol>
      <symbol id="sm-e4">
         <name>DMA_INT3_IRQHandler</name>
         <value>0x2ff</value>
         <object_component_ref idref="oc-2b"/>
      </symbol>
      <symbol id="sm-e5">
         <name>PORT2_IRQHandler</name>
         <value>0x309</value>
         <object_component_ref idref="oc-2b"/>
      </symbol>
      <symbol id="sm-e6">
         <name>StartCritical</name>
         <value>0x31f</value>
         <object_component_ref idref="oc-2b"/>
      </symbol>
      <symbol id="sm-e7">
         <name>TA0_0_IRQHandler</name>
         <value>0x2d1</value>
         <object_component_ref idref="oc-2b"/>
      </symbol>
      <symbol id="sm-e8">
         <name>PSS_IRQHandler</name>
         <value>0x2c1</value>
         <object_component_ref idref="oc-2b"/>
      </symbol>
      <symbol id="sm-e9">
         <name>TA1_N_IRQHandler</name>
         <value>0x2d7</value>
         <object_component_ref idref="oc-2b"/>
      </symbol>
      <symbol id="sm-ea">
         <name>EUSCIA1_IRQHandler</name>
         <value>0x2e3</value>
         <object_component_ref idref="oc-2b"/>
      </symbol>
      <symbol id="sm-eb">
         <name>EUSCIA2_IRQHandler</name>
         <value>0x2e5</value>
         <object_component_ref idref="oc-2b"/>
      </symbol>
      <symbol id="sm-ec">
         <name>COMP_E0_IRQHandler</name>
         <value>0x2cd</value>
         <object_component_ref idref="oc-2b"/>
      </symbol>
      <symbol id="sm-ed">
         <name>WDT_A_IRQHandler</name>
         <value>0x2c7</value>
         <object_component_ref idref="oc-2b"/>
      </symbol>
      <symbol id="sm-ee">
         <name>EUSCIB0_IRQHandler</name>
         <value>0x2e9</value>
         <object_component_ref idref="oc-2b"/>
      </symbol>
      <symbol id="sm-ef">
         <name>FLCTL_IRQHandler</name>
         <value>0x2cb</value>
         <object_component_ref idref="oc-2b"/>
      </symbol>
      <symbol id="sm-f0">
         <name>EndCritical</name>
         <value>0x329</value>
         <object_component_ref idref="oc-2b"/>
      </symbol>
      <symbol id="sm-f1">
         <name>DMA_INT1_IRQHandler</name>
         <value>0x303</value>
         <object_component_ref idref="oc-2b"/>
      </symbol>
      <symbol id="sm-f2">
         <name>PCM_IRQHandler</name>
         <value>0x2c5</value>
         <object_component_ref idref="oc-2b"/>
      </symbol>
      <symbol id="sm-f3">
         <name>ADC14_IRQHandler</name>
         <value>0x2f1</value>
         <object_component_ref idref="oc-2b"/>
      </symbol>
      <symbol id="sm-f4">
         <name>T32_INTC_IRQHandler</name>
         <value>0x2f7</value>
         <object_component_ref idref="oc-2b"/>
      </symbol>
      <symbol id="sm-f5">
         <name>DMA_INT2_IRQHandler</name>
         <value>0x301</value>
         <object_component_ref idref="oc-2b"/>
      </symbol>
      <symbol id="sm-f6">
         <name>TA3_0_IRQHandler</name>
         <value>0x2dd</value>
         <object_component_ref idref="oc-2b"/>
      </symbol>
      <symbol id="sm-f7">
         <name>EUSCIA0_IRQHandler</name>
         <value>0x2e1</value>
         <object_component_ref idref="oc-2b"/>
      </symbol>
      <symbol id="sm-f8">
         <name>DMA_ERR_IRQHandler</name>
         <value>0x2fd</value>
         <object_component_ref idref="oc-2b"/>
      </symbol>
      <symbol id="sm-f9">
         <name>DisableInterrupts</name>
         <value>0x313</value>
         <object_component_ref idref="oc-2b"/>
      </symbol>
      <symbol id="sm-fa">
         <name>PORT5_IRQHandler</name>
         <value>0x30f</value>
         <object_component_ref idref="oc-2b"/>
      </symbol>
      <symbol id="sm-fb">
         <name>TA1_0_IRQHandler</name>
         <value>0x2d5</value>
         <object_component_ref idref="oc-2b"/>
      </symbol>
      <symbol id="sm-fc">
         <name>TA2_N_IRQHandler</name>
         <value>0x2db</value>
         <object_component_ref idref="oc-2b"/>
      </symbol>
      <symbol id="sm-fd">
         <name>COMP_E1_IRQHandler</name>
         <value>0x2cf</value>
         <object_component_ref idref="oc-2b"/>
      </symbol>
      <symbol id="sm-fe">
         <name>EUSCIB3_IRQHandler</name>
         <value>0x2ef</value>
         <object_component_ref idref="oc-2b"/>
      </symbol>
      <symbol id="sm-ff">
         <name>WaitForInterrupt</name>
         <value>0x331</value>
         <object_component_ref idref="oc-2b"/>
      </symbol>
      <symbol id="sm-100">
         <name>interruptVectors</name>
         <value>0x0</value>
         <object_component_ref idref="oc-10"/>
      </symbol>
      <symbol id="sm-101">
         <name>EnableInterrupts</name>
         <value>0x319</value>
         <object_component_ref idref="oc-2b"/>
      </symbol>
      <symbol id="sm-102">
         <name>PORT6_IRQHandler</name>
         <value>0x311</value>
         <object_component_ref idref="oc-2b"/>
      </symbol>
      <symbol id="sm-103">
         <name>TA0_N_IRQHandler</name>
         <value>0x2d3</value>
         <object_component_ref idref="oc-2b"/>
      </symbol>
      <symbol id="sm-104">
         <name>T32_INT1_IRQHandler</name>
         <value>0x2f3</value>
         <object_component_ref idref="oc-2b"/>
      </symbol>
      <symbol id="sm-105">
         <name>DebugMon_Handler</name>
         <value>0x2bb</value>
         <object_component_ref idref="oc-2b"/>
      </symbol>
      <symbol id="sm-106">
         <name>DMA_INT0_IRQHandler</name>
         <value>0x305</value>
         <object_component_ref idref="oc-2b"/>
      </symbol>
      <symbol id="sm-107">
         <name>PORT3_IRQHandler</name>
         <value>0x30b</value>
         <object_component_ref idref="oc-2b"/>
      </symbol>
      <symbol id="sm-108">
         <name>CS_IRQHandler</name>
         <value>0x2c3</value>
         <object_component_ref idref="oc-2b"/>
      </symbol>
      <symbol id="sm-11a">
         <name>_c_int00</name>
         <value>0x501</value>
         <object_component_ref idref="oc-25"/>
      </symbol>
      <symbol id="sm-11b">
         <name>__stack</name>
         <value>0x2000fe00</value>
         <object_component_ref idref="oc-2a"/>
      </symbol>
      <symbol id="sm-132">
         <name>__TI_decompress_none</name>
         <value>0x60d</value>
         <object_component_ref idref="oc-13"/>
      </symbol>
      <symbol id="sm-15a">
         <name>__TI_decompress_rle24</name>
         <value>0x61b</value>
         <object_component_ref idref="oc-19"/>
      </symbol>
      <symbol id="sm-17a">
         <name>C$$EXIT</name>
         <value>0x59d</value>
         <object_component_ref idref="oc-6b"/>
      </symbol>
      <symbol id="sm-17b">
         <name>abort</name>
         <value>0x5a1</value>
         <object_component_ref idref="oc-6b"/>
      </symbol>
      <symbol id="sm-17c">
         <name>exit</name>
         <value>0x5a9</value>
         <object_component_ref idref="oc-6b"/>
      </symbol>
      <symbol id="sm-17d">
         <name>__TI_dtors_ptr</name>
         <value>0x2000000c</value>
         <object_component_ref idref="oc-a4"/>
      </symbol>
      <symbol id="sm-17e">
         <name>__TI_cleanup_ptr</name>
         <value>0x20000008</value>
         <object_component_ref idref="oc-a4"/>
      </symbol>
      <symbol id="sm-199">
         <name>memcpy</name>
         <value>0x201</value>
         <object_component_ref idref="oc-34"/>
      </symbol>
      <symbol id="sm-19a">
         <name>__aeabi_memcpy</name>
         <value>0x201</value>
         <object_component_ref idref="oc-34"/>
      </symbol>
      <symbol id="sm-19b">
         <name>__aeabi_memcpy8</name>
         <value>0x201</value>
         <object_component_ref idref="oc-34"/>
      </symbol>
      <symbol id="sm-19c">
         <name>__aeabi_memcpy4</name>
         <value>0x201</value>
         <object_component_ref idref="oc-34"/>
      </symbol>
      <symbol id="sm-1ab">
         <name>__aeabi_memset</name>
         <value>0x339</value>
         <object_component_ref idref="oc-4d"/>
      </symbol>
      <symbol id="sm-1ac">
         <name>memset</name>
         <value>0x33f</value>
         <object_component_ref idref="oc-4d"/>
      </symbol>
      <symbol id="sm-1ad">
         <name>__aeabi_memset8</name>
         <value>0x339</value>
         <object_component_ref idref="oc-4d"/>
      </symbol>
      <symbol id="sm-1ae">
         <name>__aeabi_memset4</name>
         <value>0x339</value>
         <object_component_ref idref="oc-4d"/>
      </symbol>
      <symbol id="sm-1af">
         <name>__aeabi_memclr8</name>
         <value>0x337</value>
         <object_component_ref idref="oc-4d"/>
      </symbol>
      <symbol id="sm-1b0">
         <name>__aeabi_memclr4</name>
         <value>0x337</value>
         <object_component_ref idref="oc-4d"/>
      </symbol>
      <symbol id="sm-1b1">
         <name>__aeabi_memclr</name>
         <value>0x337</value>
         <object_component_ref idref="oc-4d"/>
      </symbol>
      <symbol id="sm-1bb">
         <name>_system_pre_init</name>
         <value>0x621</value>
         <object_component_ref idref="oc-59"/>
      </symbol>
      <symbol id="sm-1c3">
         <name>main_func_sp</name>
         <value>0x20000010</value>
         <object_component_ref idref="oc-71"/>
      </symbol>
      <symbol id="sm-1dc">
         <name>_nop</name>
         <value>0x607</value>
         <object_component_ref idref="oc-cd"/>
      </symbol>
      <symbol id="sm-1dd">
         <name>_lock</name>
         <value>0x20000000</value>
         <object_component_ref idref="oc-a1"/>
      </symbol>
      <symbol id="sm-1de">
         <name>_unlock</name>
         <value>0x20000004</value>
         <object_component_ref idref="oc-a1"/>
      </symbol>
      <symbol id="sm-1df">
         <name>_register_lock</name>
         <value>0x5ff</value>
         <object_component_ref idref="oc-cd"/>
      </symbol>
      <symbol id="sm-1e0">
         <name>_register_unlock</name>
         <value>0x5f9</value>
         <object_component_ref idref="oc-cd"/>
      </symbol>
      <symbol id="sm-1f5">
         <name>_args_main</name>
         <value>0x5e1</value>
         <object_component_ref idref="oc-65"/>
      </symbol>
      <symbol id="sm-21b">
         <name>__TI_auto_init</name>
         <value>0x429</value>
         <object_component_ref idref="oc-5f"/>
      </symbol>
      <symbol id="sm-235">
         <name>copy_in</name>
         <value>0x551</value>
         <object_component_ref idref="oc-91"/>
      </symbol>
      <symbol id="sm-236">
         <name>__TI_static_base__</name>
         <value>0x0</value>
      </symbol>
      <symbol id="sm-239">
         <name>SHT$$INIT_ARRAY$$Limit</name>
         <value>0x0</value>
      </symbol>
      <symbol id="sm-23a">
         <name>SHT$$INIT_ARRAY$$Base</name>
         <value>0x0</value>
      </symbol>
   </symbol_table>
   <title>Link successful</title>
</link_info>
