<?xml version="1.0"?>
<link_info>
   <banner>TI ARM Linker PC v5.2.4</banner>
   <copyright>Copyright (c) 1996-2015 Texas Instruments Incorporated</copyright>
   <link_time>0x575f207a</link_time>
   <link_errors>0x0</link_errors>
   <output_file>GPIO_MSP432asm.out</output_file>
   <entry_point>
      <name>_c_int00</name>
      <address>0x361</address>
   </entry_point>
   <input_file_list>
      <input_file id="fl-2">
         <path>.\</path>
         <kind>object</kind>
         <file>GPIO.obj</file>
         <name>GPIO.obj</name>
      </input_file>
      <input_file id="fl-3">
         <path>.\</path>
         <kind>object</kind>
         <file>msp432_startup_ccs.obj</file>
         <name>msp432_startup_ccs.obj</name>
      </input_file>
      <input_file id="fl-129">
         <path>C:\ti\ccsv6\tools\compiler\ti-cgt-arm_5.2.4\lib\</path>
         <kind>archive</kind>
         <file>rtsv7M4_T_le_v4SPD16_eabi.lib</file>
         <name>boot.obj</name>
      </input_file>
      <input_file id="fl-12a">
         <path>C:\ti\ccsv6\tools\compiler\ti-cgt-arm_5.2.4\lib\</path>
         <kind>archive</kind>
         <file>rtsv7M4_T_le_v4SPD16_eabi.lib</file>
         <name>exit.obj</name>
      </input_file>
      <input_file id="fl-12b">
         <path>C:\ti\ccsv6\tools\compiler\ti-cgt-arm_5.2.4\lib\</path>
         <kind>archive</kind>
         <file>rtsv7M4_T_le_v4SPD16_eabi.lib</file>
         <name>pre_init.obj</name>
      </input_file>
      <input_file id="fl-12c">
         <path>C:\ti\ccsv6\tools\compiler\ti-cgt-arm_5.2.4\lib\</path>
         <kind>archive</kind>
         <file>rtsv7M4_T_le_v4SPD16_eabi.lib</file>
         <name>stkdepth_vars.obj</name>
      </input_file>
      <input_file id="fl-12d">
         <path>C:\ti\ccsv6\tools\compiler\ti-cgt-arm_5.2.4\lib\</path>
         <kind>archive</kind>
         <file>rtsv7M4_T_le_v4SPD16_eabi.lib</file>
         <name>_lock.obj</name>
      </input_file>
      <input_file id="fl-12e">
         <path>C:\ti\ccsv6\tools\compiler\ti-cgt-arm_5.2.4\lib\</path>
         <kind>archive</kind>
         <file>rtsv7M4_T_le_v4SPD16_eabi.lib</file>
         <name>args_main.obj</name>
      </input_file>
      <input_file id="fl-12f">
         <path>C:\ti\ccsv6\tools\compiler\ti-cgt-arm_5.2.4\lib\</path>
         <kind>archive</kind>
         <file>rtsv7M4_T_le_v4SPD16_eabi.lib</file>
         <name>autoinit.obj</name>
      </input_file>
      <input_file id="fl-130">
         <path>C:\ti\ccsv6\tools\compiler\ti-cgt-arm_5.2.4\lib\</path>
         <kind>archive</kind>
         <file>rtsv7M4_T_le_v4SPD16_eabi.lib</file>
         <name>cpy_tbl.obj</name>
      </input_file>
      <input_file id="fl-131">
         <path>C:\ti\ccsv6\tools\compiler\ti-cgt-arm_5.2.4\lib\</path>
         <kind>archive</kind>
         <file>rtsv7M4_T_le_v4SPD16_eabi.lib</file>
         <name>memcpy_t2.obj</name>
      </input_file>
   </input_file_list>
   <object_component_list>
      <object_component id="oc-10">
         <name>.intvecs</name>
         <load_address>0x0</load_address>
         <run_address>0x0</run_address>
         <size>0x144</size>
         <input_file_ref idref="fl-3"/>
      </object_component>
      <object_component id="oc-61">
         <name>.text</name>
         <load_address>0x144</load_address>
         <run_address>0x144</run_address>
         <size>0x9c</size>
         <input_file_ref idref="fl-131"/>
      </object_component>
      <object_component id="oc-14">
         <name>.text</name>
         <load_address>0x1e0</load_address>
         <run_address>0x1e0</run_address>
         <size>0x9a</size>
         <input_file_ref idref="fl-3"/>
      </object_component>
      <object_component id="oc-4f">
         <name>.text</name>
         <load_address>0x27c</load_address>
         <run_address>0x27c</run_address>
         <size>0x78</size>
         <input_file_ref idref="fl-2"/>
      </object_component>
      <object_component id="oc-30">
         <name>.text</name>
         <load_address>0x2f4</load_address>
         <run_address>0x2f4</run_address>
         <size>0x6c</size>
         <input_file_ref idref="fl-12f"/>
      </object_component>
      <object_component id="oc-1d">
         <name>.text</name>
         <load_address>0x360</load_address>
         <run_address>0x360</run_address>
         <size>0x50</size>
         <input_file_ref idref="fl-129"/>
      </object_component>
      <object_component id="oc-47">
         <name>.text</name>
         <load_address>0x3b0</load_address>
         <run_address>0x3b0</run_address>
         <size>0x4c</size>
         <input_file_ref idref="fl-130"/>
      </object_component>
      <object_component id="oc-3c">
         <name>.text</name>
         <load_address>0x3fc</load_address>
         <run_address>0x3fc</run_address>
         <size>0x44</size>
         <input_file_ref idref="fl-12a"/>
      </object_component>
      <object_component id="oc-36">
         <name>.text</name>
         <load_address>0x440</load_address>
         <run_address>0x440</run_address>
         <size>0x18</size>
         <input_file_ref idref="fl-12e"/>
      </object_component>
      <object_component id="oc-7c">
         <name>.text</name>
         <load_address>0x458</load_address>
         <run_address>0x458</run_address>
         <size>0x14</size>
         <input_file_ref idref="fl-12d"/>
      </object_component>
      <object_component id="oc-2a">
         <name>.text</name>
         <load_address>0x46c</load_address>
         <run_address>0x46c</run_address>
         <size>0x4</size>
         <input_file_ref idref="fl-12b"/>
      </object_component>
      <object_component id="oc-13">
         <name>.stack</name>
         <uninitialized>true</uninitialized>
         <run_address>0x20010000</run_address>
         <size>0x0</size>
         <input_file_ref idref="fl-129"/>
      </object_component>
      <object_component id="oc-bc">
         <name>.stack</name>
         <uninitialized>true</uninitialized>
         <run_address>0x20010000</run_address>
         <size>0x0</size>
      </object_component>
      <object_component id="oc-56">
         <name>.data</name>
         <load_address>0x20000000</load_address>
         <run_address>0x20000000</run_address>
         <size>0x8</size>
         <input_file_ref idref="fl-12d"/>
      </object_component>
      <object_component id="oc-59">
         <name>.data</name>
         <load_address>0x20000008</load_address>
         <run_address>0x20000008</run_address>
         <size>0x8</size>
         <input_file_ref idref="fl-12a"/>
      </object_component>
      <object_component id="oc-42">
         <name>.data</name>
         <load_address>0x20000010</load_address>
         <run_address>0x20000010</run_address>
         <size>0x4</size>
         <input_file_ref idref="fl-12c"/>
      </object_component>
      <object_component id="oc-50">
         <name>.debug_info</name>
         <load_address>0x0</load_address>
         <run_address>0x0</run_address>
         <size>0x10e</size>
         <input_file_ref idref="fl-2"/>
      </object_component>
      <object_component id="oc-1c">
         <name>.debug_info</name>
         <load_address>0x10e</load_address>
         <run_address>0x10e</run_address>
         <size>0x103</size>
         <input_file_ref idref="fl-3"/>
      </object_component>
      <object_component id="oc-11">
         <name>.debug_info</name>
         <load_address>0x211</load_address>
         <run_address>0x211</run_address>
         <size>0xf0</size>
         <input_file_ref idref="fl-3"/>
      </object_component>
      <object_component id="oc-15">
         <name>.debug_info</name>
         <load_address>0x301</load_address>
         <run_address>0x301</run_address>
         <size>0x169c</size>
         <input_file_ref idref="fl-3"/>
      </object_component>
      <object_component id="oc-25">
         <name>.debug_info</name>
         <load_address>0x199d</load_address>
         <run_address>0x199d</run_address>
         <size>0x84</size>
         <input_file_ref idref="fl-3"/>
      </object_component>
      <object_component id="oc-1e">
         <name>.debug_info</name>
         <load_address>0x1a21</load_address>
         <run_address>0x1a21</run_address>
         <size>0x136</size>
         <input_file_ref idref="fl-129"/>
      </object_component>
      <object_component id="oc-5d">
         <name>.debug_info</name>
         <load_address>0x1b57</load_address>
         <run_address>0x1b57</run_address>
         <size>0x174</size>
         <input_file_ref idref="fl-12a"/>
      </object_component>
      <object_component id="oc-5a">
         <name>.debug_info</name>
         <load_address>0x1ccb</load_address>
         <run_address>0x1ccb</run_address>
         <size>0x119</size>
         <input_file_ref idref="fl-12a"/>
      </object_component>
      <object_component id="oc-3d">
         <name>.debug_info</name>
         <load_address>0x1de4</load_address>
         <run_address>0x1de4</run_address>
         <size>0x1f0</size>
         <input_file_ref idref="fl-12a"/>
      </object_component>
      <object_component id="oc-2b">
         <name>.debug_info</name>
         <load_address>0x1fd4</load_address>
         <run_address>0x1fd4</run_address>
         <size>0x12b</size>
         <input_file_ref idref="fl-12b"/>
      </object_component>
      <object_component id="oc-43">
         <name>.debug_info</name>
         <load_address>0x20ff</load_address>
         <run_address>0x20ff</run_address>
         <size>0xec</size>
         <input_file_ref idref="fl-12c"/>
      </object_component>
      <object_component id="oc-84">
         <name>.debug_info</name>
         <load_address>0x21eb</load_address>
         <run_address>0x21eb</run_address>
         <size>0x107</size>
         <input_file_ref idref="fl-12d"/>
      </object_component>
      <object_component id="oc-57">
         <name>.debug_info</name>
         <load_address>0x22f2</load_address>
         <run_address>0x22f2</run_address>
         <size>0xf6</size>
         <input_file_ref idref="fl-12d"/>
      </object_component>
      <object_component id="oc-7d">
         <name>.debug_info</name>
         <load_address>0x23e8</load_address>
         <run_address>0x23e8</run_address>
         <size>0x202</size>
         <input_file_ref idref="fl-12d"/>
      </object_component>
      <object_component id="oc-55">
         <name>.debug_info</name>
         <load_address>0x25ea</load_address>
         <run_address>0x25ea</run_address>
         <size>0x149</size>
         <input_file_ref idref="fl-12e"/>
      </object_component>
      <object_component id="oc-37">
         <name>.debug_info</name>
         <load_address>0x2733</load_address>
         <run_address>0x2733</run_address>
         <size>0x14a</size>
         <input_file_ref idref="fl-12e"/>
      </object_component>
      <object_component id="oc-77">
         <name>.debug_info</name>
         <load_address>0x287d</load_address>
         <run_address>0x287d</run_address>
         <size>0x5e</size>
         <input_file_ref idref="fl-12e"/>
      </object_component>
      <object_component id="oc-4e">
         <name>.debug_info</name>
         <load_address>0x28db</load_address>
         <run_address>0x28db</run_address>
         <size>0x2a0</size>
         <input_file_ref idref="fl-12f"/>
      </object_component>
      <object_component id="oc-31">
         <name>.debug_info</name>
         <load_address>0x2b7b</load_address>
         <run_address>0x2b7b</run_address>
         <size>0x15a</size>
         <input_file_ref idref="fl-12f"/>
      </object_component>
      <object_component id="oc-6a">
         <name>.debug_info</name>
         <load_address>0x2cd5</load_address>
         <run_address>0x2cd5</run_address>
         <size>0x39</size>
         <input_file_ref idref="fl-12f"/>
      </object_component>
      <object_component id="oc-6f">
         <name>.debug_info</name>
         <load_address>0x2d0e</load_address>
         <run_address>0x2d0e</run_address>
         <size>0xcd</size>
         <input_file_ref idref="fl-12f"/>
      </object_component>
      <object_component id="oc-67">
         <name>.debug_info</name>
         <load_address>0x2ddb</load_address>
         <run_address>0x2ddb</run_address>
         <size>0x1c3</size>
         <input_file_ref idref="fl-130"/>
      </object_component>
      <object_component id="oc-48">
         <name>.debug_info</name>
         <load_address>0x2f9e</load_address>
         <run_address>0x2f9e</run_address>
         <size>0x166</size>
         <input_file_ref idref="fl-130"/>
      </object_component>
      <object_component id="oc-92">
         <name>.debug_info</name>
         <load_address>0x3104</load_address>
         <run_address>0x3104</run_address>
         <size>0x2c</size>
         <input_file_ref idref="fl-130"/>
      </object_component>
      <object_component id="oc-8d">
         <name>.debug_info</name>
         <load_address>0x3130</load_address>
         <run_address>0x3130</run_address>
         <size>0x2c</size>
         <input_file_ref idref="fl-130"/>
      </object_component>
      <object_component id="oc-64">
         <name>.debug_info</name>
         <load_address>0x315c</load_address>
         <run_address>0x315c</run_address>
         <size>0xf8</size>
         <input_file_ref idref="fl-131"/>
      </object_component>
      <object_component id="oc-bd">
         <name>.debug_info</name>
         <load_address>0x3254</load_address>
         <run_address>0x3254</run_address>
         <size>0xa8</size>
      </object_component>
      <object_component id="oc-53">
         <name>.debug_line</name>
         <load_address>0x0</load_address>
         <run_address>0x0</run_address>
         <size>0x66</size>
         <input_file_ref idref="fl-2"/>
      </object_component>
      <object_component id="oc-24">
         <name>.debug_line</name>
         <load_address>0x66</load_address>
         <run_address>0x66</run_address>
         <size>0x3b</size>
         <input_file_ref idref="fl-3"/>
      </object_component>
      <object_component id="oc-1b">
         <name>.debug_line</name>
         <load_address>0xa1</load_address>
         <run_address>0xa1</run_address>
         <size>0x3b</size>
         <input_file_ref idref="fl-3"/>
      </object_component>
      <object_component id="oc-18">
         <name>.debug_line</name>
         <load_address>0xdc</load_address>
         <run_address>0xdc</run_address>
         <size>0x55a</size>
         <input_file_ref idref="fl-3"/>
      </object_component>
      <object_component id="oc-28">
         <name>.debug_line</name>
         <load_address>0x636</load_address>
         <run_address>0x636</run_address>
         <size>0x20</size>
         <input_file_ref idref="fl-3"/>
      </object_component>
      <object_component id="oc-21">
         <name>.debug_line</name>
         <load_address>0x656</load_address>
         <run_address>0x656</run_address>
         <size>0x52</size>
         <input_file_ref idref="fl-129"/>
      </object_component>
      <object_component id="oc-89">
         <name>.debug_line</name>
         <load_address>0x6a8</load_address>
         <run_address>0x6a8</run_address>
         <size>0x71</size>
         <input_file_ref idref="fl-12a"/>
      </object_component>
      <object_component id="oc-87">
         <name>.debug_line</name>
         <load_address>0x719</load_address>
         <run_address>0x719</run_address>
         <size>0x2a</size>
         <input_file_ref idref="fl-12a"/>
      </object_component>
      <object_component id="oc-40">
         <name>.debug_line</name>
         <load_address>0x743</load_address>
         <run_address>0x743</run_address>
         <size>0x7a</size>
         <input_file_ref idref="fl-12a"/>
      </object_component>
      <object_component id="oc-2e">
         <name>.debug_line</name>
         <load_address>0x7bd</load_address>
         <run_address>0x7bd</run_address>
         <size>0x40</size>
         <input_file_ref idref="fl-12b"/>
      </object_component>
      <object_component id="oc-60">
         <name>.debug_line</name>
         <load_address>0x7fd</load_address>
         <run_address>0x7fd</run_address>
         <size>0x33</size>
         <input_file_ref idref="fl-12c"/>
      </object_component>
      <object_component id="oc-99">
         <name>.debug_line</name>
         <load_address>0x830</load_address>
         <run_address>0x830</run_address>
         <size>0x20</size>
         <input_file_ref idref="fl-12d"/>
      </object_component>
      <object_component id="oc-83">
         <name>.debug_line</name>
         <load_address>0x850</load_address>
         <run_address>0x850</run_address>
         <size>0x2b</size>
         <input_file_ref idref="fl-12d"/>
      </object_component>
      <object_component id="oc-80">
         <name>.debug_line</name>
         <load_address>0x87b</load_address>
         <run_address>0x87b</run_address>
         <size>0x68</size>
         <input_file_ref idref="fl-12d"/>
      </object_component>
      <object_component id="oc-76">
         <name>.debug_line</name>
         <load_address>0x8e3</load_address>
         <run_address>0x8e3</run_address>
         <size>0x2b</size>
         <input_file_ref idref="fl-12e"/>
      </object_component>
      <object_component id="oc-3a">
         <name>.debug_line</name>
         <load_address>0x90e</load_address>
         <run_address>0x90e</run_address>
         <size>0x50</size>
         <input_file_ref idref="fl-12e"/>
      </object_component>
      <object_component id="oc-7a">
         <name>.debug_line</name>
         <load_address>0x95e</load_address>
         <run_address>0x95e</run_address>
         <size>0x2b</size>
         <input_file_ref idref="fl-12e"/>
      </object_component>
      <object_component id="oc-69">
         <name>.debug_line</name>
         <load_address>0x989</load_address>
         <run_address>0x989</run_address>
         <size>0x81</size>
         <input_file_ref idref="fl-12f"/>
      </object_component>
      <object_component id="oc-34">
         <name>.debug_line</name>
         <load_address>0xa0a</load_address>
         <run_address>0xa0a</run_address>
         <size>0x79</size>
         <input_file_ref idref="fl-12f"/>
      </object_component>
      <object_component id="oc-6d">
         <name>.debug_line</name>
         <load_address>0xa83</load_address>
         <run_address>0xa83</run_address>
         <size>0x2e</size>
         <input_file_ref idref="fl-12f"/>
      </object_component>
      <object_component id="oc-72">
         <name>.debug_line</name>
         <load_address>0xab1</load_address>
         <run_address>0xab1</run_address>
         <size>0x73</size>
         <input_file_ref idref="fl-12f"/>
      </object_component>
      <object_component id="oc-8c">
         <name>.debug_line</name>
         <load_address>0xb24</load_address>
         <run_address>0xb24</run_address>
         <size>0x80</size>
         <input_file_ref idref="fl-130"/>
      </object_component>
      <object_component id="oc-4b">
         <name>.debug_line</name>
         <load_address>0xba4</load_address>
         <run_address>0xba4</run_address>
         <size>0x68</size>
         <input_file_ref idref="fl-130"/>
      </object_component>
      <object_component id="oc-95">
         <name>.debug_line</name>
         <load_address>0xc0c</load_address>
         <run_address>0xc0c</run_address>
         <size>0x2e</size>
         <input_file_ref idref="fl-130"/>
      </object_component>
      <object_component id="oc-90">
         <name>.debug_line</name>
         <load_address>0xc3a</load_address>
         <run_address>0xc3a</run_address>
         <size>0x72</size>
         <input_file_ref idref="fl-130"/>
      </object_component>
      <object_component id="oc-62">
         <name>.debug_line</name>
         <load_address>0xcac</load_address>
         <run_address>0xcac</run_address>
         <size>0x88</size>
         <input_file_ref idref="fl-131"/>
      </object_component>
      <object_component id="oc-74">
         <name>.debug_abbrev</name>
         <load_address>0x0</load_address>
         <run_address>0x0</run_address>
         <size>0x5f</size>
         <input_file_ref idref="fl-2"/>
      </object_component>
      <object_component id="oc-23">
         <name>.debug_abbrev</name>
         <load_address>0x5f</load_address>
         <run_address>0x5f</run_address>
         <size>0x5d</size>
         <input_file_ref idref="fl-3"/>
      </object_component>
      <object_component id="oc-1a">
         <name>.debug_abbrev</name>
         <load_address>0xbc</load_address>
         <run_address>0xbc</run_address>
         <size>0x29</size>
         <input_file_ref idref="fl-3"/>
      </object_component>
      <object_component id="oc-22">
         <name>.debug_abbrev</name>
         <load_address>0xe5</load_address>
         <run_address>0xe5</run_address>
         <size>0xf8</size>
         <input_file_ref idref="fl-3"/>
      </object_component>
      <object_component id="oc-27">
         <name>.debug_abbrev</name>
         <load_address>0x1dd</load_address>
         <run_address>0x1dd</run_address>
         <size>0x1f</size>
         <input_file_ref idref="fl-3"/>
      </object_component>
      <object_component id="oc-45">
         <name>.debug_abbrev</name>
         <load_address>0x1fc</load_address>
         <run_address>0x1fc</run_address>
         <size>0x3e</size>
         <input_file_ref idref="fl-129"/>
      </object_component>
      <object_component id="oc-88">
         <name>.debug_abbrev</name>
         <load_address>0x23a</load_address>
         <run_address>0x23a</run_address>
         <size>0x6b</size>
         <input_file_ref idref="fl-12a"/>
      </object_component>
      <object_component id="oc-86">
         <name>.debug_abbrev</name>
         <load_address>0x2a5</load_address>
         <run_address>0x2a5</run_address>
         <size>0x29</size>
         <input_file_ref idref="fl-12a"/>
      </object_component>
      <object_component id="oc-5c">
         <name>.debug_abbrev</name>
         <load_address>0x2ce</load_address>
         <run_address>0x2ce</run_address>
         <size>0xba</size>
         <input_file_ref idref="fl-12a"/>
      </object_component>
      <object_component id="oc-46">
         <name>.debug_abbrev</name>
         <load_address>0x388</load_address>
         <run_address>0x388</run_address>
         <size>0x55</size>
         <input_file_ref idref="fl-12b"/>
      </object_component>
      <object_component id="oc-5f">
         <name>.debug_abbrev</name>
         <load_address>0x3dd</load_address>
         <run_address>0x3dd</run_address>
         <size>0x27</size>
         <input_file_ref idref="fl-12c"/>
      </object_component>
      <object_component id="oc-98">
         <name>.debug_abbrev</name>
         <load_address>0x404</load_address>
         <run_address>0x404</run_address>
         <size>0x45</size>
         <input_file_ref idref="fl-12d"/>
      </object_component>
      <object_component id="oc-82">
         <name>.debug_abbrev</name>
         <load_address>0x449</load_address>
         <run_address>0x449</run_address>
         <size>0x29</size>
         <input_file_ref idref="fl-12d"/>
      </object_component>
      <object_component id="oc-97">
         <name>.debug_abbrev</name>
         <load_address>0x472</load_address>
         <run_address>0x472</run_address>
         <size>0x6f</size>
         <input_file_ref idref="fl-12d"/>
      </object_component>
      <object_component id="oc-75">
         <name>.debug_abbrev</name>
         <load_address>0x4e1</load_address>
         <run_address>0x4e1</run_address>
         <size>0x8e</size>
         <input_file_ref idref="fl-12e"/>
      </object_component>
      <object_component id="oc-54">
         <name>.debug_abbrev</name>
         <load_address>0x56f</load_address>
         <run_address>0x56f</run_address>
         <size>0x68</size>
         <input_file_ref idref="fl-12e"/>
      </object_component>
      <object_component id="oc-79">
         <name>.debug_abbrev</name>
         <load_address>0x5d7</load_address>
         <run_address>0x5d7</run_address>
         <size>0x49</size>
         <input_file_ref idref="fl-12e"/>
      </object_component>
      <object_component id="oc-68">
         <name>.debug_abbrev</name>
         <load_address>0x620</load_address>
         <run_address>0x620</run_address>
         <size>0x9a</size>
         <input_file_ref idref="fl-12f"/>
      </object_component>
      <object_component id="oc-4d">
         <name>.debug_abbrev</name>
         <load_address>0x6ba</load_address>
         <run_address>0x6ba</run_address>
         <size>0x7e</size>
         <input_file_ref idref="fl-12f"/>
      </object_component>
      <object_component id="oc-6c">
         <name>.debug_abbrev</name>
         <load_address>0x738</load_address>
         <run_address>0x738</run_address>
         <size>0x24</size>
         <input_file_ref idref="fl-12f"/>
      </object_component>
      <object_component id="oc-71">
         <name>.debug_abbrev</name>
         <load_address>0x75c</load_address>
         <run_address>0x75c</run_address>
         <size>0x4b</size>
         <input_file_ref idref="fl-12f"/>
      </object_component>
      <object_component id="oc-8b">
         <name>.debug_abbrev</name>
         <load_address>0x7a7</load_address>
         <run_address>0x7a7</run_address>
         <size>0x9c</size>
         <input_file_ref idref="fl-130"/>
      </object_component>
      <object_component id="oc-66">
         <name>.debug_abbrev</name>
         <load_address>0x843</load_address>
         <run_address>0x843</run_address>
         <size>0x8c</size>
         <input_file_ref idref="fl-130"/>
      </object_component>
      <object_component id="oc-94">
         <name>.debug_abbrev</name>
         <load_address>0x8cf</load_address>
         <run_address>0x8cf</run_address>
         <size>0x24</size>
         <input_file_ref idref="fl-130"/>
      </object_component>
      <object_component id="oc-8f">
         <name>.debug_abbrev</name>
         <load_address>0x8f3</load_address>
         <run_address>0x8f3</run_address>
         <size>0x24</size>
         <input_file_ref idref="fl-130"/>
      </object_component>
      <object_component id="oc-8a">
         <name>.debug_abbrev</name>
         <load_address>0x917</load_address>
         <run_address>0x917</run_address>
         <size>0x3e</size>
         <input_file_ref idref="fl-131"/>
      </object_component>
      <object_component id="oc-be">
         <name>.debug_abbrev</name>
         <load_address>0x955</load_address>
         <run_address>0x955</run_address>
         <size>0xf</size>
      </object_component>
      <object_component id="oc-51">
         <name>.debug_aranges</name>
         <load_address>0x0</load_address>
         <run_address>0x0</run_address>
         <size>0x28</size>
         <input_file_ref idref="fl-2"/>
      </object_component>
      <object_component id="oc-16">
         <name>.debug_aranges</name>
         <load_address>0x28</load_address>
         <run_address>0x28</run_address>
         <size>0x1c8</size>
         <input_file_ref idref="fl-3"/>
      </object_component>
      <object_component id="oc-20">
         <name>.debug_aranges</name>
         <load_address>0x1f0</load_address>
         <run_address>0x1f0</run_address>
         <size>0x20</size>
         <input_file_ref idref="fl-129"/>
      </object_component>
      <object_component id="oc-3e">
         <name>.debug_aranges</name>
         <load_address>0x210</load_address>
         <run_address>0x210</run_address>
         <size>0x30</size>
         <input_file_ref idref="fl-12a"/>
      </object_component>
      <object_component id="oc-2c">
         <name>.debug_aranges</name>
         <load_address>0x240</load_address>
         <run_address>0x240</run_address>
         <size>0x20</size>
         <input_file_ref idref="fl-12b"/>
      </object_component>
      <object_component id="oc-7e">
         <name>.debug_aranges</name>
         <load_address>0x260</load_address>
         <run_address>0x260</run_address>
         <size>0x30</size>
         <input_file_ref idref="fl-12d"/>
      </object_component>
      <object_component id="oc-38">
         <name>.debug_aranges</name>
         <load_address>0x290</load_address>
         <run_address>0x290</run_address>
         <size>0x20</size>
         <input_file_ref idref="fl-12e"/>
      </object_component>
      <object_component id="oc-32">
         <name>.debug_aranges</name>
         <load_address>0x2b0</load_address>
         <run_address>0x2b0</run_address>
         <size>0x20</size>
         <input_file_ref idref="fl-12f"/>
      </object_component>
      <object_component id="oc-49">
         <name>.debug_aranges</name>
         <load_address>0x2d0</load_address>
         <run_address>0x2d0</run_address>
         <size>0x20</size>
         <input_file_ref idref="fl-130"/>
      </object_component>
      <object_component id="oc-63">
         <name>.debug_aranges</name>
         <load_address>0x2f0</load_address>
         <run_address>0x2f0</run_address>
         <size>0x20</size>
         <input_file_ref idref="fl-131"/>
      </object_component>
      <object_component id="oc-52">
         <name>.debug_pubnames</name>
         <load_address>0x0</load_address>
         <run_address>0x0</run_address>
         <size>0x29</size>
         <input_file_ref idref="fl-2"/>
      </object_component>
      <object_component id="oc-12">
         <name>.debug_pubnames</name>
         <load_address>0x29</load_address>
         <run_address>0x29</run_address>
         <size>0x27</size>
         <input_file_ref idref="fl-3"/>
      </object_component>
      <object_component id="oc-17">
         <name>.debug_pubnames</name>
         <load_address>0x50</load_address>
         <run_address>0x50</run_address>
         <size>0x474</size>
         <input_file_ref idref="fl-3"/>
      </object_component>
      <object_component id="oc-1f">
         <name>.debug_pubnames</name>
         <load_address>0x4c4</load_address>
         <run_address>0x4c4</run_address>
         <size>0x1f</size>
         <input_file_ref idref="fl-129"/>
      </object_component>
      <object_component id="oc-5b">
         <name>.debug_pubnames</name>
         <load_address>0x4e3</load_address>
         <run_address>0x4e3</run_address>
         <size>0x3a</size>
         <input_file_ref idref="fl-12a"/>
      </object_component>
      <object_component id="oc-3f">
         <name>.debug_pubnames</name>
         <load_address>0x51d</load_address>
         <run_address>0x51d</run_address>
         <size>0x35</size>
         <input_file_ref idref="fl-12a"/>
      </object_component>
      <object_component id="oc-2d">
         <name>.debug_pubnames</name>
         <load_address>0x552</load_address>
         <run_address>0x552</run_address>
         <size>0x27</size>
         <input_file_ref idref="fl-12b"/>
      </object_component>
      <object_component id="oc-44">
         <name>.debug_pubnames</name>
         <load_address>0x579</load_address>
         <run_address>0x579</run_address>
         <size>0x23</size>
         <input_file_ref idref="fl-12c"/>
      </object_component>
      <object_component id="oc-58">
         <name>.debug_pubnames</name>
         <load_address>0x59c</load_address>
         <run_address>0x59c</run_address>
         <size>0x28</size>
         <input_file_ref idref="fl-12d"/>
      </object_component>
      <object_component id="oc-7f">
         <name>.debug_pubnames</name>
         <load_address>0x5c4</load_address>
         <run_address>0x5c4</run_address>
         <size>0x43</size>
         <input_file_ref idref="fl-12d"/>
      </object_component>
      <object_component id="oc-39">
         <name>.debug_pubnames</name>
         <load_address>0x607</load_address>
         <run_address>0x607</run_address>
         <size>0x21</size>
         <input_file_ref idref="fl-12e"/>
      </object_component>
      <object_component id="oc-33">
         <name>.debug_pubnames</name>
         <load_address>0x628</load_address>
         <run_address>0x628</run_address>
         <size>0x25</size>
         <input_file_ref idref="fl-12f"/>
      </object_component>
      <object_component id="oc-4a">
         <name>.debug_pubnames</name>
         <load_address>0x64d</load_address>
         <run_address>0x64d</run_address>
         <size>0x1e</size>
         <input_file_ref idref="fl-130"/>
      </object_component>
      <object_component id="oc-65">
         <name>.debug_pubnames</name>
         <load_address>0x66b</load_address>
         <run_address>0x66b</run_address>
         <size>0x1d</size>
         <input_file_ref idref="fl-131"/>
      </object_component>
      <object_component id="oc-19">
         <name>.debug_frame</name>
         <load_address>0x0</load_address>
         <run_address>0x0</run_address>
         <size>0x404</size>
         <input_file_ref idref="fl-3"/>
      </object_component>
      <object_component id="oc-41">
         <name>.debug_frame</name>
         <load_address>0x404</load_address>
         <run_address>0x404</run_address>
         <size>0xb3</size>
         <input_file_ref idref="fl-12a"/>
      </object_component>
      <object_component id="oc-2f">
         <name>.debug_frame</name>
         <load_address>0x4b7</load_address>
         <run_address>0x4b7</run_address>
         <size>0x7f</size>
         <input_file_ref idref="fl-12b"/>
      </object_component>
      <object_component id="oc-81">
         <name>.debug_frame</name>
         <load_address>0x536</load_address>
         <run_address>0x536</run_address>
         <size>0xa1</size>
         <input_file_ref idref="fl-12d"/>
      </object_component>
      <object_component id="oc-3b">
         <name>.debug_frame</name>
         <load_address>0x5d7</load_address>
         <run_address>0x5d7</run_address>
         <size>0x7f</size>
         <input_file_ref idref="fl-12e"/>
      </object_component>
      <object_component id="oc-35">
         <name>.debug_frame</name>
         <load_address>0x656</load_address>
         <run_address>0x656</run_address>
         <size>0x8a</size>
         <input_file_ref idref="fl-12f"/>
      </object_component>
      <object_component id="oc-4c">
         <name>.debug_frame</name>
         <load_address>0x6e0</load_address>
         <run_address>0x6e0</run_address>
         <size>0x8e</size>
         <input_file_ref idref="fl-130"/>
      </object_component>
      <object_component id="oc-29">
         <name>.debug_str</name>
         <load_address>0x0</load_address>
         <run_address>0x0</run_address>
         <size>0xf5</size>
         <input_file_ref idref="fl-3"/>
      </object_component>
      <object_component id="oc-7b">
         <name>.debug_str</name>
         <load_address>0xf5</load_address>
         <run_address>0xf5</run_address>
         <size>0xb9</size>
         <input_file_ref idref="fl-12e"/>
      </object_component>
      <object_component id="oc-6e">
         <name>.debug_str</name>
         <load_address>0x1ae</load_address>
         <run_address>0x1ae</run_address>
         <size>0xc5</size>
         <input_file_ref idref="fl-12f"/>
      </object_component>
      <object_component id="oc-73">
         <name>.debug_str</name>
         <load_address>0x273</load_address>
         <run_address>0x273</run_address>
         <size>0x14f</size>
         <input_file_ref idref="fl-12f"/>
      </object_component>
      <object_component id="oc-96">
         <name>.debug_str</name>
         <load_address>0x3c2</load_address>
         <run_address>0x3c2</run_address>
         <size>0xba</size>
         <input_file_ref idref="fl-130"/>
      </object_component>
      <object_component id="oc-91">
         <name>.debug_str</name>
         <load_address>0x47c</load_address>
         <run_address>0x47c</run_address>
         <size>0xf8</size>
         <input_file_ref idref="fl-130"/>
      </object_component>
      <object_component id="oc-26">
         <name>.debug_pubtypes</name>
         <load_address>0x0</load_address>
         <run_address>0x0</run_address>
         <size>0xed</size>
         <input_file_ref idref="fl-3"/>
      </object_component>
      <object_component id="oc-5e">
         <name>.debug_pubtypes</name>
         <load_address>0xed</load_address>
         <run_address>0xed</run_address>
         <size>0x1f</size>
         <input_file_ref idref="fl-12a"/>
      </object_component>
      <object_component id="oc-85">
         <name>.debug_pubtypes</name>
         <load_address>0x10c</load_address>
         <run_address>0x10c</run_address>
         <size>0x1f</size>
         <input_file_ref idref="fl-12d"/>
      </object_component>
      <object_component id="oc-78">
         <name>.debug_pubtypes</name>
         <load_address>0x12b</load_address>
         <run_address>0x12b</run_address>
         <size>0x1b</size>
         <input_file_ref idref="fl-12e"/>
      </object_component>
      <object_component id="oc-6b">
         <name>.debug_pubtypes</name>
         <load_address>0x146</load_address>
         <run_address>0x146</run_address>
         <size>0x32</size>
         <input_file_ref idref="fl-12f"/>
      </object_component>
      <object_component id="oc-70">
         <name>.debug_pubtypes</name>
         <load_address>0x178</load_address>
         <run_address>0x178</run_address>
         <size>0x50</size>
         <input_file_ref idref="fl-12f"/>
      </object_component>
      <object_component id="oc-93">
         <name>.debug_pubtypes</name>
         <load_address>0x1c8</load_address>
         <run_address>0x1c8</run_address>
         <size>0x23</size>
         <input_file_ref idref="fl-130"/>
      </object_component>
      <object_component id="oc-8e">
         <name>.debug_pubtypes</name>
         <load_address>0x1eb</load_address>
         <run_address>0x1eb</run_address>
         <size>0x1d</size>
         <input_file_ref idref="fl-130"/>
      </object_component>
   </object_component_list>
   <logical_group_list>
      <logical_group id="lg-4" display="no" color="cyan">
         <name>.intvecs</name>
         <load_address>0x0</load_address>
         <run_address>0x0</run_address>
         <size>0x144</size>
         <contents>
            <object_component_ref idref="oc-10"/>
         </contents>
      </logical_group>
      <logical_group id="lg-5" display="no" color="cyan">
         <name>.text</name>
         <load_address>0x144</load_address>
         <run_address>0x144</run_address>
         <size>0x32c</size>
         <contents>
            <object_component_ref idref="oc-61"/>
            <object_component_ref idref="oc-14"/>
            <object_component_ref idref="oc-4f"/>
            <object_component_ref idref="oc-30"/>
            <object_component_ref idref="oc-1d"/>
            <object_component_ref idref="oc-47"/>
            <object_component_ref idref="oc-3c"/>
            <object_component_ref idref="oc-36"/>
            <object_component_ref idref="oc-7c"/>
            <object_component_ref idref="oc-2a"/>
         </contents>
      </logical_group>
      <logical_group id="lg-6" display="no" color="cyan">
         <name>.const</name>
         <run_address>0x0</run_address>
         <size>0x0</size>
         <contents>
         </contents>
      </logical_group>
      <logical_group id="lg-7" display="no" color="cyan">
         <name>.cinit</name>
         <run_address>0x0</run_address>
         <size>0x0</size>
         <contents>
         </contents>
      </logical_group>
      <logical_group id="lg-8" display="no" color="cyan">
         <name>.pinit</name>
         <run_address>0x0</run_address>
         <size>0x0</size>
         <contents>
         </contents>
      </logical_group>
      <logical_group id="lg-9" display="no" color="cyan">
         <name>.flashMailbox</name>
         <run_address>0x0</run_address>
         <size>0x0</size>
         <contents>
         </contents>
      </logical_group>
      <logical_group id="lg-a" display="no" color="cyan">
         <name>.vtable</name>
         <run_address>0x0</run_address>
         <size>0x0</size>
         <contents>
         </contents>
      </logical_group>
      <logical_group id="lg-d" display="no" color="cyan">
         <name>.sysmem</name>
         <run_address>0x0</run_address>
         <size>0x0</size>
         <contents>
         </contents>
      </logical_group>
      <logical_group id="lg-e" display="no" color="cyan">
         <name>.stack</name>
         <run_address>0x20010000</run_address>
         <size>0x0</size>
         <contents>
            <object_component_ref idref="oc-13"/>
            <object_component_ref idref="oc-bc"/>
         </contents>
      </logical_group>
      <logical_group id="lg-9b" display="no" color="cyan">
         <name>.TI.noinit</name>
         <run_address>0x0</run_address>
         <size>0x0</size>
         <contents>
         </contents>
      </logical_group>
      <logical_group id="lg-c" display="no" color="cyan">
         <name>.bss</name>
         <run_address>0x0</run_address>
         <size>0x0</size>
         <contents>
         </contents>
      </logical_group>
      <logical_group id="lg-9a" display="no" color="cyan">
         <name>BSS_GROUP</name>
         <run_address>0x0</run_address>
         <size>0x0</size>
         <contents>
            <logical_group_ref idref="lg-9b"/>
            <logical_group_ref idref="lg-c"/>
         </contents>
      </logical_group>
      <logical_group id="lg-9d" display="no" color="cyan">
         <name>.TI.persistent</name>
         <run_address>0x20000000</run_address>
         <size>0x0</size>
         <contents>
         </contents>
      </logical_group>
      <logical_group id="lg-b" display="no" color="cyan">
         <name>.data</name>
         <load_address>0x20000000</load_address>
         <run_address>0x20000000</run_address>
         <size>0x14</size>
         <contents>
            <object_component_ref idref="oc-56"/>
            <object_component_ref idref="oc-59"/>
            <object_component_ref idref="oc-42"/>
         </contents>
      </logical_group>
      <logical_group id="lg-9c" display="no" color="cyan">
         <name>DATA_GROUP</name>
         <load_address>0x20000000</load_address>
         <run_address>0x20000000</run_address>
         <size>0x14</size>
         <contents>
            <logical_group_ref idref="lg-9d"/>
            <logical_group_ref idref="lg-b"/>
         </contents>
      </logical_group>
      <logical_group id="lg-ab" display="never" color="cyan">
         <name>.debug_info</name>
         <load_address>0x0</load_address>
         <run_address>0x0</run_address>
         <size>0x32fc</size>
         <contents>
            <object_component_ref idref="oc-50"/>
            <object_component_ref idref="oc-1c"/>
            <object_component_ref idref="oc-11"/>
            <object_component_ref idref="oc-15"/>
            <object_component_ref idref="oc-25"/>
            <object_component_ref idref="oc-1e"/>
            <object_component_ref idref="oc-5d"/>
            <object_component_ref idref="oc-5a"/>
            <object_component_ref idref="oc-3d"/>
            <object_component_ref idref="oc-2b"/>
            <object_component_ref idref="oc-43"/>
            <object_component_ref idref="oc-84"/>
            <object_component_ref idref="oc-57"/>
            <object_component_ref idref="oc-7d"/>
            <object_component_ref idref="oc-55"/>
            <object_component_ref idref="oc-37"/>
            <object_component_ref idref="oc-77"/>
            <object_component_ref idref="oc-4e"/>
            <object_component_ref idref="oc-31"/>
            <object_component_ref idref="oc-6a"/>
            <object_component_ref idref="oc-6f"/>
            <object_component_ref idref="oc-67"/>
            <object_component_ref idref="oc-48"/>
            <object_component_ref idref="oc-92"/>
            <object_component_ref idref="oc-8d"/>
            <object_component_ref idref="oc-64"/>
            <object_component_ref idref="oc-bd"/>
         </contents>
      </logical_group>
      <logical_group id="lg-ad" display="never" color="cyan">
         <name>.debug_line</name>
         <load_address>0x0</load_address>
         <run_address>0x0</run_address>
         <size>0xd34</size>
         <contents>
            <object_component_ref idref="oc-53"/>
            <object_component_ref idref="oc-24"/>
            <object_component_ref idref="oc-1b"/>
            <object_component_ref idref="oc-18"/>
            <object_component_ref idref="oc-28"/>
            <object_component_ref idref="oc-21"/>
            <object_component_ref idref="oc-89"/>
            <object_component_ref idref="oc-87"/>
            <object_component_ref idref="oc-40"/>
            <object_component_ref idref="oc-2e"/>
            <object_component_ref idref="oc-60"/>
            <object_component_ref idref="oc-99"/>
            <object_component_ref idref="oc-83"/>
            <object_component_ref idref="oc-80"/>
            <object_component_ref idref="oc-76"/>
            <object_component_ref idref="oc-3a"/>
            <object_component_ref idref="oc-7a"/>
            <object_component_ref idref="oc-69"/>
            <object_component_ref idref="oc-34"/>
            <object_component_ref idref="oc-6d"/>
            <object_component_ref idref="oc-72"/>
            <object_component_ref idref="oc-8c"/>
            <object_component_ref idref="oc-4b"/>
            <object_component_ref idref="oc-95"/>
            <object_component_ref idref="oc-90"/>
            <object_component_ref idref="oc-62"/>
         </contents>
      </logical_group>
      <logical_group id="lg-af" display="never" color="cyan">
         <name>.debug_abbrev</name>
         <load_address>0x0</load_address>
         <run_address>0x0</run_address>
         <size>0x964</size>
         <contents>
            <object_component_ref idref="oc-74"/>
            <object_component_ref idref="oc-23"/>
            <object_component_ref idref="oc-1a"/>
            <object_component_ref idref="oc-22"/>
            <object_component_ref idref="oc-27"/>
            <object_component_ref idref="oc-45"/>
            <object_component_ref idref="oc-88"/>
            <object_component_ref idref="oc-86"/>
            <object_component_ref idref="oc-5c"/>
            <object_component_ref idref="oc-46"/>
            <object_component_ref idref="oc-5f"/>
            <object_component_ref idref="oc-98"/>
            <object_component_ref idref="oc-82"/>
            <object_component_ref idref="oc-97"/>
            <object_component_ref idref="oc-75"/>
            <object_component_ref idref="oc-54"/>
            <object_component_ref idref="oc-79"/>
            <object_component_ref idref="oc-68"/>
            <object_component_ref idref="oc-4d"/>
            <object_component_ref idref="oc-6c"/>
            <object_component_ref idref="oc-71"/>
            <object_component_ref idref="oc-8b"/>
            <object_component_ref idref="oc-66"/>
            <object_component_ref idref="oc-94"/>
            <object_component_ref idref="oc-8f"/>
            <object_component_ref idref="oc-8a"/>
            <object_component_ref idref="oc-be"/>
         </contents>
      </logical_group>
      <logical_group id="lg-b1" display="never" color="cyan">
         <name>.debug_aranges</name>
         <load_address>0x0</load_address>
         <run_address>0x0</run_address>
         <size>0x310</size>
         <contents>
            <object_component_ref idref="oc-51"/>
            <object_component_ref idref="oc-16"/>
            <object_component_ref idref="oc-20"/>
            <object_component_ref idref="oc-3e"/>
            <object_component_ref idref="oc-2c"/>
            <object_component_ref idref="oc-7e"/>
            <object_component_ref idref="oc-38"/>
            <object_component_ref idref="oc-32"/>
            <object_component_ref idref="oc-49"/>
            <object_component_ref idref="oc-63"/>
         </contents>
      </logical_group>
      <logical_group id="lg-b3" display="never" color="cyan">
         <name>.debug_pubnames</name>
         <load_address>0x0</load_address>
         <run_address>0x0</run_address>
         <size>0x688</size>
         <contents>
            <object_component_ref idref="oc-52"/>
            <object_component_ref idref="oc-12"/>
            <object_component_ref idref="oc-17"/>
            <object_component_ref idref="oc-1f"/>
            <object_component_ref idref="oc-5b"/>
            <object_component_ref idref="oc-3f"/>
            <object_component_ref idref="oc-2d"/>
            <object_component_ref idref="oc-44"/>
            <object_component_ref idref="oc-58"/>
            <object_component_ref idref="oc-7f"/>
            <object_component_ref idref="oc-39"/>
            <object_component_ref idref="oc-33"/>
            <object_component_ref idref="oc-4a"/>
            <object_component_ref idref="oc-65"/>
         </contents>
      </logical_group>
      <logical_group id="lg-b5" display="never" color="cyan">
         <name>.debug_frame</name>
         <load_address>0x0</load_address>
         <run_address>0x0</run_address>
         <size>0x76e</size>
         <contents>
            <object_component_ref idref="oc-19"/>
            <object_component_ref idref="oc-41"/>
            <object_component_ref idref="oc-2f"/>
            <object_component_ref idref="oc-81"/>
            <object_component_ref idref="oc-3b"/>
            <object_component_ref idref="oc-35"/>
            <object_component_ref idref="oc-4c"/>
         </contents>
      </logical_group>
      <logical_group id="lg-b7" display="never" color="cyan">
         <name>.debug_str</name>
         <load_address>0x0</load_address>
         <run_address>0x0</run_address>
         <size>0x574</size>
         <contents>
            <object_component_ref idref="oc-29"/>
            <object_component_ref idref="oc-7b"/>
            <object_component_ref idref="oc-6e"/>
            <object_component_ref idref="oc-73"/>
            <object_component_ref idref="oc-96"/>
            <object_component_ref idref="oc-91"/>
         </contents>
      </logical_group>
      <logical_group id="lg-b9" display="never" color="cyan">
         <name>.debug_pubtypes</name>
         <load_address>0x0</load_address>
         <run_address>0x0</run_address>
         <size>0x208</size>
         <contents>
            <object_component_ref idref="oc-26"/>
            <object_component_ref idref="oc-5e"/>
            <object_component_ref idref="oc-85"/>
            <object_component_ref idref="oc-78"/>
            <object_component_ref idref="oc-6b"/>
            <object_component_ref idref="oc-70"/>
            <object_component_ref idref="oc-93"/>
            <object_component_ref idref="oc-8e"/>
         </contents>
      </logical_group>
      <load_segment id="lg-c0" display="no" color="cyan">
         <name>SEGMENT_0</name>
         <load_address>0x0</load_address>
         <run_address>0x0</run_address>
         <size>0x470</size>
         <flags>0x5</flags>
         <contents>
            <logical_group_ref idref="lg-4"/>
            <logical_group_ref idref="lg-5"/>
         </contents>
      </load_segment>
      <load_segment id="lg-c1" display="no" color="cyan">
         <name>SEGMENT_1</name>
         <load_address>0x20000000</load_address>
         <run_address>0x20000000</run_address>
         <size>0x14</size>
         <flags>0x6</flags>
         <contents>
            <logical_group_ref idref="lg-b"/>
         </contents>
      </load_segment>
   </logical_group_list>
   <placement_map>
      <memory_area display="yes" color="green">
         <name>MAIN</name>
         <page_id>0x0</page_id>
         <origin>0x0</origin>
         <length>0x40000</length>
         <used_space>0x470</used_space>
         <unused_space>0x3fb90</unused_space>
         <attributes>RX</attributes>
         <usage_details>
            <allocated_space>
               <start_address>0x0</start_address>
               <size>0x144</size>
               <logical_group_ref idref="lg-4"/>
            </allocated_space>
            <allocated_space>
               <start_address>0x144</start_address>
               <size>0x32c</size>
               <logical_group_ref idref="lg-5"/>
            </allocated_space>
            <available_space>
               <start_address>0x470</start_address>
               <size>0x3fb90</size>
            </available_space>
         </usage_details>
      </memory_area>
      <memory_area display="yes" color="green">
         <name>INFO</name>
         <page_id>0x0</page_id>
         <origin>0x200000</origin>
         <length>0x4000</length>
         <used_space>0x0</used_space>
         <unused_space>0x4000</unused_space>
         <attributes>RX</attributes>
         <usage_details>
         </usage_details>
      </memory_area>
      <memory_area display="yes" color="green">
         <name>SRAM_CODE</name>
         <page_id>0x0</page_id>
         <origin>0x1000000</origin>
         <length>0x10000</length>
         <used_space>0x0</used_space>
         <unused_space>0x10000</unused_space>
         <attributes>RWX</attributes>
         <usage_details>
         </usage_details>
      </memory_area>
      <memory_area display="yes" color="green">
         <name>SRAM_DATA</name>
         <page_id>0x0</page_id>
         <origin>0x20000000</origin>
         <length>0x10000</length>
         <used_space>0x14</used_space>
         <unused_space>0xffec</unused_space>
         <attributes>RW</attributes>
         <usage_details>
            <allocated_space>
               <start_address>0x20000000</start_address>
               <size>0x14</size>
               <logical_group_ref idref="lg-9c"/>
            </allocated_space>
            <available_space>
               <start_address>0x20000014</start_address>
               <size>0xffec</size>
            </available_space>
            <allocated_space>
               <start_address>0x20010000</start_address>
               <size>0x0</size>
               <logical_group_ref idref="lg-e"/>
            </allocated_space>
         </usage_details>
      </memory_area>
   </placement_map>
   <symbol_table>
      <symbol id="sm-1">
         <name>WDTCTL_SYM</name>
         <value>0x4000480c</value>
      </symbol>
      <symbol id="sm-2">
         <name>binit</name>
         <value>0xffffffff</value>
      </symbol>
      <symbol id="sm-3">
         <name>__binit__</name>
         <value>0xffffffff</value>
      </symbol>
      <symbol id="sm-4">
         <name>__STACK_SIZE</name>
         <value>0x0</value>
      </symbol>
      <symbol id="sm-5">
         <name>__STACK_END</name>
         <value>0x20010000</value>
      </symbol>
      <symbol id="sm-6">
         <name>__c_args__</name>
         <value>0xffffffff</value>
      </symbol>
      <symbol id="sm-7">
         <name>__TI_static_base__</name>
         <value>0x0</value>
      </symbol>
      <symbol id="sm-2e">
         <name>main</name>
         <value>0x2bb</value>
         <object_component_ref idref="oc-4f"/>
      </symbol>
      <symbol id="sm-b3">
         <name>T32_INT2_IRQHandler</name>
         <value>0x239</value>
         <object_component_ref idref="oc-14"/>
      </symbol>
      <symbol id="sm-b4">
         <name>PendSV_Handler</name>
         <value>0x201</value>
         <object_component_ref idref="oc-14"/>
      </symbol>
      <symbol id="sm-b5">
         <name>SysTick_Handler</name>
         <value>0x203</value>
         <object_component_ref idref="oc-14"/>
      </symbol>
      <symbol id="sm-b6">
         <name>EUSCIA3_IRQHandler</name>
         <value>0x22b</value>
         <object_component_ref idref="oc-14"/>
      </symbol>
      <symbol id="sm-b7">
         <name>SVC_Handler</name>
         <value>0x1fd</value>
         <object_component_ref idref="oc-14"/>
      </symbol>
      <symbol id="sm-b8">
         <name>EUSCIB1_IRQHandler</name>
         <value>0x22f</value>
         <object_component_ref idref="oc-14"/>
      </symbol>
      <symbol id="sm-b9">
         <name>PORT4_IRQHandler</name>
         <value>0x251</value>
         <object_component_ref idref="oc-14"/>
      </symbol>
      <symbol id="sm-ba">
         <name>AES256_IRQHandler</name>
         <value>0x23d</value>
         <object_component_ref idref="oc-14"/>
      </symbol>
      <symbol id="sm-bb">
         <name>FPU_IRQHandler</name>
         <value>0x20d</value>
         <object_component_ref idref="oc-14"/>
      </symbol>
      <symbol id="sm-bc">
         <name>EUSCIB2_IRQHandler</name>
         <value>0x231</value>
         <object_component_ref idref="oc-14"/>
      </symbol>
      <symbol id="sm-bd">
         <name>PORT1_IRQHandler</name>
         <value>0x24b</value>
         <object_component_ref idref="oc-14"/>
      </symbol>
      <symbol id="sm-be">
         <name>RTC_C_IRQHandler</name>
         <value>0x23f</value>
         <object_component_ref idref="oc-14"/>
      </symbol>
      <symbol id="sm-bf">
         <name>TA2_0_IRQHandler</name>
         <value>0x21d</value>
         <object_component_ref idref="oc-14"/>
      </symbol>
      <symbol id="sm-c0">
         <name>TA3_N_IRQHandler</name>
         <value>0x223</value>
         <object_component_ref idref="oc-14"/>
      </symbol>
      <symbol id="sm-c1">
         <name>DMA_INT3_IRQHandler</name>
         <value>0x243</value>
         <object_component_ref idref="oc-14"/>
      </symbol>
      <symbol id="sm-c2">
         <name>PORT2_IRQHandler</name>
         <value>0x24d</value>
         <object_component_ref idref="oc-14"/>
      </symbol>
      <symbol id="sm-c3">
         <name>StartCritical</name>
         <value>0x263</value>
         <object_component_ref idref="oc-14"/>
      </symbol>
      <symbol id="sm-c4">
         <name>TA0_0_IRQHandler</name>
         <value>0x215</value>
         <object_component_ref idref="oc-14"/>
      </symbol>
      <symbol id="sm-c5">
         <name>PSS_IRQHandler</name>
         <value>0x205</value>
         <object_component_ref idref="oc-14"/>
      </symbol>
      <symbol id="sm-c6">
         <name>TA1_N_IRQHandler</name>
         <value>0x21b</value>
         <object_component_ref idref="oc-14"/>
      </symbol>
      <symbol id="sm-c7">
         <name>EUSCIA1_IRQHandler</name>
         <value>0x227</value>
         <object_component_ref idref="oc-14"/>
      </symbol>
      <symbol id="sm-c8">
         <name>EUSCIA2_IRQHandler</name>
         <value>0x229</value>
         <object_component_ref idref="oc-14"/>
      </symbol>
      <symbol id="sm-c9">
         <name>COMP_E0_IRQHandler</name>
         <value>0x211</value>
         <object_component_ref idref="oc-14"/>
      </symbol>
      <symbol id="sm-ca">
         <name>WDT_A_IRQHandler</name>
         <value>0x20b</value>
         <object_component_ref idref="oc-14"/>
      </symbol>
      <symbol id="sm-cb">
         <name>EUSCIB0_IRQHandler</name>
         <value>0x22d</value>
         <object_component_ref idref="oc-14"/>
      </symbol>
      <symbol id="sm-cc">
         <name>FLCTL_IRQHandler</name>
         <value>0x20f</value>
         <object_component_ref idref="oc-14"/>
      </symbol>
      <symbol id="sm-cd">
         <name>EndCritical</name>
         <value>0x26d</value>
         <object_component_ref idref="oc-14"/>
      </symbol>
      <symbol id="sm-ce">
         <name>DMA_INT1_IRQHandler</name>
         <value>0x247</value>
         <object_component_ref idref="oc-14"/>
      </symbol>
      <symbol id="sm-cf">
         <name>PCM_IRQHandler</name>
         <value>0x209</value>
         <object_component_ref idref="oc-14"/>
      </symbol>
      <symbol id="sm-d0">
         <name>ADC14_IRQHandler</name>
         <value>0x235</value>
         <object_component_ref idref="oc-14"/>
      </symbol>
      <symbol id="sm-d1">
         <name>T32_INTC_IRQHandler</name>
         <value>0x23b</value>
         <object_component_ref idref="oc-14"/>
      </symbol>
      <symbol id="sm-d2">
         <name>DMA_INT2_IRQHandler</name>
         <value>0x245</value>
         <object_component_ref idref="oc-14"/>
      </symbol>
      <symbol id="sm-d3">
         <name>TA3_0_IRQHandler</name>
         <value>0x221</value>
         <object_component_ref idref="oc-14"/>
      </symbol>
      <symbol id="sm-d4">
         <name>EUSCIA0_IRQHandler</name>
         <value>0x225</value>
         <object_component_ref idref="oc-14"/>
      </symbol>
      <symbol id="sm-d5">
         <name>DMA_ERR_IRQHandler</name>
         <value>0x241</value>
         <object_component_ref idref="oc-14"/>
      </symbol>
      <symbol id="sm-d6">
         <name>DisableInterrupts</name>
         <value>0x257</value>
         <object_component_ref idref="oc-14"/>
      </symbol>
      <symbol id="sm-d7">
         <name>PORT5_IRQHandler</name>
         <value>0x253</value>
         <object_component_ref idref="oc-14"/>
      </symbol>
      <symbol id="sm-d8">
         <name>TA1_0_IRQHandler</name>
         <value>0x219</value>
         <object_component_ref idref="oc-14"/>
      </symbol>
      <symbol id="sm-d9">
         <name>TA2_N_IRQHandler</name>
         <value>0x21f</value>
         <object_component_ref idref="oc-14"/>
      </symbol>
      <symbol id="sm-da">
         <name>COMP_E1_IRQHandler</name>
         <value>0x213</value>
         <object_component_ref idref="oc-14"/>
      </symbol>
      <symbol id="sm-db">
         <name>EUSCIB3_IRQHandler</name>
         <value>0x233</value>
         <object_component_ref idref="oc-14"/>
      </symbol>
      <symbol id="sm-dc">
         <name>WaitForInterrupt</name>
         <value>0x275</value>
         <object_component_ref idref="oc-14"/>
      </symbol>
      <symbol id="sm-dd">
         <name>interruptVectors</name>
         <value>0x0</value>
         <object_component_ref idref="oc-10"/>
      </symbol>
      <symbol id="sm-de">
         <name>EnableInterrupts</name>
         <value>0x25d</value>
         <object_component_ref idref="oc-14"/>
      </symbol>
      <symbol id="sm-df">
         <name>PORT6_IRQHandler</name>
         <value>0x255</value>
         <object_component_ref idref="oc-14"/>
      </symbol>
      <symbol id="sm-e0">
         <name>TA0_N_IRQHandler</name>
         <value>0x217</value>
         <object_component_ref idref="oc-14"/>
      </symbol>
      <symbol id="sm-e1">
         <name>T32_INT1_IRQHandler</name>
         <value>0x237</value>
         <object_component_ref idref="oc-14"/>
      </symbol>
      <symbol id="sm-e2">
         <name>DebugMon_Handler</name>
         <value>0x1ff</value>
         <object_component_ref idref="oc-14"/>
      </symbol>
      <symbol id="sm-e3">
         <name>DMA_INT0_IRQHandler</name>
         <value>0x249</value>
         <object_component_ref idref="oc-14"/>
      </symbol>
      <symbol id="sm-e4">
         <name>PORT3_IRQHandler</name>
         <value>0x24f</value>
         <object_component_ref idref="oc-14"/>
      </symbol>
      <symbol id="sm-e5">
         <name>CS_IRQHandler</name>
         <value>0x207</value>
         <object_component_ref idref="oc-14"/>
      </symbol>
      <symbol id="sm-f8">
         <name>_c_int00</name>
         <value>0x361</value>
         <object_component_ref idref="oc-1d"/>
      </symbol>
      <symbol id="sm-f9">
         <name>__stack</name>
         <value>0x20010000</value>
         <object_component_ref idref="oc-13"/>
      </symbol>
      <symbol id="sm-118">
         <name>C$$EXIT</name>
         <value>0x3fd</value>
         <object_component_ref idref="oc-3c"/>
      </symbol>
      <symbol id="sm-119">
         <name>abort</name>
         <value>0x401</value>
         <object_component_ref idref="oc-3c"/>
      </symbol>
      <symbol id="sm-11a">
         <name>exit</name>
         <value>0x409</value>
         <object_component_ref idref="oc-3c"/>
      </symbol>
      <symbol id="sm-11b">
         <name>__TI_dtors_ptr</name>
         <value>0x2000000c</value>
         <object_component_ref idref="oc-59"/>
      </symbol>
      <symbol id="sm-11c">
         <name>__TI_cleanup_ptr</name>
         <value>0x20000008</value>
         <object_component_ref idref="oc-59"/>
      </symbol>
      <symbol id="sm-126">
         <name>_system_pre_init</name>
         <value>0x46d</value>
         <object_component_ref idref="oc-2a"/>
      </symbol>
      <symbol id="sm-12e">
         <name>main_func_sp</name>
         <value>0x20000010</value>
         <object_component_ref idref="oc-42"/>
      </symbol>
      <symbol id="sm-147">
         <name>_nop</name>
         <value>0x467</value>
         <object_component_ref idref="oc-7c"/>
      </symbol>
      <symbol id="sm-148">
         <name>_lock</name>
         <value>0x20000000</value>
         <object_component_ref idref="oc-56"/>
      </symbol>
      <symbol id="sm-149">
         <name>_unlock</name>
         <value>0x20000004</value>
         <object_component_ref idref="oc-56"/>
      </symbol>
      <symbol id="sm-14a">
         <name>_register_lock</name>
         <value>0x45f</value>
         <object_component_ref idref="oc-7c"/>
      </symbol>
      <symbol id="sm-14b">
         <name>_register_unlock</name>
         <value>0x459</value>
         <object_component_ref idref="oc-7c"/>
      </symbol>
      <symbol id="sm-160">
         <name>_args_main</name>
         <value>0x441</value>
         <object_component_ref idref="oc-36"/>
      </symbol>
      <symbol id="sm-186">
         <name>__TI_auto_init</name>
         <value>0x2f5</value>
         <object_component_ref idref="oc-30"/>
      </symbol>
      <symbol id="sm-1a5">
         <name>copy_in</name>
         <value>0x3b1</value>
         <object_component_ref idref="oc-47"/>
      </symbol>
      <symbol id="sm-1c0">
         <name>memcpy</name>
         <value>0x145</value>
         <object_component_ref idref="oc-61"/>
      </symbol>
      <symbol id="sm-1c1">
         <name>__aeabi_memcpy</name>
         <value>0x145</value>
         <object_component_ref idref="oc-61"/>
      </symbol>
      <symbol id="sm-1c2">
         <name>__aeabi_memcpy8</name>
         <value>0x145</value>
         <object_component_ref idref="oc-61"/>
      </symbol>
      <symbol id="sm-1c3">
         <name>__aeabi_memcpy4</name>
         <value>0x145</value>
         <object_component_ref idref="oc-61"/>
      </symbol>
      <symbol id="sm-1c4">
         <name>__TI_Handler_Table_Base</name>
         <value>0x0</value>
      </symbol>
      <symbol id="sm-1c5">
         <name>__TI_Handler_Table_Limit</name>
         <value>0x0</value>
      </symbol>
      <symbol id="sm-1c6">
         <name>__TI_CINIT_Limit</name>
         <value>0x0</value>
      </symbol>
      <symbol id="sm-1c7">
         <name>__TI_CINIT_Base</name>
         <value>0x0</value>
      </symbol>
      <symbol id="sm-1c8">
         <name>SHT$$INIT_ARRAY$$Limit</name>
         <value>0x0</value>
      </symbol>
      <symbol id="sm-1c9">
         <name>SHT$$INIT_ARRAY$$Base</name>
         <value>0x0</value>
      </symbol>
   </symbol_table>
   <title>Link successful</title>
</link_info>
